BA,1,90,2,600,0.171878,4
BAN,1,90,2,600,0.217443,4
BAUD,1,90,2,600,0.098369,3
KCA,1,90,2,600,0.061683,2
KCF,1,90,2,600,0.064266,2
KCRDK,1,90,2,600,0.110956,3
KCRDKL,1,90,2,600,0.07371,3
KCU,1,90,2,600,0.062427,3
KCUD,1,90,2,600,0.046148,2
KCOG,1,90,2,600,0.059718,3
KCOGL,1,90,2,600,0.064342,3
BA,21,90,2,600,13.3339,24
BAN,21,90,2,600,13.0951,22
BAUD,21,90,2,600,23.5551,22
KCA,21,90,2,600,0.170446,1
KCF,21,90,2,600,0.164864,1
KCRDK,21,90,2,600,0.072351,1
KCRDKL,21,90,2,600,0.089991,1
KCU,21,90,2,600,0.066986,1
KCUD,21,90,2,600,0.072616,1
KCOG,21,90,2,600,0.085101,1
KCOGL,21,90,2,600,0.100117,1
BA,41,90,2,600,14.4084,22
BAN,41,90,2,600,14.0582,22
BAUD,41,90,2,600,28.4305,22
KCA,41,90,2,600,0.306717,1
KCF,41,90,2,600,0.303357,1
KCRDK,41,90,2,600,0.102904,1
KCRDKL,41,90,2,600,0.096251,1
KCU,41,90,2,600,0.092754,1
KCUD,41,90,2,600,0.152275,1
KCOG,41,90,2,600,0.091955,1
KCOGL,41,90,2,600,0.092994,1
BA,61,90,2,600,13.7788,22
BAN,61,90,2,600,17.4653,23
BAUD,61,90,2,600,29.5505,22
KCA,61,90,2,600,0.626138,1
KCF,61,90,2,600,0.611404,1
KCRDK,61,90,2,600,0.16543,1
KCRDKL,61,90,2,600,0.167002,1
KCU,61,90,2,600,0.157306,1
KCUD,61,90,2,600,0.167465,1
KCOG,61,90,2,600,0.162415,1
KCOGL,61,90,2,600,0.160825,1
BA,81,90,2,600,16.8518,22
BAN,81,90,2,600,18.0931,22
BAUD,81,90,2,600,33.7922,23
KCA,81,90,2,600,0.909081,1
KCF,81,90,2,600,0.916007,1
KCRDK,81,90,2,600,0.259995,1
KCRDKL,81,90,2,600,0.256972,1
KCU,81,90,2,600,0.250887,1
KCUD,81,90,2,600,0.256957,1
KCOG,81,90,2,600,0.258555,1
KCOGL,81,90,2,600,0.25706,1
BA,101,90,2,600,14.8954,22
BAN,101,90,2,600,16.8942,23
BAUD,101,90,2,600,29.9244,21
KCA,101,90,2,600,0.967932,1
KCF,101,90,2,600,0.961068,1
KCRDK,101,90,2,600,0.390384,1
KCRDKL,101,90,2,600,0.385925,1
KCU,101,90,2,600,0.375971,1
KCUD,101,90,2,600,0.384068,1
KCOG,101,90,2,600,0.391064,1
KCOGL,101,90,2,600,0.384273,1
BA,1,90,2,600,0.106074,4
BAN,1,90,2,600,0.117306,4
BAUD,1,90,2,600,0.094997,3
KCA,1,90,2,600,0.032891,1
KCF,1,90,2,600,0.027909,1
KCRDK,1,90,2,600,0.051066,2
KCRDKL,1,90,2,600,0.055018,2
KCU,1,90,2,600,0.057133,3
KCUD,1,90,2,600,0.044779,2
KCOG,1,90,2,600,0.049675,2
KCOGL,1,90,2,600,0.040358,2
BA,21,90,2,600,0.822498,11
BAN,21,90,2,600,0.927904,11
BAUD,21,90,2,600,1.01275,9
KCA,21,90,2,600,0.161533,1
KCF,21,90,2,600,0.162622,1
KCRDK,21,90,2,600,0.045453,1
KCRDKL,21,90,2,600,0.056226,1
KCU,21,90,2,600,0.04366,1
KCUD,21,90,2,600,0.051237,1
KCOG,21,90,2,600,0.045244,1
KCOGL,21,90,2,600,0.046986,1
BA,41,90,2,600,1.03615,11
BAN,41,90,2,600,1.08256,11
BAUD,41,90,2,600,1.07565,9
KCA,41,90,2,600,0.449141,1
KCF,41,90,2,600,0.416359,1
KCRDK,41,90,2,600,0.095255,1
KCRDKL,41,90,2,600,0.089941,1
KCU,41,90,2,600,0.085993,1
KCUD,41,90,2,600,0.091657,1
KCOG,41,90,2,600,0.088709,1
KCOGL,41,90,2,600,0.088366,1
BA,61,90,2,600,1.29577,12
BAN,61,90,2,600,1.28516,12
BAUD,61,90,2,600,1.25901,9
KCA,61,90,2,600,1.38501,1
KCF,61,90,2,600,1.22159,1
KCRDK,61,90,2,600,0.165478,1
KCRDKL,61,90,2,600,0.160096,1
KCU,61,90,2,600,0.153566,1
KCUD,61,90,2,600,0.159922,1
KCOG,61,90,2,600,0.157692,1
KCOGL,61,90,2,600,0.157746,1
BA,81,90,2,600,1.17537,10
BAN,81,90,2,600,1.03056,10
BAUD,81,90,2,600,1.24874,9
KCA,81,90,2,600,2.16936,1
KCF,81,90,2,600,2.12252,1
KCRDK,81,90,2,600,0.254796,1
KCRDKL,81,90,2,600,0.252574,1
KCU,81,90,2,600,0.245779,1
KCUD,81,90,2,600,0.251379,1
KCOG,81,90,2,600,0.251171,1
KCOGL,81,90,2,600,0.252037,1
BA,101,90,2,600,1.4937,10
BAN,101,90,2,600,1.21683,10
BAUD,101,90,2,600,1.34171,9
KCA,101,90,2,600,2.7762,1
KCF,101,90,2,600,2.6088,1
KCRDK,101,90,2,600,0.399631,1
KCRDKL,101,90,2,600,0.382572,1
KCU,101,90,2,600,0.368112,1
KCUD,101,90,2,600,0.366602,1
KCOG,101,90,2,600,0.372331,1
KCOGL,101,90,2,600,0.371131,1
BA,1,90,2,600,0.122691,4
BAN,1,90,2,600,0.129498,4
BAUD,1,90,2,600,0.103219,3
KCA,1,90,2,600,0.029626,1
KCF,1,90,2,600,0.030087,1
KCRDK,1,90,2,600,0.048058,2
KCRDKL,1,90,2,600,0.046807,2
KCU,1,90,2,600,0.062529,3
KCUD,1,90,2,600,0.046929,2
KCOG,1,90,2,600,0.049758,2
KCOGL,1,90,2,600,0.043851,2
BA,21,90,2,600,1.37803,11
BAN,21,90,2,600,1.503,11
BAUD,21,90,2,600,2.56546,11
KCA,21,90,2,600,0.222667,1
KCF,21,90,2,600,0.173417,1
KCRDK,21,90,2,600,0.060423,1
KCRDKL,21,90,2,600,0.048025,1
KCU,21,90,2,600,0.049315,1
KCUD,21,90,2,600,0.053561,1
KCOG,21,90,2,600,0.052437,1
KCOGL,21,90,2,600,0.048489,1
BA,41,90,2,600,2.18697,13
BAN,41,90,2,600,2.45648,13
BAUD,41,90,2,600,1.64755,10
KCA,41,90,2,600,0.478018,1
KCF,41,90,2,600,0.425964,1
KCRDK,41,90,2,600,0.097445,1
KCRDKL,41,90,2,600,0.101443,1
KCU,41,90,2,600,0.093913,1
KCUD,41,90,2,600,0.104417,1
KCOG,41,90,2,600,0.095137,1
KCOGL,41,90,2,600,0.092943,1
BA,61,90,2,600,1.89492,12
BAN,61,90,2,600,1.89727,12
BAUD,61,90,2,600,1.85115,10
KCA,61,90,2,600,1.38125,1
KCF,61,90,2,600,1.27968,1
KCRDK,61,90,2,600,0.164828,1
KCRDKL,61,90,2,600,0.168512,1
KCU,61,90,2,600,0.155595,1
KCUD,61,90,2,600,0.157901,1
KCOG,61,90,2,600,0.159751,1
KCOGL,61,90,2,600,0.15971,1
BA,81,90,2,600,2.12438,12
BAN,81,90,2,600,2.52466,13
BAUD,81,90,2,600,3.24146,12
KCA,81,90,2,600,1.74257,1
KCF,81,90,2,600,1.49028,1
KCRDK,81,90,2,600,0.260741,1
KCRDKL,81,90,2,600,0.254844,1
KCU,81,90,2,600,0.24854,1
KCUD,81,90,2,600,0.258553,1
KCOG,81,90,2,600,0.25957,1
KCOGL,81,90,2,600,0.254652,1
BA,101,90,2,600,2.51075,12
BAN,101,90,2,600,2.59261,12
BAUD,101,90,2,600,3.98392,12
KCA,101,90,2,600,2.10577,1
KCF,101,90,2,600,2.28111,1
KCRDK,101,90,2,600,0.38224,1
KCRDKL,101,90,2,600,0.375748,1
KCU,101,90,2,600,0.365773,1
KCUD,101,90,2,600,0.373237,1
KCOG,101,90,2,600,0.377869,1
KCOGL,101,90,2,600,0.372973,1
BA,1,90,2,600,0.149737,4
BAN,1,90,2,600,0.152811,4
BAUD,1,90,2,600,0.099127,3
KCA,1,90,2,600,0.056132,2
KCF,1,90,2,600,0.05502,2
KCRDK,1,90,2,600,0.050624,2
KCRDKL,1,90,2,600,0.048191,2
KCU,1,90,2,600,0.069086,3
KCUD,1,90,2,600,0.048174,2
KCOG,1,90,2,600,0.067328,2
KCOGL,1,90,2,600,0.047701,2
BA,21,90,2,600,1.05866,10
BAN,21,90,2,600,1.42321,10
BAUD,21,90,2,600,2.64985,11
KCA,21,90,2,600,0.21504,1
KCF,21,90,2,600,0.204144,1
KCRDK,21,90,2,600,0.063682,1
KCRDKL,21,90,2,600,0.054755,1
KCU,21,90,2,600,0.054666,1
KCUD,21,90,2,600,0.058747,1
KCOG,21,90,2,600,0.055835,1
KCOGL,21,90,2,600,0.053107,1
BA,41,90,2,600,1.23984,10
BAN,41,90,2,600,1.28629,10
BAUD,41,90,2,600,3.16848,11
KCA,41,90,2,600,0.631478,1
KCF,41,90,2,600,0.562413,1
KCRDK,41,90,2,600,0.10195,1
KCRDKL,41,90,2,600,0.097354,1
KCU,41,90,2,600,0.094331,1
KCUD,41,90,2,600,0.107557,1
KCOG,41,90,2,600,0.098042,1
KCOGL,41,90,2,600,0.098327,1
BA,61,90,2,600,1.44925,10
BAN,61,90,2,600,1.41047,10
BAUD,61,90,2,600,2.56198,10
KCA,61,90,2,600,1.31665,1
KCF,61,90,2,600,1.10935,1
KCRDK,61,90,2,600,0.166232,1
KCRDKL,61,90,2,600,0.165908,1
KCU,61,90,2,600,0.159627,1
KCUD,61,90,2,600,0.170056,1
KCOG,61,90,2,600,0.164016,1
KCOGL,61,90,2,600,0.162771,1
BA,81,90,2,600,2.04553,11
BAN,81,90,2,600,1.89626,11
BAUD,81,90,2,600,3.29813,11
KCA,81,90,2,600,2.31846,1
KCF,81,90,2,600,1.93314,1
KCRDK,81,90,2,600,0.260773,1
KCRDKL,81,90,2,600,0.259888,1
KCU,81,90,2,600,0.251029,1
KCUD,81,90,2,600,0.256049,1
KCOG,81,90,2,600,0.259437,1
KCOGL,81,90,2,600,0.256224,1
BA,101,90,2,600,2.76519,12
BAN,101,90,2,600,2.46562,12
BAUD,101,90,2,600,3.61069,11
KCA,101,90,2,600,3.33756,1
KCF,101,90,2,600,3.59547,1
KCRDK,101,90,2,600,0.408327,1
KCRDKL,101,90,2,600,0.408696,1
KCU,101,90,2,600,0.381165,1
KCUD,101,90,2,600,0.385295,1
KCOG,101,90,2,600,0.386767,1
KCOGL,101,90,2,600,0.388537,1
BA,1,90,2,600,0.061113,3
BAN,1,90,2,600,0.067588,3
BAUD,1,90,2,600,0.065183,3
KCA,1,90,2,600,0.041237,2
KCF,1,90,2,600,0.056017,2
KCRDK,1,90,2,600,0.041269,2
KCRDKL,1,90,2,600,0.043603,2
KCU,1,90,2,600,0.036685,2
KCUD,1,90,2,600,0.04077,2
KCOG,1,90,2,600,0.040142,2
KCOGL,1,90,2,600,0.042152,2
BA,21,90,2,600,1.00888,11
BAN,21,90,2,600,1.09033,11
BAUD,21,90,2,600,1.05242,9
KCA,21,90,2,600,0.158569,1
KCF,21,90,2,600,0.158851,1
KCRDK,21,90,2,600,0.047001,1
KCRDKL,21,90,2,600,0.047409,1
KCU,21,90,2,600,0.045714,1
KCUD,21,90,2,600,0.048981,1
KCOG,21,90,2,600,0.046467,1
KCOGL,21,90,2,600,0.052973,1
BA,41,90,2,600,1.3051,12
BAN,41,90,2,600,1.39058,12
BAUD,41,90,2,600,1.65075,10
KCA,41,90,2,600,0.443523,1
KCF,41,90,2,600,0.372074,1
KCRDK,41,90,2,600,0.09406,1
KCRDKL,41,90,2,600,0.093884,1
KCU,41,90,2,600,0.09561,1
KCUD,41,90,2,600,0.094943,1
KCOG,41,90,2,600,0.099241,1
KCOGL,41,90,2,600,0.093348,1
BA,61,90,2,600,0.950745,10
BAN,61,90,2,600,0.920471,10
BAUD,61,90,2,600,1.68074,10
KCA,61,90,2,600,1.11235,1
KCF,61,90,2,600,0.835143,1
KCRDK,61,90,2,600,0.16237,1
KCRDKL,61,90,2,600,0.164738,1
KCU,61,90,2,600,0.155337,1
KCUD,61,90,2,600,0.161171,1
KCOG,61,90,2,600,0.158755,1
KCOGL,61,90,2,600,0.160847,1
BA,81,90,2,600,1.43209,11
BAN,81,90,2,600,1.28305,11
BAUD,81,90,2,600,2.07142,11
KCA,81,90,2,600,1.95128,1
KCF,81,90,2,600,1.5685,1
KCRDK,81,90,2,600,0.256778,1
KCRDKL,81,90,2,600,0.255939,1
KCU,81,90,2,600,0.250095,1
KCUD,81,90,2,600,0.253038,1
KCOG,81,90,2,600,0.254084,1
KCOGL,81,90,2,600,0.254374,1
BA,101,90,2,600,1.61775,11
BAN,101,90,2,600,1.33052,11
BAUD,101,90,2,600,1.32581,9
KCA,101,90,2,600,2.81238,1
KCF,101,90,2,600,3.07098,1
KCRDK,101,90,2,600,0.408971,1
KCRDKL,101,90,2,600,0.392713,1
KCU,101,90,2,600,0.376788,1
KCUD,101,90,2,600,0.37832,1
KCOG,101,90,2,600,0.382028,1
KCOGL,101,90,2,600,0.383307,1
BA,1,90,2,600,0.066356,3
BAN,1,90,2,600,0.071967,3
BAUD,1,90,2,600,0.073028,3
KCA,1,90,2,600,0.023246,1
KCF,1,90,2,600,0.022743,1
KCRDK,1,90,2,600,0.022112,1
KCRDKL,1,90,2,600,0.028865,1
KCU,1,90,2,600,0.02438,1
KCUD,1,90,2,600,0.024678,1
KCOG,1,90,2,600,0.026579,1
KCOGL,1,90,2,600,0.025446,1
BA,21,90,2,600,0.133958,4
BAN,21,90,2,600,0.133934,4
BAUD,21,90,2,600,0.110932,3
KCA,21,90,2,600,0.198007,1
KCF,21,90,2,600,0.187115,1
KCRDK,21,90,2,600,0.073162,2
KCRDKL,21,90,2,600,0.073848,2
KCU,21,90,2,600,0.071214,2
KCUD,21,90,2,600,0.086813,2
KCOG,21,90,2,600,0.068798,2
KCOGL,21,90,2,600,0.044127,1
BA,41,90,2,600,0.166114,4
BAN,41,90,2,600,0.159335,4
BAUD,41,90,2,600,0.13812,3
KCA,41,90,2,600,0.768154,1
KCF,41,90,2,600,0.646069,1
KCRDK,41,90,2,600,0.14188,2
KCRDKL,41,90,2,600,0.146187,2
KCU,41,90,2,600,0.150466,2
KCUD,41,90,2,600,0.156092,2
KCOG,41,90,2,600,0.141983,2
KCOGL,41,90,2,600,0.140754,2
BA,61,90,2,600,0.219711,4
BAN,61,90,2,600,0.173339,4
BAUD,61,90,2,600,0.14888,3
KCA,61,90,2,600,1.62979,1
KCF,61,90,2,600,1.26722,1
KCRDK,61,90,2,600,0.257505,2
KCRDKL,61,90,2,600,0.256057,2
KCU,61,90,2,600,0.252983,2
KCUD,61,90,2,600,0.268459,2
KCOG,61,90,2,600,0.256793,2
KCOGL,61,90,2,600,0.257502,2
BA,81,90,2,600,0.313313,4
BAN,81,90,2,600,0.224797,4
BAUD,81,90,2,600,0.188495,3
KCA,81,90,2,600,3.86076,1
KCF,81,90,2,600,3.89659,1
KCRDK,81,90,2,600,0.438913,2
KCRDKL,81,90,2,600,0.429631,2
KCU,81,90,2,600,0.404271,2
KCUD,81,90,2,600,0.423488,2
KCOG,81,90,2,600,0.413385,2
KCOGL,81,90,2,600,0.414476,2
BA,101,90,2,600,0.410753,4
BAN,101,90,2,600,0.270831,4
BAUD,101,90,2,600,0.235792,3
KCA,101,90,2,600,6.17828,1
KCF,101,90,2,600,4.84822,1
KCRDK,101,90,2,600,0.669386,2
KCRDKL,101,90,2,600,0.611053,2
KCU,101,90,2,600,0.599635,2
KCUD,101,90,2,600,0.613938,2
KCOG,101,90,2,600,0.610252,2
KCOGL,101,90,2,600,0.610286,2
BA,1,90,2,600,0.112583,4
BAN,1,90,2,600,0.117956,4
BAUD,1,90,2,600,0.089252,3
KCA,1,90,2,600,0.030925,1
KCF,1,90,2,600,0.02706,1
KCRDK,1,90,2,600,0.066039,3
KCRDKL,1,90,2,600,0.045446,2
KCU,1,90,2,600,0.055341,3
KCUD,1,90,2,600,0.043731,2
KCOG,1,90,2,600,0.042788,2
KCOGL,1,90,2,600,0.041435,2
BA,21,90,2,600,0.770303,10
BAN,21,90,2,600,0.837231,10
BAUD,21,90,2,600,1.24216,10
KCA,21,90,2,600,0.178018,1
KCF,21,90,2,600,0.191757,1
KCRDK,21,90,2,600,0.047498,1
KCRDKL,21,90,2,600,0.04728,1
KCU,21,90,2,600,0.044158,1
KCUD,21,90,2,600,0.048837,1
KCOG,21,90,2,600,0.049671,1
KCOGL,21,90,2,600,0.04484,1
BA,41,90,2,600,1.16222,11
BAN,41,90,2,600,1.21142,11
BAUD,41,90,2,600,1.35087,10
KCA,41,90,2,600,0.475256,1
KCF,41,90,2,600,0.415658,1
KCRDK,41,90,2,600,0.094023,1
KCRDKL,41,90,2,600,0.090909,1
KCU,41,90,2,600,0.092184,1
KCUD,41,90,2,600,0.090042,1
KCOG,41,90,2,600,0.089738,1
KCOGL,41,90,2,600,0.088926,1
BA,61,90,2,600,0.924676,10
BAN,61,90,2,600,0.882955,10
BAUD,61,90,2,600,1.97524,11
KCA,61,90,2,600,1.2705,1
KCF,61,90,2,600,1.09806,1
KCRDK,61,90,2,600,0.165345,1
KCRDKL,61,90,2,600,0.162246,1
KCU,61,90,2,600,0.155308,1
KCUD,61,90,2,600,0.161358,1
KCOG,61,90,2,600,0.158364,1
KCOGL,61,90,2,600,0.160534,1
BA,81,90,2,600,1.13399,9
BAN,81,90,2,600,1.00011,9
BAUD,81,90,2,600,1.70705,10
KCA,81,90,2,600,2.09035,1
KCF,81,90,2,600,1.8752,1
KCRDK,81,90,2,600,0.258186,1
KCRDKL,81,90,2,600,0.259318,1
KCU,81,90,2,600,0.246563,1
KCUD,81,90,2,600,0.252286,1
KCOG,81,90,2,600,0.25572,1
KCOGL,81,90,2,600,0.252678,1
BA,101,90,2,600,1.33325,9
BAN,101,90,2,600,1.07565,9
BAUD,101,90,2,600,2.03133,10
KCA,101,90,2,600,2.55537,1
KCF,101,90,2,600,2.54433,1
KCRDK,101,90,2,600,0.401127,1
KCRDKL,101,90,2,600,0.382293,1
KCU,101,90,2,600,0.365245,1
KCUD,101,90,2,600,0.365877,1
KCOG,101,90,2,600,0.375131,1
KCOGL,101,90,2,600,0.370714,1
BA,1,90,2,600,0.064768,3
BAN,1,90,2,600,0.069006,3
BAUD,1,90,2,600,0.077737,3
KCA,1,90,2,600,0.031411,1
KCF,1,90,2,600,0.026071,1
KCRDK,1,90,2,600,0.0246,1
KCRDKL,1,90,2,600,0.023654,1
KCU,1,90,2,600,0.025557,1
KCUD,1,90,2,600,0.026784,1
KCOG,1,90,2,600,0.03327,1
KCOGL,1,90,2,600,0.02506,1
BA,21,90,2,600,0.114045,4
BAN,21,90,2,600,0.135222,4
BAUD,21,90,2,600,0.111522,3
KCA,21,90,2,600,0.214009,1
KCF,21,90,2,600,0.187935,1
KCRDK,21,90,2,600,0.077564,2
KCRDKL,21,90,2,600,0.080921,2
KCU,21,90,2,600,0.068692,2
KCUD,21,90,2,600,0.091126,2
KCOG,21,90,2,600,0.069838,2
KCOGL,21,90,2,600,0.075509,2
BA,41,90,2,600,0.176672,4
BAN,41,90,2,600,0.151581,4
BAUD,41,90,2,600,0.129686,3
KCA,41,90,2,600,0.86272,1
KCF,41,90,2,600,0.731437,1
KCRDK,41,90,2,600,0.146759,2
KCRDKL,41,90,2,600,0.147515,2
KCU,41,90,2,600,0.142884,2
KCUD,41,90,2,600,0.155639,2
KCOG,41,90,2,600,0.153287,2
KCOGL,41,90,2,600,0.145152,2
BA,61,90,2,600,0.222802,4
BAN,61,90,2,600,0.17796,4
BAUD,61,90,2,600,0.14383,3
KCA,61,90,2,600,1.94724,1
KCF,61,90,2,600,1.68308,1
KCRDK,61,90,2,600,0.265615,2
KCRDKL,61,90,2,600,0.257555,2
KCU,61,90,2,600,0.254375,2
KCUD,61,90,2,600,0.275342,2
KCOG,61,90,2,600,0.257353,2
KCOGL,61,90,2,600,0.259522,2
BA,81,90,2,600,0.297463,4
BAN,81,90,2,600,0.211855,4
BAUD,81,90,2,600,0.188676,3
KCA,81,90,2,600,2.42999,1
KCF,81,90,2,600,2.78063,1
KCRDK,81,90,2,600,0.436583,2
KCRDKL,81,90,2,600,0.435893,2
KCU,81,90,2,600,0.409038,2
KCUD,81,90,2,600,0.423302,2
KCOG,81,90,2,600,0.415399,2
KCOGL,81,90,2,600,0.416446,2
BA,101,90,2,600,0.405503,4
BAN,101,90,2,600,0.272454,4
BAUD,101,90,2,600,0.2244,3
KCA,101,90,2,600,4.21001,1
KCF,101,90,2,600,3.43644,1
KCRDK,101,90,2,600,0.642071,2
KCRDKL,101,90,2,600,0.617542,2
KCU,101,90,2,600,0.597376,2
KCUD,101,90,2,600,0.619176,2
KCOG,101,90,2,600,0.611168,2
KCOGL,101,90,2,600,0.611251,2
BA,1,90,2,600,0.106632,4
BAN,1,90,2,600,0.119501,4
BAUD,1,90,2,600,0.071226,3
KCA,1,90,2,600,0.048753,2
KCF,1,90,2,600,0.045589,2
KCRDK,1,90,2,600,0.055746,3
KCRDKL,1,90,2,600,0.065343,3
KCU,1,90,2,600,0.055762,3
KCUD,1,90,2,600,0.043733,2
KCOG,1,90,2,600,0.059744,3
KCOGL,1,90,2,600,0.057461,3
BA,21,90,2,600,6.8559,18
BAN,21,90,2,600,6.53806,17
BAUD,21,90,2,600,12.5321,17
KCA,21,90,2,600,0.222395,1
KCF,21,90,2,600,0.213717,1
KCRDK,21,90,2,600,0.058224,1
KCRDKL,21,90,2,600,0.064536,1
KCU,21,90,2,600,0.054148,1
KCUD,21,90,2,600,0.062507,1
KCOG,21,90,2,600,0.055155,1
KCOGL,21,90,2,600,0.056424,1
BA,41,90,2,600,8.29706,19
BAN,41,90,2,600,8.57291,19
BAUD,41,90,2,600,15.0951,19
KCA,41,90,2,600,0.418687,1
KCF,41,90,2,600,0.531295,1
KCRDK,41,90,2,600,0.100713,1
KCRDKL,41,90,2,600,0.101366,1
KCU,41,90,2,600,0.09966,1
KCUD,41,90,2,600,0.106954,1
KCOG,41,90,2,600,0.102238,1
KCOGL,41,90,2,600,0.095141,1
BA,61,90,2,600,13.3453,24
BAN,61,90,2,600,13.6674,24
BAUD,61,90,2,600,33.9188,24
KCA,61,90,2,600,1.13009,1
KCF,61,90,2,600,0.992265,1
KCRDK,61,90,2,600,0.173001,1
KCRDKL,61,90,2,600,0.165907,1
KCU,61,90,2,600,0.159601,1
KCUD,61,90,2,600,0.172347,1
KCOG,61,90,2,600,0.166669,1
KCOGL,61,90,2,600,0.164779,1
BA,81,90,2,600,14.1093,22
BAN,81,90,2,600,15.5458,23
BAUD,81,90,2,600,22.9898,21
KCA,81,90,2,600,1.9108,1
KCF,81,90,2,600,1.3247,1
KCRDK,81,90,2,600,0.264526,1
KCRDKL,81,90,2,600,0.272899,1
KCU,81,90,2,600,0.251599,1
KCUD,81,90,2,600,0.26938,1
KCOG,81,90,2,600,0.259974,1
KCOGL,81,90,2,600,0.256591,1
BA,101,90,2,600,17.8168,25
BAN,101,90,2,600,18.0561,25
BAUD,101,90,2,600,41.6655,26
KCA,101,90,2,600,1.80003,1
KCF,101,90,2,600,1.70675,1
KCRDK,101,90,2,600,0.384011,1
KCRDKL,101,90,2,600,0.377565,1
KCU,101,90,2,600,0.368349,1
KCUD,101,90,2,600,0.377406,1
KCOG,101,90,2,600,0.385688,1
KCOGL,101,90,2,600,0.377222,1
BA,1,90,2,600,0.103205,4
BAN,1,90,2,600,0.115101,4
BAUD,1,90,2,600,0.085832,3
KCA,1,90,2,600,0.045041,2
KCF,1,90,2,600,0.046634,2
KCRDK,1,90,2,600,0.056296,3
KCRDKL,1,90,2,600,0.063877,3
KCU,1,90,2,600,0.063881,3
KCUD,1,90,2,600,0.049594,2
KCOG,1,90,2,600,0.057941,3
KCOGL,1,90,2,600,0.04237,2
BA,21,90,2,600,1.47783,13
BAN,21,90,2,600,1.91853,14
BAUD,21,90,2,600,3.043,13
KCA,21,90,2,600,0.17966,1
KCF,21,90,2,600,0.163269,1
KCRDK,21,90,2,600,0.052366,1
KCRDKL,21,90,2,600,0.054739,1
KCU,21,90,2,600,0.04988,1
KCUD,21,90,2,600,0.055692,1
KCOG,21,90,2,600,0.049015,1
KCOGL,21,90,2,600,0.054379,1
BA,41,90,2,600,1.36158,12
BAN,41,90,2,600,1.44728,12
BAUD,41,90,2,600,2.81425,12
KCA,41,90,2,600,0.428162,1
KCF,41,90,2,600,0.427396,1
KCRDK,41,90,2,600,0.096653,1
KCRDKL,41,90,2,600,0.094934,1
KCU,41,90,2,600,0.089615,1
KCUD,41,90,2,600,0.098214,1
KCOG,41,90,2,600,0.092619,1
KCOGL,41,90,2,600,0.092554,1
BA,61,90,2,600,1.61681,12
BAN,61,90,2,600,1.62281,12
BAUD,61,90,2,600,2.68917,12
KCA,61,90,2,600,0.949823,1
KCF,61,90,2,600,0.84218,1
KCRDK,61,90,2,600,0.169605,1
KCRDKL,61,90,2,600,0.163854,1
KCU,61,90,2,600,0.157718,1
KCUD,61,90,2,600,0.16317,1
KCOG,61,90,2,600,0.164566,1
KCOGL,61,90,2,600,0.161162,1
BA,81,90,2,600,2.04186,13
BAN,81,90,2,600,1.91061,13
BAUD,81,90,2,600,3.30026,13
KCA,81,90,2,600,1.48934,1
KCF,81,90,2,600,1.53119,1
KCRDK,81,90,2,600,0.262519,1
KCRDKL,81,90,2,600,0.259355,1
KCU,81,90,2,600,0.251884,1
KCUD,81,90,2,600,0.254883,1
KCOG,81,90,2,600,0.26211,1
KCOGL,81,90,2,600,0.256152,1
BA,101,90,2,600,2.44083,12
BAN,101,90,2,600,2.13894,12
BAUD,101,90,2,600,3.05846,12
KCA,101,90,2,600,2.46189,1
KCF,101,90,2,600,2.14129,1
KCRDK,101,90,2,600,0.388414,1
KCRDKL,101,90,2,600,0.378747,1
KCU,101,90,2,600,0.365709,1
KCUD,101,90,2,600,0.372793,1
KCOG,101,90,2,600,0.378183,1
KCOGL,101,90,2,600,0.376874,1
BA,1,90,2,600,0.13044,4
BAN,1,90,2,600,0.132016,4
BAUD,1,90,2,600,0.10558,3
KCA,1,90,2,600,0.029738,1
KCF,1,90,2,600,0.027304,1
KCRDK,1,90,2,600,0.050085,2
KCRDKL,1,90,2,600,0.044792,2
KCU,1,90,2,600,0.068444,3
KCUD,1,90,2,600,0.049304,2
KCOG,1,90,2,600,0.050398,2
KCOGL,1,90,2,600,0.048559,2
BA,21,90,2,600,0.713138,10
BAN,21,90,2,600,0.779943,10
BAUD,21,90,2,600,0.787895,9
KCA,21,90,2,600,0.17444,1
KCF,21,90,2,600,0.162874,1
KCRDK,21,90,2,600,0.051983,1
KCRDKL,21,90,2,600,0.049359,1
KCU,21,90,2,600,0.042621,1
KCUD,21,90,2,600,0.048544,1
KCOG,21,90,2,600,0.050229,1
KCOGL,21,90,2,600,0.045898,1
BA,41,90,2,600,0.511841,8
BAN,41,90,2,600,0.518805,8
BAUD,41,90,2,600,1.16023,10
KCA,41,90,2,600,0.491693,1
KCF,41,90,2,600,0.437216,1
KCRDK,41,90,2,600,0.092208,1
KCRDKL,41,90,2,600,0.089629,1
KCU,41,90,2,600,0.089106,1
KCUD,41,90,2,600,0.091743,1
KCOG,41,90,2,600,0.091466,1
KCOGL,41,90,2,600,0.091953,1
BA,61,90,2,600,0.649974,8
BAN,61,90,2,600,0.594177,8
BAUD,61,90,2,600,0.752003,8
KCA,61,90,2,600,1.24468,1
KCF,61,90,2,600,1.16614,1
KCRDK,61,90,2,600,0.16675,1
KCRDKL,61,90,2,600,0.159902,1
KCU,61,90,2,600,0.155037,1
KCUD,61,90,2,600,0.160853,1
KCOG,61,90,2,600,0.159005,1
KCOGL,61,90,2,600,0.159144,1
BA,81,90,2,600,1.39832,11
BAN,81,90,2,600,1.07657,10
BAUD,81,90,2,600,0.782156,8
KCA,81,90,2,600,2.26989,1
KCF,81,90,2,600,1.99741,1
KCRDK,81,90,2,600,0.261074,1
KCRDKL,81,90,2,600,0.255904,1
KCU,81,90,2,600,0.251376,1
KCUD,81,90,2,600,0.253218,1
KCOG,81,90,2,600,0.253918,1
KCOGL,81,90,2,600,0.253985,1
BA,101,90,2,600,1.21579,9
BAN,101,90,2,600,1.42948,11
BAUD,101,90,2,600,1.3282,9
KCA,101,90,2,600,3.0515,1
KCF,101,90,2,600,2.54837,1
KCRDK,101,90,2,600,0.400974,1
KCRDKL,101,90,2,600,0.383613,1
KCU,101,90,2,600,0.364915,1
KCUD,101,90,2,600,0.368049,1
KCOG,101,90,2,600,0.373216,1
KCOGL,101,90,2,600,0.373467,1
BA,1,90,2,600,0.102216,3
BAN,1,90,2,600,0.106129,3
BAUD,1,90,2,600,0.062294,2
KCA,1,90,2,600,0.031051,1
KCF,1,90,2,600,0.039815,1
KCRDK,1,90,2,600,0.028574,1
KCRDKL,1,90,2,600,0.036276,1
KCU,1,90,2,600,0.028994,1
KCUD,1,90,2,600,0.03139,1
KCOG,1,90,2,600,0.033045,1
KCOGL,1,90,2,600,0.026563,1
BA,21,90,2,600,6.66682,20
BAN,21,90,2,600,9.82856,20
BAUD,21,90,2,600,10.1477,18
KCA,21,90,2,600,0.160767,1
KCF,21,90,2,600,0.154443,1
KCRDK,21,90,2,600,0.060775,1
KCRDKL,21,90,2,600,0.064527,1
KCU,21,90,2,600,0.052773,1
KCUD,21,90,2,600,0.057874,1
KCOG,21,90,2,600,0.049928,1
KCOGL,21,90,2,600,0.049976,1
BA,41,90,2,600,6.78973,18
BAN,41,90,2,600,11.4176,20
BAUD,41,90,2,600,17.397,20
KCA,41,90,2,600,0.477858,1
KCF,41,90,2,600,0.440933,1
KCRDK,41,90,2,600,0.101532,1
KCRDKL,41,90,2,600,0.0997,1
KCU,41,90,2,600,0.096154,1
KCUD,41,90,2,600,0.10035,1
KCOG,41,90,2,600,0.094198,1
KCOGL,41,90,2,600,0.093647,1
BA,61,90,2,600,9.29607,21
BAN,61,90,2,600,12.1881,19
BAUD,61,90,2,600,12.4016,18
KCA,61,90,2,600,0.628213,1
KCF,61,90,2,600,0.593384,1
KCRDK,61,90,2,600,0.168785,1
KCRDKL,61,90,2,600,0.16515,1
KCU,61,90,2,600,0.158078,1
KCUD,61,90,2,600,0.168956,1
KCOG,61,90,2,600,0.164202,1
KCOGL,61,90,2,600,0.162193,1
BA,81,90,2,600,10.5459,21
BAN,81,90,2,600,20.6361,22
BAUD,81,90,2,600,14.2552,19
KCA,81,90,2,600,1.01886,1
KCF,81,90,2,600,1.13902,1
KCRDK,81,90,2,600,0.264903,1
KCRDKL,81,90,2,600,0.257679,1
KCU,81,90,2,600,0.250448,1
KCUD,81,90,2,600,0.257661,1
KCOG,81,90,2,600,0.259928,1
KCOGL,81,90,2,600,0.259298,1
BA,101,90,2,600,7.75022,17
BAN,101,90,2,600,12.4721,17
BAUD,101,90,2,600,13.0732,18
KCA,101,90,2,600,1.68424,1
KCF,101,90,2,600,1.4715,1
KCRDK,101,90,2,600,0.3771,1
KCRDKL,101,90,2,600,0.374205,1
KCU,101,90,2,600,0.365614,1
KCUD,101,90,2,600,0.371317,1
KCOG,101,90,2,600,0.376383,1
KCOGL,101,90,2,600,0.374116,1
BA,1,90,2,600,0.106213,4
BAN,1,90,2,600,0.120744,4
BAUD,1,90,2,600,0.089847,3
KCA,1,90,2,600,0.030866,1
KCF,1,90,2,600,0.028445,1
KCRDK,1,90,2,600,0.063974,3
KCRDKL,1,90,2,600,0.041585,2
KCU,1,90,2,600,0.057265,3
KCUD,1,90,2,600,0.041335,2
KCOG,1,90,2,600,0.042107,2
KCOGL,1,90,2,600,0.043629,2
BA,21,90,2,600,1.85319,16
BAN,21,90,2,600,2.08997,16
BAUD,21,90,2,600,2.03129,12
KCA,21,90,2,600,0.171362,1
KCF,21,90,2,600,0.158285,1
KCRDK,21,90,2,600,0.045684,1
KCRDKL,21,90,2,600,0.048801,1
KCU,21,90,2,600,0.045633,1
KCUD,21,90,2,600,0.05001,1
KCOG,21,90,2,600,0.04621,1
KCOGL,21,90,2,600,0.045643,1
BA,41,90,2,600,0.951403,11
BAN,41,90,2,600,1.00679,11
BAUD,41,90,2,600,2.16589,12
KCA,41,90,2,600,0.431262,1
KCF,41,90,2,600,0.459426,1
KCRDK,41,90,2,600,0.093819,1
KCRDKL,41,90,2,600,0.094441,1
KCU,41,90,2,600,0.09728,1
KCUD,41,90,2,600,0.098782,1
KCOG,41,90,2,600,0.090305,1
KCOGL,41,90,2,600,0.090632,1
BA,61,90,2,600,2.05091,15
BAN,61,90,2,600,2.10252,15
BAUD,61,90,2,600,2.0805,12
KCA,61,90,2,600,0.931614,1
KCF,61,90,2,600,0.87978,1
KCRDK,61,90,2,600,0.163628,1
KCRDKL,61,90,2,600,0.159616,1
KCU,61,90,2,600,0.154611,1
KCUD,61,90,2,600,0.16292,1
KCOG,61,90,2,600,0.158559,1
KCOGL,61,90,2,600,0.159261,1
BA,81,90,2,600,1.35743,11
BAN,81,90,2,600,1.20052,11
BAUD,81,90,2,600,3.83257,15
KCA,81,90,2,600,1.5698,1
KCF,81,90,2,600,1.40444,1
KCRDK,81,90,2,600,0.254364,1
KCRDKL,81,90,2,600,0.251656,1
KCU,81,90,2,600,0.246193,1
KCUD,81,90,2,600,0.253425,1
KCOG,81,90,2,600,0.254386,1
KCOGL,81,90,2,600,0.252781,1
BA,101,90,2,600,1.88078,12
BAN,101,90,2,600,1.58556,12
BAUD,101,90,2,600,2.04534,11
KCA,101,90,2,600,2.30622,1
KCF,101,90,2,600,2.37324,1
KCRDK,101,90,2,600,0.375241,1
KCRDKL,101,90,2,600,0.374457,1
KCU,101,90,2,600,0.362131,1
KCUD,101,90,2,600,0.367265,1
KCOG,101,90,2,600,0.372024,1
KCOGL,101,90,2,600,0.370616,1
BA,1,90,2,600,0.03399,2
BAN,1,90,2,600,0.035397,2
BAUD,1,90,2,600,0.051452,2
KCA,1,90,2,600,0.032066,1
KCF,1,90,2,600,0.034129,1
KCRDK,1,90,2,600,0.030353,1
KCRDKL,1,90,2,600,0.033584,1
KCU,1,90,2,600,0.023983,1
KCUD,1,90,2,600,0.028692,1
KCOG,1,90,2,600,0.024346,1
KCOGL,1,90,2,600,0.026328,1
BA,21,90,2,600,0.077847,3
BAN,21,90,2,600,0.079117,3
BAUD,21,90,2,600,0.092842,3
KCA,21,90,2,600,0.206925,1
KCF,21,90,2,600,0.197601,1
KCRDK,21,90,2,600,0.070095,2
KCRDKL,21,90,2,600,0.081641,2
KCU,21,90,2,600,0.067847,2
KCUD,21,90,2,600,0.080355,2
KCOG,21,90,2,600,0.070226,2
KCOGL,21,90,2,600,0.072774,2
BA,41,90,2,600,0.122721,3
BAN,41,90,2,600,0.092564,3
BAUD,41,90,2,600,0.102656,3
KCA,41,90,2,600,0.789173,1
KCF,41,90,2,600,0.681028,1
KCRDK,41,90,2,600,0.143112,2
KCRDKL,41,90,2,600,0.143545,2
KCU,41,90,2,600,0.140385,2
KCUD,41,90,2,600,0.160775,2
KCOG,41,90,2,600,0.142342,2
KCOGL,41,90,2,600,0.143253,2
BA,61,90,2,600,0.154349,3
BAN,61,90,2,600,0.122445,3
BAUD,61,90,2,600,0.121303,3
KCA,61,90,2,600,1.80044,1
KCF,61,90,2,600,1.48983,1
KCRDK,61,90,2,600,0.259956,2
KCRDKL,61,90,2,600,0.255447,2
KCU,61,90,2,600,0.252772,2
KCUD,61,90,2,600,0.26865,2
KCOG,61,90,2,600,0.269198,2
KCOGL,61,90,2,600,0.255566,2
BA,81,90,2,600,0.219127,3
BAN,81,90,2,600,0.148874,3
BAUD,81,90,2,600,0.157313,3
KCA,81,90,2,600,3.25545,1
KCF,81,90,2,600,3.40053,1
KCRDK,81,90,2,600,0.43969,2
KCRDKL,81,90,2,600,0.431206,2
KCU,81,90,2,600,0.404954,2
KCUD,81,90,2,600,0.42045,2
KCOG,81,90,2,600,0.41337,2
KCOGL,81,90,2,600,0.411118,2
BA,101,90,2,600,0.403259,4
BAN,101,90,2,600,0.265433,4
BAUD,101,90,2,600,0.203764,3
KCA,101,90,2,600,5.54158,1
KCF,101,90,2,600,4.28318,1
KCRDK,101,90,2,600,0.887493,3
KCRDKL,101,90,2,600,0.852665,3
KCU,101,90,2,600,0.832913,3
KCUD,101,90,2,600,0.607525,2
KCOG,101,90,2,600,0.847041,3
KCOGL,101,90,2,600,0.848539,3
BA,1,90,2,600,0.120493,4
BAN,1,90,2,600,0.134175,4
BAUD,1,90,2,600,0.120683,3
KCA,1,90,2,600,0.032548,1
KCF,1,90,2,600,0.034371,1
KCRDK,1,90,2,600,0.04945,2
KCRDKL,1,90,2,600,0.053954,2
KCU,1,90,2,600,0.069424,3
KCUD,1,90,2,600,0.054597,2
KCOG,1,90,2,600,0.047973,2
KCOGL,1,90,2,600,0.047629,2
BA,21,90,2,600,1.07153,10
BAN,21,90,2,600,1.01341,9
BAUD,21,90,2,600,0.896057,8
KCA,21,90,2,600,0.19985,1
KCF,21,90,2,600,0.181879,1
KCRDK,21,90,2,600,0.059427,1
KCRDKL,21,90,2,600,0.063957,1
KCU,21,90,2,600,0.049394,1
KCUD,21,90,2,600,0.054726,1
KCOG,21,90,2,600,0.059932,1
KCOGL,21,90,2,600,0.051187,1
BA,41,90,2,600,1.16451,9
BAN,41,90,2,600,1.44089,10
BAUD,41,90,2,600,1.43843,10
KCA,41,90,2,600,0.480418,1
KCF,41,90,2,600,0.508839,1
KCRDK,41,90,2,600,0.098101,1
KCRDKL,41,90,2,600,0.094015,1
KCU,41,90,2,600,0.088618,1
KCUD,41,90,2,600,0.095671,1
KCOG,41,90,2,600,0.099912,1
KCOGL,41,90,2,600,0.091426,1
BA,61,90,2,600,1.19774,9
BAN,61,90,2,600,1.76196,9
BAUD,61,90,2,600,1.5042,9
KCA,61,90,2,600,1.15482,1
KCF,61,90,2,600,0.886046,1
KCRDK,61,90,2,600,0.169912,1
KCRDKL,61,90,2,600,0.163745,1
KCU,61,90,2,600,0.158083,1
KCUD,61,90,2,600,0.168745,1
KCOG,61,90,2,600,0.161797,1
KCOGL,61,90,2,600,0.161009,1
BA,81,90,2,600,1.37535,9
BAN,81,90,2,600,2.12116,10
BAUD,81,90,2,600,1.78729,9
KCA,81,90,2,600,2.60998,1
KCF,81,90,2,600,1.66928,1
KCRDK,81,90,2,600,0.261153,1
KCRDKL,81,90,2,600,0.254196,1
KCU,81,90,2,600,0.24918,1
KCUD,81,90,2,600,0.25281,1
KCOG,81,90,2,600,0.254973,1
KCOGL,81,90,2,600,0.2546,1
BA,101,90,2,600,2.1053,10
BAN,101,90,2,600,0.94987,7
BAUD,101,90,2,600,0.957877,7
KCA,101,90,2,600,2.53516,1
KCF,101,90,2,600,2.00554,1
KCRDK,101,90,2,600,0.379683,1
KCRDKL,101,90,2,600,0.376354,1
KCU,101,90,2,600,0.368945,1
KCUD,101,90,2,600,0.36937,1
KCOG,101,90,2,600,0.374485,1
KCOGL,101,90,2,600,0.373169,1
BA,1,90,2,600,0.063314,3
BAN,1,90,2,600,0.07169,3
BAUD,1,90,2,600,0.082514,3
KCA,1,90,2,600,0.025991,1
KCF,1,90,2,600,0.027318,1
KCRDK,1,90,2,600,0.026573,1
KCRDKL,1,90,2,600,0.029467,1
KCU,1,90,2,600,0.025189,1
KCUD,1,90,2,600,0.025754,1
KCOG,1,90,2,600,0.02597,1
KCOGL,1,90,2,600,0.026421,1
BA,21,90,2,600,0.155675,4
BAN,21,90,2,600,0.1416,4
BAUD,21,90,2,600,0.102686,3
KCA,21,90,2,600,0.208216,1
KCF,21,90,2,600,0.187459,1
KCRDK,21,90,2,600,0.045867,1
KCRDKL,21,90,2,600,0.045752,1
KCU,21,90,2,600,0.043927,1
KCUD,21,90,2,600,0.052655,1
KCOG,21,90,2,600,0.04473,1
KCOGL,21,90,2,600,0.045204,1
BA,41,90,2,600,0.183613,4
BAN,41,90,2,600,0.171126,4
BAUD,41,90,2,600,0.134083,3
KCA,41,90,2,600,0.687686,1
KCF,41,90,2,600,0.671012,1
KCRDK,41,90,2,600,0.090199,1
KCRDKL,41,90,2,600,0.090552,1
KCU,41,90,2,600,0.087675,1
KCUD,41,90,2,600,0.091475,1
KCOG,41,90,2,600,0.089683,1
KCOGL,41,90,2,600,0.088518,1
BA,61,90,2,600,0.240692,4
BAN,61,90,2,600,0.195941,4
BAUD,61,90,2,600,0.151069,3
KCA,61,90,2,600,1.24289,1
KCF,61,90,2,600,1.55442,1
KCRDK,61,90,2,600,0.157885,1
KCRDKL,61,90,2,600,0.159405,1
KCU,61,90,2,600,0.155412,1
KCUD,61,90,2,600,0.155566,1
KCOG,61,90,2,600,0.158737,1
KCOGL,61,90,2,600,0.159336,1
BA,81,90,2,600,0.307124,4
BAN,81,90,2,600,0.220282,4
BAUD,81,90,2,600,0.188793,3
KCA,81,90,2,600,2.46759,1
KCF,81,90,2,600,3.00175,1
KCRDK,81,90,2,600,0.262643,1
KCRDKL,81,90,2,600,0.268546,1
KCU,81,90,2,600,0.25718,1
KCUD,81,90,2,600,0.252851,1
KCOG,81,90,2,600,0.251731,1
KCOGL,81,90,2,600,0.253781,1
BA,101,90,2,600,0.415123,4
BAN,101,90,2,600,0.273226,4
BAUD,101,90,2,600,0.23087,3
KCA,101,90,2,600,4.1535,1
KCF,101,90,2,600,3.72295,1
KCRDK,101,90,2,600,0.390987,1
KCRDKL,101,90,2,600,0.388532,1
KCU,101,90,2,600,0.362828,1
KCUD,101,90,2,600,0.366023,1
KCOG,101,90,2,600,0.370506,1
KCOGL,101,90,2,600,0.371896,1
BA,1,90,2,600,0.064076,3
BAN,1,90,2,600,0.070209,3
BAUD,1,90,2,600,0.065282,3
KCA,1,90,2,600,0.04392,2
KCF,1,90,2,600,0.048176,2
KCRDK,1,90,2,600,0.045885,2
KCRDKL,1,90,2,600,0.044389,2
KCU,1,90,2,600,0.039923,2
KCUD,1,90,2,600,0.047535,2
KCOG,1,90,2,600,0.051424,2
KCOGL,1,90,2,600,0.041415,2
BA,21,90,2,600,0.804322,10
BAN,21,90,2,600,1.0496,10
BAUD,21,90,2,600,1.20077,9
KCA,21,90,2,600,0.17873,1
KCF,21,90,2,600,0.171363,1
KCRDK,21,90,2,600,0.048344,1
KCRDKL,21,90,2,600,0.049166,1
KCU,21,90,2,600,0.056857,1
KCUD,21,90,2,600,0.051203,1
KCOG,21,90,2,600,0.054299,1
KCOGL,21,90,2,600,0.049549,1
BA,41,90,2,600,1.50438,12
BAN,41,90,2,600,0.920245,9
BAUD,41,90,2,600,1.62892,10
KCA,41,90,2,600,0.566687,1
KCF,41,90,2,600,0.446356,1
KCRDK,41,90,2,600,0.098277,1
KCRDKL,41,90,2,600,0.093415,1
KCU,41,90,2,600,0.089926,1
KCUD,41,90,2,600,0.096116,1
KCOG,41,90,2,600,0.092755,1
KCOGL,41,90,2,600,0.093914,1
BA,61,90,2,600,1.27538,10
BAN,61,90,2,600,1.25872,10
BAUD,61,90,2,600,1.68415,10
KCA,61,90,2,600,1.36409,1
KCF,61,90,2,600,1.13324,1
KCRDK,61,90,2,600,0.168948,1
KCRDKL,61,90,2,600,0.161685,1
KCU,61,90,2,600,0.165595,1
KCUD,61,90,2,600,0.163258,1
KCOG,61,90,2,600,0.160447,1
KCOGL,61,90,2,600,0.164015,1
BA,81,90,2,600,2.18951,12
BAN,81,90,2,600,1.99018,12
BAUD,81,90,2,600,2.62217,12
KCA,81,90,2,600,1.62649,1
KCF,81,90,2,600,1.37426,1
KCRDK,81,90,2,600,0.261798,1
KCRDKL,81,90,2,600,0.25864,1
KCU,81,90,2,600,0.249512,1
KCUD,81,90,2,600,0.261161,1
KCOG,81,90,2,600,0.256155,1
KCOGL,81,90,2,600,0.254708,1
BA,101,90,2,600,2.16345,11
BAN,101,90,2,600,1.83373,11
BAUD,101,90,2,600,1.47133,9
KCA,101,90,2,600,3.15375,1
KCF,101,90,2,600,2.96038,1
KCRDK,101,90,2,600,0.399362,1
KCRDKL,101,90,2,600,0.39056,1
KCU,101,90,2,600,0.366648,1
KCUD,101,90,2,600,0.371371,1
KCOG,101,90,2,600,0.374907,1
KCOGL,101,90,2,600,0.374528,1
BA,1,90,2,600,0.062102,3
BAN,1,90,2,600,0.070527,3
BAUD,1,90,2,600,0.067719,3
KCA,1,90,2,600,0.02573,1
KCF,1,90,2,600,0.025744,1
KCRDK,1,90,2,600,0.026201,1
KCRDKL,1,90,2,600,0.025901,1
KCU,1,90,2,600,0.024503,1
KCUD,1,90,2,600,0.025771,1
KCOG,1,90,2,600,0.024985,1
KCOGL,1,90,2,600,0.036594,1
BA,21,90,2,600,0.111854,4
BAN,21,90,2,600,0.128885,4
BAUD,21,90,2,600,0.126912,3
KCA,21,90,2,600,0.213565,1
KCF,21,90,2,600,0.215821,1
KCRDK,21,90,2,600,0.072552,2
KCRDKL,21,90,2,600,0.076398,2
KCU,21,90,2,600,0.069749,2
KCUD,21,90,2,600,0.093997,2
KCOG,21,90,2,600,0.070433,2
KCOGL,21,90,2,600,0.072725,2
BA,41,90,2,600,0.153602,4
BAN,41,90,2,600,0.156794,4
BAUD,41,90,2,600,0.233205,4
KCA,41,90,2,600,0.823219,1
KCF,41,90,2,600,0.621041,1
KCRDK,41,90,2,600,0.146099,2
KCRDKL,41,90,2,600,0.145778,2
KCU,41,90,2,600,0.144067,2
KCUD,41,90,2,600,0.164174,2
KCOG,41,90,2,600,0.146069,2
KCOGL,41,90,2,600,0.14781,2
BA,61,90,2,600,0.212373,4
BAN,61,90,2,600,0.167565,4
BAUD,61,90,2,600,0.261829,4
KCA,61,90,2,600,1.92703,1
KCF,61,90,2,600,1.53593,1
KCRDK,61,90,2,600,0.262993,2
KCRDKL,61,90,2,600,0.265545,2
KCU,61,90,2,600,0.255329,2
KCUD,61,90,2,600,0.278718,2
KCOG,61,90,2,600,0.26391,2
KCOGL,61,90,2,600,0.25902,2
BA,81,90,2,600,0.298195,4
BAN,81,90,2,600,0.214343,4
BAUD,81,90,2,600,0.177911,3
KCA,81,90,2,600,2.47418,1
KCF,81,90,2,600,3.87006,1
KCRDK,81,90,2,600,0.43293,2
KCRDKL,81,90,2,600,0.433929,2
KCU,81,90,2,600,0.408113,2
KCUD,81,90,2,600,0.429026,2
KCOG,81,90,2,600,0.415732,2
KCOGL,81,90,2,600,0.414419,2
BA,101,90,2,600,0.400327,4
BAN,101,90,2,600,0.270448,4
BAUD,101,90,2,600,0.236614,3
KCA,101,90,2,600,5.68846,1
KCF,101,90,2,600,4.93331,1
KCRDK,101,90,2,600,0.648801,2
KCRDKL,101,90,2,600,0.615293,2
KCU,101,90,2,600,0.600496,2
KCUD,101,90,2,600,0.622924,2
KCOG,101,90,2,600,0.61231,2
KCOGL,101,90,2,600,0.617093,2
BA,1,90,2,600,0.067801,3
BAN,1,90,2,600,0.078514,3
BAUD,1,90,2,600,0.080552,3
KCA,1,90,2,600,0.042608,2
KCF,1,90,2,600,0.038681,2
KCRDK,1,90,2,600,0.036317,2
KCRDKL,1,90,2,600,0.04141,2
KCU,1,90,2,600,0.039811,2
KCUD,1,90,2,600,0.041435,2
KCOG,1,90,2,600,0.041571,2
KCOGL,1,90,2,600,0.039223,2
BA,21,90,2,600,0.530199,9
BAN,21,90,2,600,0.598198,9
BAUD,21,90,2,600,0.867841,9
KCA,21,90,2,600,0.163699,1
KCF,21,90,2,600,0.154565,1
KCRDK,21,90,2,600,0.04589,1
KCRDKL,21,90,2,600,0.046149,1
KCU,21,90,2,600,0.044858,1
KCUD,21,90,2,600,0.048832,1
KCOG,21,90,2,600,0.047152,1
KCOGL,21,90,2,600,0.04695,1
BA,41,90,2,600,0.632566,9
BAN,41,90,2,600,0.641622,9
BAUD,41,90,2,600,1.16597,10
KCA,41,90,2,600,0.442076,1
KCF,41,90,2,600,0.383794,1
KCRDK,41,90,2,600,0.091043,1
KCRDKL,41,90,2,600,0.091303,1
KCU,41,90,2,600,0.10025,1
KCUD,41,90,2,600,0.093729,1
KCOG,41,90,2,600,0.094113,1
KCOGL,41,90,2,600,0.090525,1
BA,61,90,2,600,1.07457,11
BAN,61,90,2,600,1.05014,11
BAUD,61,90,2,600,0.96517,9
KCA,61,90,2,600,1.06164,1
KCF,61,90,2,600,0.886138,1
KCRDK,61,90,2,600,0.165065,1
KCRDKL,61,90,2,600,0.161914,1
KCU,61,90,2,600,0.156047,1
KCUD,61,90,2,600,0.159288,1
KCOG,61,90,2,600,0.159975,1
KCOGL,61,90,2,600,0.159624,1
BA,81,90,2,600,0.957455,9
BAN,81,90,2,600,0.804956,9
BAUD,81,90,2,600,1.1237,9
KCA,81,90,2,600,1.99057,1
KCF,81,90,2,600,1.81466,1
KCRDK,81,90,2,600,0.25383,1
KCRDKL,81,90,2,600,0.262199,1
KCU,81,90,2,600,0.25129,1
KCUD,81,90,2,600,0.250783,1
KCOG,81,90,2,600,0.254008,1
KCOGL,81,90,2,600,0.252712,1
BA,101,90,2,600,1.18427,9
BAN,101,90,2,600,0.936262,9
BAUD,101,90,2,600,1.20943,9
KCA,101,90,2,600,2.20542,1
KCF,101,90,2,600,2.62614,1
KCRDK,101,90,2,600,0.39675,1
KCRDKL,101,90,2,600,0.39021,1
KCU,101,90,2,600,0.365004,1
KCUD,101,90,2,600,0.366931,1
KCOG,101,90,2,600,0.373682,1
KCOGL,101,90,2,600,0.37324,1
BA,1,90,2,600,0.07279,3
BAN,1,90,2,600,0.071433,3
BAUD,1,90,2,600,0.078313,3
KCA,1,90,2,600,0.026484,1
KCF,1,90,2,600,0.02166,1
KCRDK,1,90,2,600,0.021647,1
KCRDKL,1,90,2,600,0.021638,1
KCU,1,90,2,600,0.024081,1
KCUD,1,90,2,600,0.022744,1
KCOG,1,90,2,600,0.021316,1
KCOGL,1,90,2,600,0.03175,1
BA,21,90,2,600,0.197149,5
BAN,21,90,2,600,0.216551,5
BAUD,21,90,2,600,0.125514,3
KCA,21,90,2,600,0.214727,1
KCF,21,90,2,600,0.184442,1
KCRDK,21,90,2,600,0.072592,2
KCRDKL,21,90,2,600,0.072838,2
KCU,21,90,2,600,0.071476,2
KCUD,21,90,2,600,0.091221,2
KCOG,21,90,2,600,0.072834,2
KCOGL,21,90,2,600,0.072048,2
BA,41,90,2,600,0.237896,5
BAN,41,90,2,600,0.230791,5
BAUD,41,90,2,600,0.142034,3
KCA,41,90,2,600,0.749254,1
KCF,41,90,2,600,0.649315,1
KCRDK,41,90,2,600,0.14013,2
KCRDKL,41,90,2,600,0.145736,2
KCU,41,90,2,600,0.141351,2
KCUD,41,90,2,600,0.166944,2
KCOG,41,90,2,600,0.143147,2
KCOGL,41,90,2,600,0.146503,2
BA,61,90,2,600,0.236416,4
BAN,61,90,2,600,0.194613,4
BAUD,61,90,2,600,0.156242,3
KCA,61,90,2,600,2.13135,1
KCF,61,90,2,600,1.44456,1
KCRDK,61,90,2,600,0.271942,2
KCRDKL,61,90,2,600,0.268369,2
KCU,61,90,2,600,0.254994,2
KCUD,61,90,2,600,0.279961,2
KCOG,61,90,2,600,0.261137,2
KCOGL,61,90,2,600,0.262082,2
BA,81,90,2,600,0.423936,5
BAN,81,90,2,600,0.321224,5
BAUD,81,90,2,600,0.178206,3
KCA,81,90,2,600,2.43031,1
KCF,81,90,2,600,3.0419,1
KCRDK,81,90,2,600,0.441893,2
KCRDKL,81,90,2,600,0.43663,2
KCU,81,90,2,600,0.406894,2
KCUD,81,90,2,600,0.426355,2
KCOG,81,90,2,600,0.416337,2
KCOGL,81,90,2,600,0.416529,2
BA,101,90,2,600,0.55811,5
BAN,101,90,2,600,0.389017,5
BAUD,101,90,2,600,0.249309,3
KCA,101,90,2,600,4.57951,1
KCF,101,90,2,600,2.87024,1
KCRDK,101,90,2,600,0.649969,2
KCRDKL,101,90,2,600,0.616633,2
KCU,101,90,2,600,0.599217,2
KCUD,101,90,2,600,0.624707,2
KCOG,101,90,2,600,0.612585,2
KCOGL,101,90,2,600,0.612665,2
