BA,1,90,2,600,3,0.069534,0.068502,0.000897
KCF,1,90,2,600,1,0.011893,0.01111,0.000444
BA,21,90,2,600,3,0.076137,0.044575,0.031462
KCF,21,90,2,600,1,0.103872,0.086711,0.009374
BA,41,90,2,600,3,0.065105,0.015193,0.049859
KCF,41,90,2,600,1,0.262027,0.20343,0.030281
BA,61,90,2,600,3,0.122243,0.01546,0.106735
KCF,61,90,2,600,1,0.423224,0.297052,0.064151
BA,81,90,2,600,3,0.199327,0.015283,0.183996
KCF,81,90,2,600,1,0.739883,0.506044,0.114022
BA,101,90,2,600,3,0.289254,0.01444,0.274759
KCF,101,90,2,600,1,0.949791,0.609791,0.167531
BA,1,90,2,600,2,0.007392,0.007134,0.000235
KCF,1,90,2,600,1,0.004485,0.004142,0.000207
BA,21,90,2,600,2,0.015882,0.005966,0.009891
KCF,21,90,2,600,1,0.084889,0.067452,0.009241
BA,41,90,2,600,2,0.04064,0.006387,0.03423
KCF,41,90,2,600,1,0.241319,0.182432,0.030381
BA,61,90,2,600,2,0.076435,0.006623,0.069787
KCF,61,90,2,600,1,0.414064,0.289876,0.064319
BA,81,90,2,600,2,0.129307,0.007049,0.122231
KCF,81,90,2,600,1,0.64376,0.430989,0.10925
BA,101,90,2,600,2,0.193367,0.00782,0.185517
KCF,101,90,2,600,1,0.904147,0.568205,0.166044
BA,1,90,2,600,3,0.013914,0.013524,0.000344
KCF,1,90,2,600,1,0.003382,0.002994,0.000232
BA,21,90,2,600,3,0.029826,0.015273,0.014506
KCF,21,90,2,600,1,0.070633,0.054602,0.008513
BA,41,90,2,600,3,0.063326,0.013596,0.049678
KCF,41,90,2,600,1,0.239913,0.181176,0.029952
BA,61,90,2,600,3,0.117808,0.01441,0.103348
KCF,61,90,2,600,1,0.404664,0.282044,0.063343
BA,81,90,2,600,3,0.193423,0.013748,0.179624
KCF,81,90,2,600,1,0.659457,0.440183,0.116578
BA,101,90,2,600,4,0.39066,0.025406,0.365174
KCF,101,90,2,600,1,0.960567,0.63085,0.159061
BA,1,90,2,600,2,0.007169,0.006895,0.000249
KCF,1,90,2,600,1,0.004706,0.004371,0.000195
BA,21,90,2,600,2,0.015345,0.006412,0.008905
KCF,21,90,2,600,1,0.085771,0.068898,0.009208
BA,41,90,2,600,2,0.040821,0.006548,0.034247
KCF,41,90,2,600,1,0.240728,0.181826,0.030255
BA,61,90,2,600,2,0.078726,0.006435,0.072268
KCF,61,90,2,600,1,0.41508,0.292262,0.06405
BA,81,90,2,600,2,0.127221,0.006416,0.120779
KCF,81,90,2,600,1,0.661267,0.454102,0.105713
BA,101,90,2,600,2,0.191122,0.006663,0.184432
KCF,101,90,2,600,1,0.937988,0.601168,0.166097
BA,1,90,2,600,3,0.016032,0.01562,0.000368
KCF,1,90,2,600,2,0.007082,0.006547,0.000269
BA,21,90,2,600,22,1.71831,1.60823,0.109485
KCF,21,90,2,600,1,0.040732,0.024786,0.007947
BA,41,90,2,600,22,1.91949,1.54049,0.378386
KCF,41,90,2,600,1,0.117551,0.06008,0.029995
BA,61,90,2,600,22,2.35245,1.59026,0.76157
KCF,61,90,2,600,1,0.238579,0.11542,0.063774
BA,81,90,2,600,21,2.63433,1.35701,1.27666
KCF,81,90,2,600,1,0.39292,0.18258,0.107507
BA,101,90,2,600,23,3.832,1.73102,2.10019
KCF,101,90,2,600,1,0.590469,0.25711,0.163882
BA,1,90,2,600,3,0.014085,0.013668,0.000374
KCF,1,90,2,600,1,0.003309,0.002986,0.000194
BA,21,90,2,600,4,0.044473,0.024227,0.020168
KCF,21,90,2,600,1,0.094259,0.076812,0.008507
BA,41,90,2,600,4,0.091413,0.024322,0.067017
KCF,41,90,2,600,1,0.238579,0.180682,0.030324
BA,61,90,2,600,4,0.213753,0.031446,0.182208
KCF,61,90,2,600,1,0.424428,0.301825,0.063522
BA,81,90,2,600,4,0.262422,0.021799,0.240547
KCF,81,90,2,600,1,0.686161,0.474324,0.110351
BA,101,90,2,600,4,0.388448,0.022311,0.366059
KCF,101,90,2,600,1,1.04737,0.710804,0.166644
BA,1,90,2,600,4,0.028024,0.027453,0.000491
KCF,1,90,2,600,1,0.004204,0.003892,0.000177
BA,21,90,2,600,11,0.268636,0.216461,0.051897
KCF,21,90,2,600,1,0.05669,0.039765,0.008413
BA,41,90,2,600,11,0.413874,0.225909,0.187671
KCF,41,90,2,600,1,0.217599,0.159018,0.030647
BA,61,90,2,600,12,0.700823,0.275387,0.425112
KCF,61,90,2,600,1,0.338091,0.215021,0.063722
BA,81,90,2,600,10,0.788683,0.188527,0.599887
KCF,81,90,2,600,1,0.567806,0.356629,0.109657
BA,101,90,2,600,10,1.09288,0.182838,0.90978
KCF,101,90,2,600,1,0.789346,0.452364,0.166876
BA,1,90,2,600,3,0.015352,0.014873,0.000433
KCF,1,90,2,600,2,0.007282,0.006585,0.000381
BA,21,90,2,600,16,0.644765,0.564669,0.079632
KCF,21,90,2,600,1,0.038296,0.021681,0.008887
BA,41,90,2,600,17,0.976918,0.685609,0.290806
KCF,41,90,2,600,1,0.116759,0.048441,0.033686
BA,61,90,2,600,17,1.28782,0.684971,0.602313
KCF,61,90,2,600,1,0.212092,0.089674,0.063154
BA,81,90,2,600,16,1.55885,0.588716,0.969647
KCF,81,90,2,600,1,0.372793,0.163862,0.106966
BA,101,90,2,600,18,2.4345,0.799916,1.63406
KCF,101,90,2,600,1,0.525695,0.190877,0.163317
BA,1,90,2,600,3,0.015411,0.015001,0.000365
KCF,1,90,2,600,1,0.003961,0.003506,0.000233
BA,21,90,2,600,4,0.044474,0.024876,0.019517
KCF,21,90,2,600,1,0.09074,0.074385,0.008601
BA,41,90,2,600,4,0.092664,0.025001,0.067588
KCF,41,90,2,600,1,0.240006,0.181735,0.029691
BA,61,90,2,600,4,0.16671,0.026199,0.140434
KCF,61,90,2,600,1,0.405765,0.278873,0.066326
BA,81,90,2,600,4,0.270948,0.025458,0.245409
KCF,81,90,2,600,1,0.653266,0.439138,0.111023
BA,101,90,2,600,4,0.397068,0.025087,0.371905
KCF,101,90,2,600,1,0.975765,0.635242,0.168487
BA,1,90,2,600,4,0.030002,0.029443,0.000493
KCF,1,90,2,600,2,0.009526,0.008645,0.00043
BA,21,90,2,600,14,0.498017,0.428536,0.069103
KCF,21,90,2,600,1,0.057664,0.040214,0.009486
BA,41,90,2,600,15,0.787576,0.532592,0.25455
KCF,41,90,2,600,1,0.144534,0.087294,0.029551
BA,61,90,2,600,14,0.916747,0.428557,0.487782
KCF,61,90,2,600,1,0.306943,0.185544,0.06234
BA,81,90,2,600,15,1.41113,0.520226,0.890464
KCF,81,90,2,600,1,0.419324,0.20946,0.108643
BA,101,90,2,600,15,1.86604,0.505366,1.36015
KCF,101,90,2,600,1,0.670711,0.333576,0.166334
BA,1,90,2,600,2,0.007563,0.007267,0.000271
KCF,1,90,2,600,1,0.004813,0.004405,0.000255
BA,21,90,2,600,3,0.030872,0.016321,0.014499
KCF,21,90,2,600,1,0.125325,0.108349,0.00849
BA,41,90,2,600,3,0.067169,0.015025,0.052092
KCF,41,90,2,600,1,0.24872,0.190253,0.030764
BA,61,90,2,600,3,0.123159,0.015997,0.107108
KCF,61,90,2,600,1,0.452262,0.326889,0.06486
BA,81,90,2,600,3,0.209842,0.016098,0.193692
KCF,81,90,2,600,1,0.753895,0.537731,0.111725
BA,101,90,2,600,3,0.292234,0.014925,0.277257
KCF,101,90,2,600,1,1.1305,0.789452,0.168609
BA,1,90,2,600,4,0.024806,0.024277,0.000459
KCF,1,90,2,600,1,0.004493,0.004171,0.000181
BA,21,90,2,600,11,0.282222,0.228048,0.053896
KCF,21,90,2,600,1,0.06795,0.052169,0.008292
BA,41,90,2,600,13,0.541769,0.326982,0.214423
KCF,41,90,2,600,1,0.19901,0.142146,0.02941
BA,61,90,2,600,11,0.610853,0.22657,0.383925
KCF,61,90,2,600,1,0.349932,0.225665,0.06378
BA,81,90,2,600,12,1.00708,0.282995,0.723735
KCF,81,90,2,600,1,0.554896,0.340793,0.109902
BA,101,90,2,600,11,1.23882,0.228365,1.01009
KCF,101,90,2,600,1,0.790367,0.452566,0.167471
BA,1,90,2,600,2,0.007256,0.006973,0.000256
KCF,1,90,2,600,1,0.004794,0.004451,0.000187
BA,21,90,2,600,2,0.015902,0.005941,0.009933
KCF,21,90,2,600,1,0.083421,0.066806,0.008461
BA,41,90,2,600,2,0.038655,0.006032,0.032595
KCF,41,90,2,600,1,0.239389,0.181857,0.029083
BA,61,90,2,600,2,0.075316,0.006271,0.069019
KCF,61,90,2,600,1,0.406319,0.283118,0.064023
BA,81,90,2,600,2,0.130213,0.006893,0.123296
KCF,81,90,2,600,1,0.613362,0.402288,0.109189
BA,101,90,2,600,2,0.188513,0.006397,0.18209
KCF,101,90,2,600,1,0.940818,0.604265,0.166747
BA,1,90,2,600,4,0.025978,0.025333,0.000567
KCF,1,90,2,600,1,0.004995,0.004646,0.000191
BA,21,90,2,600,16,0.637733,0.560376,0.076843
KCF,21,90,2,600,1,0.048573,0.031736,0.008858
BA,41,90,2,600,16,0.830948,0.5667,0.263822
KCF,41,90,2,600,1,0.202769,0.144725,0.030605
BA,61,90,2,600,15,1.05582,0.537502,0.517874
KCF,61,90,2,600,1,0.330653,0.208665,0.06249
BA,81,90,2,600,15,1.41202,0.51545,0.89613
KCF,81,90,2,600,1,0.486437,0.273599,0.109749
BA,101,90,2,600,16,2.04478,0.575631,1.46871
KCF,101,90,2,600,1,0.766913,0.428593,0.167471
BA,1,90,2,600,2,0.007662,0.007385,0.000252
KCF,1,90,2,600,1,0.005294,0.004961,0.000191
BA,21,90,2,600,2,0.015532,0.00571,0.009798
KCF,21,90,2,600,1,0.0809,0.06382,0.009256
BA,41,90,2,600,2,0.038439,0.005681,0.032734
KCF,41,90,2,600,1,0.229971,0.171215,0.030262
BA,61,90,2,600,2,0.077004,0.006079,0.070872
KCF,61,90,2,600,1,0.407521,0.28249,0.065273
BA,81,90,2,600,2,0.127991,0.006419,0.121547
KCF,81,90,2,600,1,0.667128,0.452799,0.111076
BA,101,90,2,600,2,0.187945,0.006025,0.181892
KCF,101,90,2,600,1,0.979736,0.635363,0.168488
BA,1,90,2,600,2,0.006114,0.005892,0.000201
KCF,1,90,2,600,1,0.004901,0.004537,0.00019
BA,21,90,2,600,2,0.015462,0.005963,0.009475
KCF,21,90,2,600,1,0.089621,0.073928,0.008302
BA,41,90,2,600,2,0.03966,0.005958,0.033674
KCF,41,90,2,600,1,0.244097,0.185076,0.030124
BA,61,90,2,600,2,0.077329,0.0062,0.0711
KCF,61,90,2,600,1,0.422916,0.29855,0.064601
BA,81,90,2,600,2,0.127914,0.006786,0.121103
KCF,81,90,2,600,1,0.692273,0.478912,0.110219
BA,101,90,2,600,2,0.190776,0.006497,0.184251
KCF,101,90,2,600,1,0.999854,0.665591,0.16466
BA,1,90,2,600,3,0.014517,0.01415,0.000322
KCF,1,90,2,600,1,0.003643,0.003294,0.000196
BA,21,90,2,600,3,0.030978,0.014969,0.01594
KCF,21,90,2,600,1,0.096155,0.078596,0.008974
BA,41,90,2,600,3,0.066535,0.014744,0.051745
KCF,41,90,2,600,1,0.255809,0.195782,0.030625
BA,61,90,2,600,3,0.122121,0.015451,0.106617
KCF,61,90,2,600,1,0.419695,0.295353,0.064938
BA,81,90,2,600,3,0.200903,0.015556,0.185298
KCF,81,90,2,600,1,0.675346,0.460241,0.111542
BA,101,90,2,600,3,0.293049,0.014872,0.278099
KCF,101,90,2,600,1,1.01109,0.670222,0.16786
BA,1,90,2,600,3,0.015269,0.014739,0.000485
KCF,1,90,2,600,2,0.007123,0.006557,0.000312
BA,21,90,2,600,7,0.118657,0.086743,0.03178
KCF,21,90,2,600,1,0.075021,0.057561,0.008734
BA,41,90,2,600,7,0.20639,0.088947,0.117249
KCF,41,90,2,600,1,0.18611,0.128879,0.029622
BA,61,90,2,600,7,0.320923,0.080475,0.240286
KCF,61,90,2,600,1,0.296996,0.175204,0.063021
BA,81,90,2,600,7,0.502229,0.081026,0.421032
KCF,81,90,2,600,1,0.459337,0.249841,0.108002
BA,101,90,2,600,7,0.718756,0.078811,0.639781
KCF,101,90,2,600,1,0.807092,0.471699,0.165506
BA,1,90,2,600,2,0.006711,0.006441,0.000246
KCF,1,90,2,600,1,0.005533,0.005173,0.000214
BA,21,90,2,600,2,0.015683,0.006437,0.009224
KCF,21,90,2,600,1,0.092709,0.076042,0.009111
BA,41,90,2,600,2,0.039267,0.006642,0.032598
KCF,41,90,2,600,1,0.247971,0.1906,0.029591
BA,61,90,2,600,2,0.076486,0.007081,0.069377
KCF,61,90,2,600,1,0.421974,0.297564,0.065075
BA,81,90,2,600,2,0.129021,0.007115,0.12188
KCF,81,90,2,600,1,0.659114,0.444287,0.112119
BA,101,90,2,600,2,0.192645,0.006962,0.185655
KCF,101,90,2,600,1,0.96284,0.620582,0.169832
BA,1,90,2,600,4,0.028849,0.028355,0.000429
KCF,1,90,2,600,1,0.006592,0.006036,0.000337
BA,21,90,2,600,16,0.667703,0.584663,0.08259
KCF,21,90,2,600,1,0.049889,0.033844,0.008588
BA,41,90,2,600,16,0.870615,0.605842,0.264326
KCF,41,90,2,600,1,0.158857,0.100523,0.030545
BA,61,90,2,600,16,1.16941,0.607028,0.561936
KCF,61,90,2,600,1,0.279893,0.15517,0.0642
BA,81,90,2,600,17,1.71971,0.687559,1.03158
KCF,81,90,2,600,1,0.406777,0.194042,0.11026
BA,101,90,2,600,15,1.91794,0.53397,1.38349
KCF,101,90,2,600,1,0.780989,0.438169,0.167785
BA,1,90,2,600,3,0.016032,0.015552,0.00043
KCF,1,90,2,600,2,0.006305,0.005727,0.000322
BA,21,90,2,600,13,0.406978,0.34587,0.060726
KCF,21,90,2,600,1,0.049846,0.034064,0.008265
BA,41,90,2,600,13,0.55056,0.33102,0.219152
KCF,41,90,2,600,1,0.207549,0.150062,0.029823
BA,61,90,2,600,13,0.793302,0.342504,0.450388
KCF,61,90,2,600,1,0.322366,0.199614,0.063207
BA,81,90,2,600,13,1.13813,0.350377,0.787343
KCF,81,90,2,600,1,0.513952,0.300431,0.111056
BA,101,90,2,600,14,1.72188,0.425428,1.29606
KCF,101,90,2,600,1,0.750061,0.414448,0.165275
BA,1,90,2,600,3,0.014602,0.014122,0.000435
KCF,1,90,2,600,2,0.006088,0.005525,0.000314
BA,21,90,2,600,9,0.169831,0.127342,0.042233
KCF,21,90,2,600,1,0.059359,0.043377,0.008639
BA,41,90,2,600,10,0.323416,0.158948,0.164193
KCF,41,90,2,600,1,0.23733,0.179847,0.029791
BA,61,90,2,600,9,0.45352,0.140957,0.312328
KCF,61,90,2,600,1,0.358124,0.235196,0.063996
BA,81,90,2,600,8,0.592061,0.106386,0.485468
KCF,81,90,2,600,1,0.60465,0.390442,0.111119
BA,101,90,2,600,9,0.954696,0.127059,0.827409
KCF,101,90,2,600,1,0.805395,0.464779,0.168281
BA,1,90,2,600,3,0.015719,0.015291,0.000382
KCF,1,90,2,600,2,0.006563,0.006021,0.000283
BA,21,90,2,600,13,0.443856,0.378865,0.064632
KCF,21,90,2,600,1,0.056744,0.038887,0.009462
BA,41,90,2,600,13,0.572603,0.356423,0.215806
KCF,41,90,2,600,1,0.176189,0.117783,0.02996
BA,61,90,2,600,13,0.824359,0.369238,0.454762
KCF,61,90,2,600,1,0.319555,0.196408,0.063512
BA,81,90,2,600,13,1.14012,0.364806,0.77488
KCF,81,90,2,600,1,0.521792,0.307873,0.110396
BA,101,90,2,600,12,1.40098,0.287346,1.11326
KCF,101,90,2,600,1,0.789149,0.449952,0.166854
BA,1,90,2,600,3,0.013144,0.012765,0.000332
KCF,1,90,2,600,1,0.003055,0.002665,0.000221
BA,21,90,2,600,4,0.045363,0.024995,0.02029
KCF,21,90,2,600,1,0.084798,0.066368,0.009561
BA,41,90,2,600,4,0.092206,0.022334,0.069797
KCF,41,90,2,600,1,0.236682,0.179021,0.029761
BA,61,90,2,600,4,0.16448,0.024472,0.13993
KCF,61,90,2,600,1,0.413154,0.288055,0.064976
BA,81,90,2,600,4,0.26913,0.023121,0.245929
KCF,81,90,2,600,1,0.662016,0.449758,0.109954
BA,101,90,2,600,4,0.388172,0.022474,0.365616
KCF,101,90,2,600,1,1.00601,0.670784,0.165696
BA,1,90,2,600,4,0.025351,0.024802,0.000484
KCF,1,90,2,600,1,0.004316,0.003988,0.000184
BA,21,90,2,600,15,0.587907,0.514563,0.072942
KCF,21,90,2,600,1,0.078348,0.062247,0.008447
BA,41,90,2,600,15,0.739041,0.484865,0.253776
KCF,41,90,2,600,1,0.184778,0.125891,0.030722
BA,61,90,2,600,15,1.01967,0.486936,0.532319
KCF,61,90,2,600,1,0.328433,0.208203,0.061828
BA,81,90,2,600,15,1.38757,0.497836,0.889232
KCF,81,90,2,600,1,0.520607,0.30963,0.109772
BA,101,90,2,600,15,1.87026,0.501685,1.36812
KCF,101,90,2,600,1,0.771667,0.435375,0.165579
BA,1,90,2,600,2,0.007879,0.007587,0.000268
KCF,1,90,2,600,1,0.005189,0.004854,0.000185
BA,21,90,2,600,3,0.02803,0.013849,0.014132
KCF,21,90,2,600,1,0.091071,0.074903,0.008385
BA,41,90,2,600,3,0.062572,0.01369,0.048829
KCF,41,90,2,600,1,0.249928,0.192571,0.02933
BA,61,90,2,600,3,0.118684,0.014948,0.103679
KCF,61,90,2,600,1,0.416343,0.293959,0.06357
BA,81,90,2,600,3,0.19441,0.014655,0.179705
KCF,81,90,2,600,1,0.680155,0.467069,0.110501
