BA,1,90,2,600,3,0.016369,0.01605,0.000288
KCOGL,1,90,2,600,1,0.003363,0.002703,0.000552
BA,21,90,2,600,4,0.036963,0.025923,0.010965
KCOGL,21,90,2,600,2,0.03604,0.012564,0.011787
BA,41,90,2,600,4,0.076429,0.031042,0.045299
KCOGL,41,90,2,600,2,0.103515,0.025632,0.043734
BA,61,90,2,600,4,0.133002,0.033544,0.099406
KCOGL,61,90,2,600,2,0.219342,0.05041,0.077456
BA,81,90,2,600,4,0.202299,0.03962,0.162626
KCOGL,81,90,2,600,2,0.35075,0.073271,0.13625
BA,101,90,2,600,5,0.367828,0.066883,0.300869
KCOGL,101,90,2,600,2,0.551102,0.121054,0.188729
BA,1,90,2,600,1,0.003351,0.003288,6.1e-05
KCOGL,1,90,2,600,0,0.000759,0.000508,0.000215
BA,21,90,2,600,1,0.005822,0.000676,0.005141
KCOGL,21,90,2,600,0,0.009056,0.004323,0.00287
BA,41,90,2,600,1,0.015252,0.000771,0.014478
KCOGL,41,90,2,600,0,0.027305,0.005742,0.014738
BA,61,90,2,600,1,0.03086,0.001002,0.029855
KCOGL,61,90,2,600,0,0.05216,0.011761,0.020618
BA,81,90,2,600,1,0.045449,0.000812,0.044635
KCOGL,81,90,2,600,0,0.084094,0.020421,0.03469
BA,101,90,2,600,1,0.061676,0.000826,0.060848
KCOGL,101,90,2,600,0,0.121666,0.028827,0.05308
BA,1,90,2,600,3,0.009549,0.009256,0.000269
KCOGL,1,90,2,600,1,0.005341,0.004042,0.001085
BA,21,90,2,600,3,0.025329,0.013703,0.011528
KCOGL,21,90,2,600,1,0.020718,0.006782,0.009023
BA,41,90,2,600,3,0.053702,0.017319,0.03629
KCOGL,41,90,2,600,1,0.07241,0.019118,0.030421
BA,61,90,2,600,3,0.098441,0.019757,0.078634
KCOGL,61,90,2,600,1,0.167272,0.046234,0.063155
BA,81,90,2,600,3,0.158675,0.028319,0.130314
KCOGL,81,90,2,600,1,0.227878,0.055631,0.090535
BA,101,90,2,600,3,0.21032,0.030433,0.179849
KCOGL,101,90,2,600,1,0.349411,0.081499,0.132652
BA,1,90,2,600,1,0.001084,0.001022,5.9e-05
KCOGL,1,90,2,600,0,0.000878,0.000596,0.000198
BA,21,90,2,600,1,0.004056,0.000747,0.003307
KCOGL,21,90,2,600,0,0.008409,0.003017,0.003105
BA,41,90,2,600,1,0.013927,0.00082,0.013104
KCOGL,41,90,2,600,0,0.027597,0.007308,0.011781
BA,61,90,2,600,1,0.026547,0.001245,0.025299
KCOGL,61,90,2,600,0,0.054372,0.012173,0.024258
BA,81,90,2,600,1,0.042967,0.000799,0.042166
KCOGL,81,90,2,600,0,0.089351,0.022781,0.039208
BA,101,90,2,600,1,0.066443,0.000828,0.065613
KCOGL,101,90,2,600,0,0.132857,0.032032,0.060219
BA,1,90,2,600,2,0.004954,0.004781,0.00016
KCOGL,1,90,2,600,1,0.003019,0.002366,0.000521
BA,21,90,2,600,2,0.012792,0.006238,0.006516
KCOGL,21,90,2,600,1,0.024696,0.008582,0.006344
BA,41,90,2,600,2,0.031344,0.008206,0.023089
KCOGL,41,90,2,600,1,0.071297,0.019925,0.028398
BA,61,90,2,600,2,0.061922,0.011788,0.050114
KCOGL,61,90,2,600,1,0.150145,0.035232,0.056018
BA,81,90,2,600,2,0.109415,0.013735,0.095659
KCOGL,81,90,2,600,1,0.24683,0.061547,0.096051
BA,101,90,2,600,2,0.148831,0.017566,0.131241
KCOGL,101,90,2,600,1,0.352962,0.08341,0.134521
BA,1,90,2,600,1,0.001645,0.001552,9.2e-05
KCOGL,1,90,2,600,0,0.001134,0.000802,0.000276
BA,21,90,2,600,1,0.004353,0.001328,0.003023
KCOGL,21,90,2,600,0,0.008607,0.002539,0.003078
BA,41,90,2,600,1,0.01496,0.001381,0.013576
KCOGL,41,90,2,600,0,0.025876,0.00637,0.012049
BA,61,90,2,600,1,0.027461,0.000878,0.026581
KCOGL,61,90,2,600,0,0.05588,0.01372,0.02466
BA,81,90,2,600,1,0.044609,0.000732,0.043874
KCOGL,81,90,2,600,0,0.075455,0.022109,0.038065
BA,101,90,2,600,1,0.067248,0.000989,0.066257
KCOGL,101,90,2,600,0,0.128417,0.030685,0.057588
BA,1,90,2,600,1,0.001576,0.001443,0.000131
KCOGL,1,90,2,600,0,0.000786,0.000552,0.000214
BA,21,90,2,600,1,0.003409,0.000641,0.002747
KCOGL,21,90,2,600,0,0.013547,0.006619,0.003707
BA,41,90,2,600,1,0.025456,0.002438,0.023015
KCOGL,41,90,2,600,0,0.04186,0.009298,0.0163
BA,61,90,2,600,1,0.031916,0.000829,0.031084
KCOGL,61,90,2,600,0,0.061679,0.015369,0.026008
BA,81,90,2,600,1,0.042139,0.000873,0.041264
KCOGL,81,90,2,600,0,0.087465,0.021505,0.039185
BA,101,90,2,600,1,0.072861,0.001094,0.071764
KCOGL,101,90,2,600,0,0.131104,0.032253,0.059585
BA,1,90,2,600,4,0.020285,0.019916,0.000321
KCOGL,1,90,2,600,2,0.004751,0.003842,0.000732
BA,21,90,2,600,13,0.325994,0.282161,0.043523
KCOGL,21,90,2,600,1,0.028293,0.009594,0.010757
BA,41,90,2,600,14,0.610553,0.425117,0.185076
KCOGL,41,90,2,600,1,0.075959,0.02063,0.031176
BA,61,90,2,600,13,0.67633,0.332466,0.343628
KCOGL,61,90,2,600,1,0.149651,0.037131,0.054716
BA,81,90,2,600,14,1.02901,0.415756,0.612966
KCOGL,81,90,2,600,1,0.222894,0.05912,0.089068
BA,101,90,2,600,14,1.3664,0.469815,0.896297
KCOGL,101,90,2,600,1,0.376063,0.084785,0.134737
BA,1,90,2,600,4,0.024278,0.023645,0.000494
KCOGL,1,90,2,600,3,0.00951,0.007751,0.001273
BA,21,90,2,600,16,0.541718,0.48325,0.058045
KCOGL,21,90,2,600,1,0.026411,0.008614,0.007905
BA,41,90,2,600,14,0.610062,0.421876,0.187884
KCOGL,41,90,2,600,1,0.070203,0.018424,0.029427
BA,61,90,2,600,17,1.07714,0.624078,0.452698
KCOGL,61,90,2,600,1,0.137854,0.036043,0.054205
BA,81,90,2,600,16,1.33649,0.602083,0.73407
KCOGL,81,90,2,600,1,0.272658,0.074653,0.107226
BA,101,90,2,600,15,2.04196,0.803115,1.23846
KCOGL,101,90,2,600,1,0.355805,0.08616,0.1333
BA,1,90,2,600,3,0.012781,0.012362,0.000349
KCOGL,1,90,2,600,2,0.005785,0.005109,0.00038
BA,21,90,2,600,8,0.137335,0.105337,0.031818
KCOGL,21,90,2,600,1,0.028354,0.00979,0.007179
BA,41,90,2,600,9,0.260872,0.143819,0.116776
KCOGL,41,90,2,600,1,0.080121,0.01959,0.030708
BA,61,90,2,600,8,0.344397,0.124656,0.219583
KCOGL,61,90,2,600,1,0.142798,0.040561,0.054442
BA,81,90,2,600,9,0.596002,0.174863,0.420942
KCOGL,81,90,2,600,1,0.299867,0.081233,0.114225
BA,101,90,2,600,8,0.969899,0.234792,0.734881
KCOGL,101,90,2,600,1,0.536493,0.131083,0.189337
