BA,1,100,1,1,4,0.035473,0.034973,0.000322
KCHOGL,1,100,1,1,3,0.010737,0.010068,0.000354
BA,11,100,1,1,11,0.334951,0.321919,0.012358
KCHOGL,11,100,1,1,1,0.011208,0.006646,0.00227
BA,21,100,1,1,11,0.363204,0.326307,0.036221
KCHOGL,21,100,1,1,1,0.023016,0.009453,0.006494
BA,31,100,1,1,12,0.473986,0.394746,0.078447
KCHOGL,31,100,1,1,1,0.042716,0.01392,0.014088
BA,41,100,1,1,13,0.617126,0.463713,0.15246
KCHOGL,41,100,1,1,1,0.068011,0.019381,0.024009
BA,51,100,1,1,11,0.476992,0.299974,0.176233
KCHOGL,51,100,1,1,1,0.093734,0.024832,0.034066
BA,61,100,1,1,11,0.563993,0.307247,0.255909
KCHOGL,61,100,1,1,1,0.132188,0.033159,0.049141
BA,71,100,1,1,12,0.754436,0.396191,0.357368
KCHOGL,71,100,1,1,1,0.176912,0.043599,0.067296
BA,81,100,1,1,13,1.01208,0.499186,0.511891
KCHOGL,81,100,1,1,1,0.225959,0.053527,0.086762
BA,91,100,1,1,11,0.919751,0.380043,0.538862
KCHOGL,91,100,1,1,1,0.281379,0.065897,0.108872
BA,101,100,1,1,12,1.17012,0.45721,0.711995
KCHOGL,101,100,1,1,1,0.338888,0.076227,0.132623
BA,1,100,1,1,4,0.028298,0.027834,0.000293
KCHOGL,1,100,1,1,3,0.00934,0.008721,0.000311
BA,11,100,1,1,10,0.206909,0.197203,0.009204
KCHOGL,11,100,1,1,1,0.008784,0.005197,0.001852
BA,21,100,1,1,13,0.404515,0.371163,0.032658
KCHOGL,21,100,1,1,1,0.016926,0.007435,0.005106
BA,31,100,1,1,12,0.347442,0.285363,0.061421
KCHOGL,31,100,1,1,1,0.031336,0.011334,0.010656
BA,41,100,1,1,12,0.414862,0.302769,0.111307
KCHOGL,41,100,1,1,1,0.053618,0.017142,0.01936
BA,51,100,1,1,10,0.361095,0.215565,0.144835
KCHOGL,51,100,1,1,1,0.081507,0.024529,0.030057
BA,61,100,1,1,12,0.590823,0.335936,0.254007
KCHOGL,61,100,1,1,1,0.11705,0.032036,0.045276
BA,71,100,1,1,12,0.705895,0.361736,0.343303
KCHOGL,71,100,1,1,1,0.163958,0.044242,0.061145
BA,81,100,1,1,12,0.825661,0.38739,0.437437
KCHOGL,81,100,1,1,1,0.217918,0.053993,0.079336
BA,91,100,1,1,13,1.07302,0.479521,0.592533
KCHOGL,91,100,1,1,1,0.279342,0.06588,0.105174
BA,101,100,1,1,13,1.24419,0.51728,0.725929
KCHOGL,101,100,1,1,1,0.34271,0.077607,0.134508
BA,1,100,1,1,3,0.017498,0.017159,0.000231
KCHOGL,1,100,1,1,1,0.003466,0.00322,0.000143
BA,11,100,1,1,4,0.031194,0.027336,0.003697
KCHOGL,11,100,1,1,1,0.008073,0.004489,0.00184
BA,21,100,1,1,6,0.08258,0.067081,0.015234
KCHOGL,21,100,1,1,1,0.017659,0.007113,0.005226
BA,31,100,1,1,4,0.049725,0.028992,0.020546
KCHOGL,31,100,1,1,1,0.031965,0.010983,0.011753
BA,41,100,1,1,6,0.132726,0.075187,0.057178
KCHOGL,41,100,1,1,1,0.053901,0.017287,0.019364
BA,51,100,1,1,6,0.168679,0.074429,0.093884
KCHOGL,51,100,1,1,1,0.081304,0.023885,0.030586
BA,61,100,1,1,7,0.265382,0.115969,0.14895
KCHOGL,61,100,1,1,1,0.117104,0.032712,0.045029
BA,71,100,1,1,6,0.2669,0.094589,0.171897
KCHOGL,71,100,1,1,1,0.164773,0.042864,0.062359
BA,81,100,1,1,4,0.197158,0.050104,0.146815
KCHOGL,81,100,1,1,1,0.219181,0.054009,0.079473
BA,91,100,1,1,7,0.475609,0.155296,0.319839
KCHOGL,91,100,1,1,1,0.279448,0.065508,0.105575
BA,101,100,1,1,6,0.459105,0.126327,0.332354
KCHOGL,101,100,1,1,1,0.342679,0.077007,0.134908
BA,1,100,1,1,2,0.008889,0.008683,0.000153
KCHOGL,1,100,1,1,1,0.003102,0.002832,0.000141
BA,11,100,1,1,3,0.017084,0.014404,0.00258
KCHOGL,11,100,1,1,2,0.012744,0.00677,0.002969
BA,21,100,1,1,3,0.022127,0.014402,0.007623
KCHOGL,21,100,1,1,2,0.027677,0.011424,0.008529
BA,31,100,1,1,3,0.031975,0.016255,0.015602
KCHOGL,31,100,1,1,2,0.053268,0.017128,0.016389
BA,41,100,1,1,3,0.045717,0.01712,0.028457
KCHOGL,41,100,1,1,2,0.095369,0.02804,0.029716
BA,51,100,1,1,3,0.064063,0.019746,0.044168
KCHOGL,51,100,1,1,2,0.149028,0.042207,0.046821
BA,61,100,1,1,3,0.088801,0.019057,0.069585
KCHOGL,61,100,1,1,2,0.20927,0.053557,0.069701
BA,71,100,1,1,3,0.115684,0.028652,0.086861
KCHOGL,71,100,1,1,2,0.294109,0.071812,0.101315
BA,81,100,1,1,3,0.140391,0.030924,0.109282
KCHOGL,81,100,1,1,2,0.368827,0.091719,0.117336
BA,91,100,1,1,3,0.173863,0.038229,0.135475
KCHOGL,91,100,1,1,2,0.473294,0.110747,0.157798
BA,101,100,1,1,3,0.212239,0.044761,0.167303
KCHOGL,101,100,1,1,2,0.575924,0.132936,0.199419
BA,1,100,1,1,3,0.020377,0.020034,0.000234
KCHOGL,1,100,1,1,2,0.00549,0.005067,0.000225
BA,11,100,1,1,9,0.144323,0.135658,0.008258
KCHOGL,11,100,1,1,1,0.00859,0.005271,0.001893
BA,21,100,1,1,9,0.165459,0.142362,0.022673
KCHOGL,21,100,1,1,1,0.017136,0.007565,0.005172
BA,31,100,1,1,10,0.242206,0.190294,0.050479
KCHOGL,31,100,1,1,1,0.030914,0.011161,0.01055
BA,41,100,1,1,9,0.240969,0.157944,0.082532
KCHOGL,41,100,1,1,1,0.057534,0.016837,0.019243
BA,51,100,1,1,9,0.301671,0.171991,0.129113
KCHOGL,51,100,1,1,1,0.088731,0.024113,0.030512
BA,61,100,1,1,10,0.42651,0.216411,0.209468
KCHOGL,61,100,1,1,1,0.116988,0.033194,0.044912
BA,71,100,1,1,12,0.687947,0.343469,0.343644
KCHOGL,71,100,1,1,1,0.16502,0.044077,0.062285
BA,81,100,1,1,10,0.623007,0.254705,0.36759
KCHOGL,81,100,1,1,1,0.21628,0.055543,0.076972
BA,91,100,1,1,9,0.638739,0.229252,0.408857
KCHOGL,91,100,1,1,1,0.276434,0.064844,0.105163
BA,101,100,1,1,10,0.844342,0.290039,0.553611
KCHOGL,101,100,1,1,1,0.339299,0.077388,0.132816
BA,1,100,1,1,2,0.00885,0.008636,0.00016
KCHOGL,1,100,1,1,1,0.003267,0.003024,0.000141
BA,11,100,1,1,2,0.015214,0.006537,0.001614
KCHOGL,11,100,1,1,1,0.007458,0.004213,0.00184
BA,21,100,1,1,2,0.011733,0.006747,0.004935
KCHOGL,21,100,1,1,1,0.016168,0.00684,0.005087
BA,31,100,1,1,2,0.017757,0.007252,0.010451
KCHOGL,31,100,1,1,1,0.030421,0.010486,0.010578
BA,41,100,1,1,2,0.026783,0.008513,0.018201
KCHOGL,41,100,1,1,1,0.05474,0.015364,0.018725
BA,51,100,1,1,2,0.036623,0.009288,0.027264
KCHOGL,51,100,1,1,1,0.085488,0.021668,0.032016
BA,61,100,1,1,2,0.052953,0.011333,0.041532
KCHOGL,61,100,1,1,1,0.108182,0.029779,0.041365
BA,71,100,1,1,2,0.066929,0.012247,0.054595
KCHOGL,71,100,1,1,1,0.153167,0.039348,0.056749
BA,81,100,1,1,2,0.085478,0.01433,0.071059
KCHOGL,81,100,1,1,1,0.210648,0.051048,0.076475
BA,91,100,1,1,2,0.105633,0.016413,0.089129
KCHOGL,91,100,1,1,1,0.27123,0.063114,0.101692
BA,101,100,1,1,2,0.12995,0.019976,0.109883
KCHOGL,101,100,1,1,1,0.339676,0.077988,0.133398
BA,1,100,1,1,4,0.02863,0.028153,0.000321
KCHOGL,1,100,1,1,3,0.009058,0.008427,0.000327
BA,11,100,1,1,10,0.207624,0.197679,0.009294
KCHOGL,11,100,1,1,1,0.008445,0.005142,0.001895
BA,21,100,1,1,13,0.398421,0.364895,0.032352
KCHOGL,21,100,1,1,1,0.017449,0.007855,0.005282
BA,31,100,1,1,12,0.371967,0.309843,0.061388
KCHOGL,31,100,1,1,1,0.034727,0.011359,0.011675
BA,41,100,1,1,13,0.485763,0.364559,0.120373
KCHOGL,41,100,1,1,1,0.053077,0.016828,0.019356
BA,51,100,1,1,13,0.585743,0.394345,0.190489
KCHOGL,51,100,1,1,1,0.084333,0.024664,0.033137
BA,61,100,1,1,12,0.604679,0.348867,0.254956
KCHOGL,61,100,1,1,1,0.128813,0.033548,0.04498
BA,71,100,1,1,13,0.805269,0.433582,0.370743
KCHOGL,71,100,1,1,1,0.178943,0.044793,0.061582
BA,81,100,1,1,13,0.930225,0.454573,0.474723
KCHOGL,81,100,1,1,1,0.215966,0.052998,0.079148
BA,91,100,1,1,13,1.09846,0.506687,0.590824
KCHOGL,91,100,1,1,1,0.274825,0.064331,0.102905
BA,101,100,1,1,13,1.22845,0.510619,0.716911
KCHOGL,101,100,1,1,1,0.339922,0.077463,0.132347
BA,1,100,1,1,3,0.016757,0.016426,0.000219
KCHOGL,1,100,1,1,1,0.003175,0.002936,0.000139
BA,11,100,1,1,5,0.045617,0.040818,0.004587
KCHOGL,11,100,1,1,3,0.017984,0.009767,0.004074
BA,21,100,1,1,6,0.076849,0.061654,0.014928
KCHOGL,21,100,1,1,2,0.02677,0.010921,0.007883
BA,31,100,1,1,8,0.15589,0.115071,0.040429
KCHOGL,31,100,1,1,2,0.050323,0.016956,0.016256
BA,41,100,1,1,6,0.125672,0.069177,0.056147
KCHOGL,41,100,1,1,2,0.094274,0.026202,0.031293
BA,51,100,1,1,6,0.161417,0.073097,0.08795
KCHOGL,51,100,1,1,2,0.143679,0.038231,0.047128
BA,61,100,1,1,6,0.207152,0.079765,0.12699
KCHOGL,61,100,1,1,2,0.206665,0.052821,0.068969
BA,71,100,1,1,6,0.261851,0.090847,0.17059
KCHOGL,71,100,1,1,2,0.282603,0.069929,0.092772
BA,81,100,1,1,6,0.320589,0.101035,0.219161
KCHOGL,81,100,1,1,2,0.367377,0.088573,0.120688
BA,91,100,1,1,6,0.388497,0.116446,0.271646
KCHOGL,91,100,1,1,2,0.469722,0.110034,0.157287
BA,101,100,1,1,6,0.459247,0.127763,0.331086
KCHOGL,101,100,1,1,2,0.569928,0.128966,0.19837
BA,1,100,1,1,2,0.008336,0.00813,0.000158
KCHOGL,1,100,1,1,1,0.00304,0.0028,0.00014
BA,11,100,1,1,2,0.008902,0.007203,0.001652
KCHOGL,11,100,1,1,1,0.007484,0.004176,0.001855
BA,21,100,1,1,2,0.012157,0.007001,0.005106
KCHOGL,21,100,1,1,1,0.016347,0.006831,0.005157
BA,31,100,1,1,2,0.01749,0.007358,0.010077
KCHOGL,31,100,1,1,1,0.031775,0.011084,0.010891
BA,41,100,1,1,2,0.0275,0.00861,0.018814
KCHOGL,41,100,1,1,1,0.052755,0.015999,0.019348
BA,51,100,1,1,2,0.03935,0.010057,0.029211
KCHOGL,51,100,1,1,1,0.080176,0.02361,0.029922
BA,61,100,1,1,2,0.05367,0.011139,0.042436
KCHOGL,61,100,1,1,1,0.116631,0.032986,0.04472
BA,71,100,1,1,2,0.070157,0.013683,0.056378
KCHOGL,71,100,1,1,1,0.161604,0.042519,0.061122
BA,81,100,1,1,2,0.087985,0.015547,0.07235
KCHOGL,81,100,1,1,1,0.217291,0.055122,0.077719
BA,91,100,1,1,2,0.108729,0.017789,0.09085
KCHOGL,91,100,1,1,1,0.276251,0.065427,0.10308
BA,101,100,1,1,2,0.131733,0.020595,0.111049
KCHOGL,101,100,1,1,1,0.339463,0.076301,0.133008
BA,1,100,1,1,3,0.016461,0.016121,0.000235
KCHOGL,1,100,1,1,2,0.005517,0.005071,0.000225
BA,11,100,1,1,9,0.154318,0.145569,0.008136
KCHOGL,11,100,1,1,1,0.008585,0.005323,0.001859
BA,21,100,1,1,10,0.213923,0.188264,0.02513
KCHOGL,21,100,1,1,1,0.017439,0.007781,0.005182
BA,31,100,1,1,9,0.200794,0.154557,0.045716
KCHOGL,31,100,1,1,1,0.031213,0.011493,0.010667
BA,41,100,1,1,10,0.291665,0.19913,0.091876
KCHOGL,41,100,1,1,1,0.053738,0.017319,0.019221
BA,51,100,1,1,9,0.304417,0.171174,0.132633
KCHOGL,51,100,1,1,1,0.089653,0.024838,0.030593
BA,61,100,1,1,9,0.373924,0.180224,0.193099
KCHOGL,61,100,1,1,1,0.118417,0.033435,0.046008
BA,71,100,1,1,9,0.465984,0.201404,0.263926
KCHOGL,71,100,1,1,1,0.16295,0.043081,0.061714
BA,81,100,1,1,9,0.550798,0.217263,0.332916
KCHOGL,81,100,1,1,1,0.227856,0.057929,0.082343
BA,91,100,1,1,9,0.639996,0.219329,0.420042
KCHOGL,91,100,1,1,1,0.277274,0.065724,0.104165
BA,101,100,1,1,9,0.746377,0.25052,0.495233
KCHOGL,101,100,1,1,1,0.343346,0.078126,0.13399
BA,1,100,1,1,3,0.016542,0.016233,0.000207
KCHOGL,1,100,1,1,1,0.003247,0.003006,0.000141
BA,11,100,1,1,4,0.027961,0.0241,0.003708
KCHOGL,11,100,1,1,2,0.012996,0.007092,0.002738
BA,21,100,1,1,5,0.051838,0.039072,0.012562
KCHOGL,21,100,1,1,2,0.02764,0.011207,0.008319
BA,31,100,1,1,4,0.047363,0.026783,0.020405
KCHOGL,31,100,1,1,2,0.051876,0.017505,0.017449
BA,41,100,1,1,5,0.092669,0.044873,0.047506
KCHOGL,41,100,1,1,2,0.089719,0.02715,0.030269
BA,51,100,1,1,5,0.123004,0.049755,0.072936
KCHOGL,51,100,1,1,2,0.135392,0.038931,0.046608
BA,61,100,1,1,4,0.12344,0.038191,0.085012
KCHOGL,61,100,1,1,2,0.194976,0.052766,0.068323
BA,71,100,1,1,4,0.156881,0.043974,0.112658
KCHOGL,71,100,1,1,2,0.283355,0.072035,0.091667
BA,81,100,1,1,4,0.19505,0.050257,0.144549
KCHOGL,81,100,1,1,2,0.367897,0.088656,0.120057
BA,91,100,1,1,4,0.243514,0.060102,0.183164
KCHOGL,91,100,1,1,2,0.474429,0.111511,0.156489
BA,101,100,1,1,5,0.372199,0.096019,0.275834
KCHOGL,101,100,1,1,2,0.570611,0.130332,0.197738
BA,1,100,1,1,3,0.020195,0.01988,0.000208
KCHOGL,1,100,1,1,1,0.003542,0.003271,0.000142
BA,11,100,1,1,5,0.042806,0.038092,0.004514
KCHOGL,11,100,1,1,2,0.01324,0.007663,0.002949
BA,21,100,1,1,5,0.051723,0.038708,0.012792
KCHOGL,21,100,1,1,2,0.029592,0.012558,0.00842
BA,31,100,1,1,5,0.066616,0.039967,0.026411
KCHOGL,31,100,1,1,2,0.053159,0.017419,0.016436
BA,41,100,1,1,5,0.090336,0.044315,0.045758
KCHOGL,41,100,1,1,2,0.088527,0.028092,0.028448
BA,51,100,1,1,5,0.123099,0.050464,0.072318
KCHOGL,51,100,1,1,2,0.13966,0.039156,0.049636
BA,61,100,1,1,5,0.163319,0.056777,0.106215
KCHOGL,61,100,1,1,2,0.206573,0.054224,0.068163
BA,71,100,1,1,5,0.206718,0.06486,0.141545
KCHOGL,71,100,1,1,2,0.286764,0.072081,0.093522
BA,81,100,1,1,5,0.256797,0.074237,0.182223
KCHOGL,81,100,1,1,2,0.368077,0.088122,0.120812
BA,91,100,1,1,5,0.311958,0.083954,0.227688
KCHOGL,91,100,1,1,2,0.474611,0.111433,0.158345
BA,101,100,1,1,5,0.37049,0.09378,0.27636
KCHOGL,101,100,1,1,2,0.542852,0.123927,0.197829
BA,1,100,1,1,4,0.035267,0.034777,0.000312
KCHOGL,1,100,1,1,3,0.008327,0.007713,0.000326
BA,11,100,1,1,13,0.40539,0.39309,0.011623
KCHOGL,11,100,1,1,1,0.008779,0.005472,0.001909
BA,21,100,1,1,14,0.514707,0.478234,0.035673
KCHOGL,21,100,1,1,1,0.017448,0.008066,0.005124
BA,31,100,1,1,16,0.760695,0.678618,0.081081
KCHOGL,31,100,1,1,1,0.031302,0.011533,0.010562
BA,41,100,1,1,16,0.808973,0.65929,0.148607
KCHOGL,41,100,1,1,1,0.057925,0.017067,0.019213
BA,51,100,1,1,14,0.707838,0.49902,0.204851
KCHOGL,51,100,1,1,1,0.081844,0.024712,0.030908
BA,61,100,1,1,15,0.920848,0.59992,0.319833
KCHOGL,61,100,1,1,1,0.128227,0.033028,0.045843
BA,71,100,1,1,14,0.984713,0.584723,0.398976
KCHOGL,71,100,1,1,1,0.180195,0.045505,0.062376
BA,81,100,1,1,15,1.2293,0.682536,0.54566
KCHOGL,81,100,1,1,1,0.216434,0.05314,0.078495
BA,91,100,1,1,15,1.39346,0.708037,0.684293
KCHOGL,91,100,1,1,1,0.27682,0.065225,0.10436
BA,101,100,1,1,15,1.57983,0.750021,0.828692
KCHOGL,101,100,1,1,1,0.34293,0.07776,0.133842
BA,1,100,1,1,3,0.01806,0.017734,0.00021
KCHOGL,1,100,1,1,2,0.005628,0.005208,0.000231
BA,11,100,1,1,13,0.405696,0.392783,0.012217
KCHOGL,11,100,1,1,1,0.009378,0.005586,0.001865
BA,21,100,1,1,13,0.435124,0.401861,0.032545
KCHOGL,21,100,1,1,1,0.017597,0.007979,0.005125
BA,31,100,1,1,13,0.450564,0.383545,0.066238
KCHOGL,31,100,1,1,1,0.031805,0.011813,0.010897
BA,41,100,1,1,13,0.518982,0.396535,0.119975
KCHOGL,41,100,1,1,1,0.054548,0.017604,0.019323
BA,51,100,1,1,13,0.589136,0.398499,0.189724
KCHOGL,51,100,1,1,1,0.082028,0.024977,0.030331
BA,61,100,1,1,13,0.71876,0.439921,0.27789
KCHOGL,61,100,1,1,1,0.119152,0.034374,0.045138
BA,71,100,1,1,13,0.839228,0.466325,0.371943
KCHOGL,71,100,1,1,1,0.165034,0.04466,0.061245
BA,81,100,1,1,13,0.959337,0.481987,0.476388
KCHOGL,81,100,1,1,1,0.218955,0.054296,0.07969
BA,91,100,1,1,13,1.13317,0.536229,0.596001
KCHOGL,91,100,1,1,1,0.280533,0.067161,0.104835
BA,101,100,1,1,15,1.5906,0.753551,0.835905
KCHOGL,101,100,1,1,1,0.343814,0.077655,0.134486
BA,1,100,1,1,2,0.009515,0.0093,0.000156
KCHOGL,1,100,1,1,1,0.003232,0.00296,0.000148
BA,11,100,1,1,2,0.008329,0.006527,0.001751
KCHOGL,11,100,1,1,1,0.00805,0.004284,0.001907
BA,21,100,1,1,2,0.011615,0.006725,0.00484
KCHOGL,21,100,1,1,1,0.016442,0.006951,0.005231
BA,31,100,1,1,2,0.017947,0.007953,0.009929
KCHOGL,31,100,1,1,1,0.030861,0.010906,0.010506
BA,41,100,1,1,2,0.027754,0.00871,0.018956
KCHOGL,41,100,1,1,1,0.054281,0.01723,0.019489
BA,51,100,1,1,2,0.03922,0.009916,0.029212
KCHOGL,51,100,1,1,1,0.089618,0.024074,0.030735
BA,61,100,1,1,2,0.054457,0.011828,0.042533
KCHOGL,61,100,1,1,1,0.118766,0.035368,0.04462
BA,71,100,1,1,2,0.071209,0.013731,0.057387
KCHOGL,71,100,1,1,1,0.163684,0.043149,0.061837
BA,81,100,1,1,2,0.089036,0.01587,0.073068
KCHOGL,81,100,1,1,1,0.218674,0.05367,0.079444
BA,91,100,1,1,2,0.108906,0.017941,0.090879
KCHOGL,91,100,1,1,1,0.276891,0.064853,0.103991
BA,101,100,1,1,2,0.134122,0.021759,0.112256
KCHOGL,101,100,1,1,1,0.341361,0.076375,0.133514
BA,1,100,1,1,4,0.027497,0.027022,0.000309
KCHOGL,1,100,1,1,3,0.008898,0.008324,0.000295
BA,11,100,1,1,10,0.209146,0.199238,0.009258
KCHOGL,11,100,1,1,1,0.008967,0.005702,0.001872
BA,21,100,1,1,9,0.170544,0.147521,0.02255
KCHOGL,21,100,1,1,1,0.018186,0.008378,0.005339
BA,31,100,1,1,9,0.195758,0.148543,0.046687
KCHOGL,31,100,1,1,1,0.034562,0.012078,0.01067
BA,41,100,1,1,9,0.253899,0.167602,0.085706
KCHOGL,41,100,1,1,1,0.059211,0.017945,0.019751
BA,51,100,1,1,10,0.365116,0.217878,0.146571
KCHOGL,51,100,1,1,1,0.084687,0.025771,0.03116
BA,61,100,1,1,10,0.464477,0.252234,0.211542
KCHOGL,61,100,1,1,1,0.117527,0.033873,0.044738
BA,71,100,1,1,9,0.472433,0.214371,0.257435
KCHOGL,71,100,1,1,1,0.165108,0.044359,0.061943
BA,81,100,1,1,9,0.541349,0.213018,0.327705
KCHOGL,81,100,1,1,1,0.218037,0.054341,0.079232
BA,91,100,1,1,10,0.745898,0.289218,0.455976
KCHOGL,91,100,1,1,1,0.281069,0.066591,0.105116
BA,101,100,1,1,9,0.747803,0.247534,0.499611
KCHOGL,101,100,1,1,1,0.346022,0.078909,0.136235
BA,1,100,1,1,4,0.029207,0.028711,0.000298
KCHOGL,1,100,1,1,3,0.008928,0.008319,0.000307
BA,11,100,1,1,15,0.573844,0.558969,0.013908
KCHOGL,11,100,1,1,2,0.015723,0.009896,0.002854
BA,21,100,1,1,17,0.737705,0.694075,0.042566
KCHOGL,21,100,1,1,1,0.018535,0.007849,0.005287
BA,31,100,1,1,17,0.790143,0.699189,0.089828
KCHOGL,31,100,1,1,1,0.031549,0.011624,0.010617
BA,41,100,1,1,16,0.780268,0.628739,0.150376
KCHOGL,41,100,1,1,1,0.054348,0.017685,0.019333
BA,51,100,1,1,15,0.804366,0.582102,0.221159
KCHOGL,51,100,1,1,1,0.094776,0.024775,0.034502
BA,61,100,1,1,16,1.04119,0.698975,0.341074
KCHOGL,61,100,1,1,1,0.118305,0.033888,0.045613
BA,71,100,1,1,15,1.09148,0.652039,0.438386
KCHOGL,71,100,1,1,1,0.164774,0.043121,0.062444
BA,81,100,1,1,17,1.44947,0.829533,0.618678
KCHOGL,81,100,1,1,1,0.217085,0.054969,0.078144
BA,91,100,1,1,15,1.37379,0.6882,0.684486
KCHOGL,91,100,1,1,1,0.278561,0.066141,0.103735
BA,101,100,1,1,16,1.7014,0.815809,0.884412
KCHOGL,101,100,1,1,1,0.341008,0.077621,0.133158
BA,1,100,1,1,3,0.0165,0.016149,0.000252
KCHOGL,1,100,1,1,2,0.005283,0.004884,0.000213
BA,11,100,1,1,19,0.985123,0.966914,0.017192
KCHOGL,11,100,1,1,2,0.017399,0.009783,0.003684
BA,21,100,1,1,19,1.05162,0.98298,0.06756
KCHOGL,21,100,1,1,1,0.021889,0.008762,0.006889
BA,31,100,1,1,19,1.37443,1.2348,0.138382
KCHOGL,31,100,1,1,1,0.054891,0.016918,0.018296
BA,41,100,1,1,20,1.78437,1.45905,0.323677
KCHOGL,41,100,1,1,1,0.095546,0.026572,0.033194
BA,51,100,1,1,19,1.68051,1.19841,0.480481
KCHOGL,51,100,1,1,1,0.133057,0.033687,0.049707
BA,61,100,1,1,20,1.84301,1.24857,0.592899
KCHOGL,61,100,1,1,1,0.15424,0.042009,0.059212
BA,71,100,1,1,19,1.83567,1.09847,0.735799
KCHOGL,71,100,1,1,1,0.213004,0.054667,0.080846
BA,81,100,1,1,19,3.11707,2.15898,0.956664
KCHOGL,81,100,1,1,1,0.340747,0.081368,0.127187
BA,91,100,1,1,20,2.68217,1.33566,1.3448
KCHOGL,91,100,1,1,1,0.356072,0.082548,0.135254
BA,101,100,1,1,19,2.68283,1.21894,1.46222
KCHOGL,101,100,1,1,1,0.477446,0.106474,0.185911
BA,1,100,1,1,3,0.017625,0.017264,0.000261
KCHOGL,1,100,1,1,1,0.003655,0.00333,0.00017
BA,11,100,1,1,6,0.070206,0.06241,0.007494
KCHOGL,11,100,1,1,1,0.009384,0.004793,0.002347
BA,21,100,1,1,6,0.082808,0.061074,0.021462
KCHOGL,21,100,1,1,1,0.023059,0.008394,0.007239
BA,31,100,1,1,6,0.107969,0.063952,0.043717
KCHOGL,31,100,1,1,1,0.040858,0.013326,0.014545
BA,41,100,1,1,6,0.147688,0.068238,0.07906
KCHOGL,41,100,1,1,1,0.07058,0.020748,0.026283
BA,51,100,1,1,4,0.115994,0.035311,0.080443
KCHOGL,51,100,1,1,1,0.108049,0.030357,0.040559
BA,61,100,1,1,4,0.155665,0.040291,0.115142
KCHOGL,61,100,1,1,1,0.153796,0.041095,0.059784
BA,71,100,1,1,4,0.202814,0.046444,0.156134
KCHOGL,71,100,1,1,1,0.211686,0.054276,0.080307
BA,81,100,1,1,4,0.251643,0.052258,0.19912
KCHOGL,81,100,1,1,1,0.280672,0.067799,0.104161
BA,91,100,1,1,4,0.30698,0.058677,0.248049
KCHOGL,91,100,1,1,1,0.353953,0.081749,0.135592
BA,101,100,1,1,5,0.474452,0.095334,0.378803
KCHOGL,101,100,1,1,1,0.435514,0.097668,0.171688
BA,1,100,1,1,3,0.017411,0.017048,0.000261
KCHOGL,1,100,1,1,2,0.005712,0.005231,0.000256
BA,11,100,1,1,18,0.908471,0.886497,0.020953
KCHOGL,11,100,1,1,2,0.018106,0.009718,0.003711
BA,21,100,1,1,18,0.855501,0.791074,0.06327
KCHOGL,21,100,1,1,1,0.021831,0.008799,0.006864
BA,31,100,1,1,18,1.24825,1.08326,0.162283
KCHOGL,31,100,1,1,1,0.052778,0.017318,0.018662
BA,41,100,1,1,18,1.1619,0.901926,0.256712
KCHOGL,41,100,1,1,1,0.077594,0.02185,0.026258
BA,51,100,1,1,18,1.25235,0.887208,0.363767
KCHOGL,51,100,1,1,1,0.108309,0.030477,0.041087
BA,61,100,1,1,18,1.40641,0.881311,0.523669
KCHOGL,61,100,1,1,1,0.154725,0.042289,0.059671
BA,71,100,1,1,18,1.6167,0.917028,0.698211
KCHOGL,71,100,1,1,1,0.212698,0.054539,0.080412
BA,81,100,1,1,18,1.91009,0.983046,0.925641
KCHOGL,81,100,1,1,1,0.27953,0.067751,0.103565
BA,91,100,1,1,19,2.37245,1.19102,1.17992
KCHOGL,91,100,1,1,1,0.437123,0.100671,0.166421
BA,101,100,1,1,18,2.45038,1.03335,1.41568
KCHOGL,101,100,1,1,1,0.438208,0.097858,0.17263
BA,1,100,1,1,3,0.016694,0.016345,0.000247
KCHOGL,1,100,1,1,1,0.003145,0.00284,0.000166
BA,11,100,1,1,5,0.044736,0.038767,0.005759
KCHOGL,11,100,1,1,2,0.015118,0.007625,0.003778
BA,21,100,1,1,5,0.057863,0.039826,0.01783
KCHOGL,21,100,1,1,2,0.036611,0.013317,0.01096
BA,31,100,1,1,4,0.055398,0.026417,0.028792
KCHOGL,31,100,1,1,2,0.069987,0.02074,0.022417
BA,41,100,1,1,5,0.110593,0.045206,0.065076
KCHOGL,41,100,1,1,2,0.116919,0.032488,0.040482
BA,51,100,1,1,5,0.151958,0.051134,0.100529
KCHOGL,51,100,1,1,2,0.179003,0.04796,0.062867
BA,61,100,1,1,4,0.154092,0.038163,0.115678
KCHOGL,61,100,1,1,2,0.267704,0.065981,0.091422
BA,71,100,1,1,5,0.261481,0.06677,0.194393
KCHOGL,71,100,1,1,2,0.365656,0.087344,0.124001
BA,81,100,1,1,5,0.323029,0.073976,0.248711
KCHOGL,81,100,1,1,2,0.475135,0.110857,0.159575
BA,91,100,1,1,4,0.307884,0.059639,0.248005
KCHOGL,91,100,1,1,2,0.593565,0.136253,0.202662
BA,101,100,1,1,5,0.473845,0.09564,0.377858
KCHOGL,101,100,1,1,2,0.730322,0.163882,0.256804
BA,1,100,1,1,4,0.033041,0.03249,0.000386
KCHOGL,1,100,1,1,2,0.007807,0.007283,0.000264
BA,11,100,1,1,4,0.030286,0.025329,0.004811
KCHOGL,11,100,1,1,1,0.01033,0.005941,0.002385
BA,21,100,1,1,5,0.056577,0.038811,0.01757
KCHOGL,21,100,1,1,1,0.022161,0.009107,0.00702
BA,31,100,1,1,4,0.057444,0.028218,0.029022
KCHOGL,31,100,1,1,1,0.044202,0.013907,0.014928
BA,41,100,1,1,5,0.112557,0.046471,0.065795
KCHOGL,41,100,1,1,1,0.071647,0.021402,0.026468
BA,51,100,1,1,5,0.153645,0.052489,0.100828
KCHOGL,51,100,1,1,1,0.10954,0.031169,0.041638
BA,61,100,1,1,5,0.204156,0.059424,0.144419
KCHOGL,61,100,1,1,1,0.158198,0.042897,0.060563
BA,71,100,1,1,5,0.263473,0.068344,0.194816
KCHOGL,71,100,1,1,1,0.214507,0.056298,0.080707
BA,81,100,1,1,5,0.325109,0.075957,0.248825
KCHOGL,81,100,1,1,1,0.280801,0.06798,0.104367
BA,91,100,1,1,5,0.393499,0.082727,0.310454
KCHOGL,91,100,1,1,1,0.355829,0.083686,0.134367
BA,101,100,1,1,5,0.471661,0.092632,0.3787
KCHOGL,101,100,1,1,1,0.437945,0.098183,0.171638
BA,1,100,1,1,3,0.015634,0.015282,0.000258
KCHOGL,1,100,1,1,1,0.003614,0.003295,0.000169
BA,11,100,1,1,6,0.072008,0.064662,0.007092
KCHOGL,11,100,1,1,1,0.010065,0.005607,0.002396
BA,21,100,1,1,6,0.08854,0.067289,0.020956
KCHOGL,21,100,1,1,1,0.02198,0.00849,0.00717
BA,31,100,1,1,6,0.112359,0.068682,0.043362
KCHOGL,31,100,1,1,1,0.041968,0.013556,0.014921
BA,41,100,1,1,6,0.150502,0.071968,0.078177
KCHOGL,41,100,1,1,1,0.076216,0.020849,0.025939
BA,51,100,1,1,6,0.200966,0.078602,0.121978
KCHOGL,51,100,1,1,1,0.110764,0.031083,0.041748
BA,61,100,1,1,6,0.260186,0.085863,0.173915
KCHOGL,61,100,1,1,1,0.167802,0.043737,0.058845
BA,71,100,1,1,6,0.334226,0.098017,0.235795
KCHOGL,71,100,1,1,1,0.21518,0.054379,0.08174
BA,81,100,1,1,6,0.407673,0.107823,0.299438
KCHOGL,81,100,1,1,1,0.280348,0.068105,0.103592
BA,91,100,1,1,4,0.306744,0.05751,0.248993
KCHOGL,91,100,1,1,1,0.357049,0.082554,0.136343
BA,101,100,1,1,6,0.58446,0.129078,0.454993
KCHOGL,101,100,1,1,1,0.438887,0.098736,0.171327
BA,1,100,1,1,2,0.009913,0.009666,0.000191
KCHOGL,1,100,1,1,1,0.003599,0.003285,0.000165
BA,11,100,1,1,3,0.016948,0.013272,0.003577
KCHOGL,11,100,1,1,1,0.009706,0.005027,0.002355
BA,21,100,1,1,7,0.113126,0.087839,0.024947
KCHOGL,21,100,1,1,1,0.022824,0.008501,0.00682
BA,31,100,1,1,6,0.108349,0.063797,0.044208
KCHOGL,31,100,1,1,1,0.044204,0.013549,0.014661
BA,41,100,1,1,6,0.148933,0.069793,0.078761
KCHOGL,41,100,1,1,1,0.072054,0.022136,0.026453
BA,51,100,1,1,6,0.198376,0.076175,0.121774
KCHOGL,51,100,1,1,1,0.108798,0.030296,0.041997
BA,61,100,1,1,3,0.111038,0.023623,0.08726
KCHOGL,61,100,1,1,1,0.165087,0.041479,0.059087
BA,71,100,1,1,3,0.144676,0.02775,0.116768
KCHOGL,71,100,1,1,1,0.214065,0.054617,0.080852
BA,81,100,1,1,3,0.18161,0.03145,0.149978
KCHOGL,81,100,1,1,1,0.28005,0.067732,0.105042
BA,91,100,1,1,3,0.22228,0.035903,0.186207
KCHOGL,91,100,1,1,1,0.357434,0.083311,0.136638
BA,101,100,1,1,3,0.268748,0.040604,0.22796
KCHOGL,101,100,1,1,1,0.439696,0.099591,0.172189
BA,1,100,1,1,2,0.008978,0.008749,0.000169
KCHOGL,1,100,1,1,1,0.00324,0.00292,0.000175
BA,11,100,1,1,2,0.008577,0.006178,0.002352
KCHOGL,11,100,1,1,1,0.008879,0.004485,0.002388
BA,21,100,1,1,2,0.013311,0.006472,0.006789
KCHOGL,21,100,1,1,1,0.021103,0.008253,0.006699
BA,31,100,1,1,2,0.021574,0.007012,0.014492
KCHOGL,31,100,1,1,1,0.041093,0.012776,0.014714
BA,41,100,1,1,2,0.033932,0.008125,0.02573
KCHOGL,41,100,1,1,1,0.071279,0.021057,0.026378
BA,51,100,1,1,2,0.050618,0.009558,0.040957
KCHOGL,51,100,1,1,1,0.116261,0.030178,0.041248
BA,61,100,1,1,2,0.069097,0.011412,0.057587
KCHOGL,61,100,1,1,1,0.155449,0.041633,0.060554
BA,71,100,1,1,2,0.092119,0.013607,0.078419
KCHOGL,71,100,1,1,1,0.213399,0.056251,0.079149
BA,81,100,1,1,2,0.114376,0.015226,0.099049
KCHOGL,81,100,1,1,1,0.279724,0.066906,0.104011
BA,91,100,1,1,2,0.141497,0.017538,0.12387
KCHOGL,91,100,1,1,1,0.356103,0.081837,0.135088
BA,101,100,1,1,2,0.172969,0.020673,0.152189
KCHOGL,101,100,1,1,1,0.43946,0.098372,0.172451
BA,1,100,1,1,3,0.01743,0.017043,0.000278
KCHOGL,1,100,1,1,2,0.005545,0.005032,0.000256
BA,11,100,1,1,12,0.313728,0.298896,0.014182
KCHOGL,11,100,1,1,1,0.01044,0.005911,0.002443
BA,21,100,1,1,11,0.277702,0.238381,0.038683
KCHOGL,21,100,1,1,1,0.022213,0.008846,0.007055
BA,31,100,1,1,13,0.47849,0.381582,0.096091
KCHOGL,31,100,1,1,1,0.04151,0.013794,0.014319
BA,41,100,1,1,12,0.464831,0.30382,0.160161
KCHOGL,41,100,1,1,1,0.071248,0.021076,0.02642
BA,51,100,1,1,11,0.4932,0.270429,0.221988
KCHOGL,51,100,1,1,1,0.107685,0.030381,0.040509
BA,61,100,1,1,11,0.612272,0.291554,0.319901
KCHOGL,61,100,1,1,1,0.154577,0.042425,0.059592
BA,71,100,1,1,12,0.811909,0.346072,0.464975
KCHOGL,71,100,1,1,1,0.213119,0.05408,0.081181
BA,81,100,1,1,13,1.09498,0.445322,0.648704
KCHOGL,81,100,1,1,1,0.279807,0.06802,0.104422
BA,91,100,1,1,12,1.14483,0.398205,0.745731
KCHOGL,91,100,1,1,1,0.354251,0.081866,0.135305
BA,101,100,1,1,13,1.48586,0.497264,0.981312
KCHOGL,101,100,1,1,1,0.436367,0.098098,0.170395
BA,1,100,1,1,3,0.018611,0.018225,0.000262
KCHOGL,1,100,1,1,2,0.005768,0.005279,0.000257
BA,11,100,1,1,9,0.167615,0.156313,0.010867
KCHOGL,11,100,1,1,1,0.010126,0.00532,0.002498
BA,21,100,1,1,10,0.251681,0.215486,0.03569
KCHOGL,21,100,1,1,1,0.021713,0.008584,0.007034
BA,31,100,1,1,9,0.234152,0.167901,0.065716
KCHOGL,31,100,1,1,1,0.041792,0.013785,0.014766
BA,41,100,1,1,10,0.362306,0.231578,0.130067
KCHOGL,41,100,1,1,1,0.071649,0.021673,0.026228
BA,51,100,1,1,10,0.436306,0.236317,0.199317
KCHOGL,51,100,1,1,1,0.108442,0.030297,0.04111
BA,61,100,1,1,10,0.553733,0.265419,0.287614
KCHOGL,61,100,1,1,1,0.155266,0.042464,0.060053
BA,71,100,1,1,12,0.877917,0.404149,0.472928
KCHOGL,71,100,1,1,1,0.211775,0.054086,0.080555
BA,81,100,1,1,10,0.772104,0.276855,0.494547
KCHOGL,81,100,1,1,1,0.277437,0.069421,0.102461
BA,91,100,1,1,10,0.91848,0.300011,0.617767
KCHOGL,91,100,1,1,1,0.349236,0.081134,0.131894
BA,101,100,1,1,10,1.07251,0.318449,0.753336
KCHOGL,101,100,1,1,1,0.435128,0.097709,0.170878
BA,1,100,1,1,2,0.009443,0.009214,0.000175
KCHOGL,1,100,1,1,1,0.003601,0.003288,0.00017
BA,11,100,1,1,2,0.009035,0.006771,0.002218
KCHOGL,11,100,1,1,1,0.009568,0.004931,0.002388
BA,21,100,1,1,5,0.058754,0.041203,0.017356
KCHOGL,21,100,1,1,1,0.021173,0.008271,0.006717
BA,31,100,1,1,2,0.022396,0.007747,0.014588
KCHOGL,31,100,1,1,1,0.043374,0.013747,0.014229
BA,41,100,1,1,4,0.081027,0.030051,0.05078
KCHOGL,41,100,1,1,1,0.075645,0.021457,0.025498
BA,51,100,1,1,4,0.11447,0.034202,0.080029
KCHOGL,51,100,1,1,1,0.114357,0.029486,0.040593
BA,61,100,1,1,6,0.260508,0.086187,0.17391
KCHOGL,61,100,1,1,1,0.164393,0.040674,0.058938
BA,71,100,1,1,7,0.394399,0.123427,0.270496
KCHOGL,71,100,1,1,1,0.213969,0.054723,0.081144
BA,81,100,1,1,5,0.325356,0.076085,0.248979
KCHOGL,81,100,1,1,1,0.278122,0.068456,0.101665
BA,91,100,1,1,4,0.306704,0.058137,0.248321
KCHOGL,91,100,1,1,1,0.35581,0.083539,0.135267
BA,101,100,1,1,7,0.696442,0.165592,0.530347
KCHOGL,101,100,1,1,1,0.436781,0.098687,0.171382
BA,1,100,1,1,4,0.030511,0.030011,0.000345
KCHOGL,1,100,1,1,3,0.007865,0.007177,0.000342
BA,11,100,1,1,18,0.975723,0.95267,0.022038
KCHOGL,11,100,1,1,2,0.01737,0.009866,0.003742
BA,21,100,1,1,18,1.01474,0.950464,0.062668
KCHOGL,21,100,1,1,1,0.023333,0.009205,0.007005
BA,31,100,1,1,18,1.11243,0.98009,0.131147
KCHOGL,31,100,1,1,1,0.044686,0.014208,0.014538
BA,41,100,1,1,19,1.57021,1.31654,0.252238
KCHOGL,41,100,1,1,1,0.096856,0.027085,0.03356
BA,51,100,1,1,18,1.61926,1.17445,0.443313
KCHOGL,51,100,1,1,1,0.115645,0.030627,0.040607
BA,61,100,1,1,19,1.74859,1.19254,0.554628
KCHOGL,61,100,1,1,1,0.154572,0.041713,0.059414
BA,71,100,1,1,19,2.0256,1.28478,0.739423
KCHOGL,71,100,1,1,1,0.212666,0.055096,0.080751
BA,81,100,1,1,18,1.99042,1.09131,0.897681
KCHOGL,81,100,1,1,1,0.280316,0.068656,0.103663
BA,91,100,1,1,20,3.87603,2.59871,1.2757
KCHOGL,91,100,1,1,1,0.394516,0.091629,0.149471
BA,101,100,1,1,19,2.91558,1.46384,1.45018
KCHOGL,101,100,1,1,1,0.438406,0.09883,0.171223
BA,1,100,1,1,2,0.008927,0.008688,0.000179
KCHOGL,1,100,1,1,1,0.003713,0.003409,0.000174
BA,11,100,1,1,2,0.009258,0.006833,0.002375
KCHOGL,11,100,1,1,1,0.009638,0.004986,0.002398
BA,21,100,1,1,2,0.014855,0.007234,0.007561
KCHOGL,21,100,1,1,1,0.021386,0.008417,0.006872
BA,31,100,1,1,2,0.022357,0.007718,0.014566
KCHOGL,31,100,1,1,1,0.041237,0.013455,0.014511
BA,41,100,1,1,2,0.03497,0.00885,0.026042
KCHOGL,41,100,1,1,1,0.071709,0.021033,0.026967
BA,51,100,1,1,2,0.050937,0.010089,0.040763
KCHOGL,51,100,1,1,1,0.109535,0.03104,0.041339
BA,61,100,1,1,2,0.071085,0.012255,0.058734
KCHOGL,61,100,1,1,1,0.160052,0.041399,0.065634
BA,71,100,1,1,2,0.091942,0.014386,0.077463
KCHOGL,71,100,1,1,1,0.21415,0.054276,0.082194
BA,81,100,1,1,2,0.116882,0.016156,0.100631
KCHOGL,81,100,1,1,1,0.282391,0.067815,0.105542
BA,91,100,1,1,2,0.143487,0.018274,0.125119
KCHOGL,91,100,1,1,1,0.354696,0.08209,0.13436
BA,101,100,1,1,2,0.171899,0.020888,0.150914
KCHOGL,101,100,1,1,1,0.439093,0.098905,0.172231
BA,1,100,1,1,2,0.00634,0.006108,0.000181
KCHOGL,1,100,1,1,1,0.003261,0.002955,0.000165
BA,11,100,1,1,2,0.008382,0.006044,0.002286
KCHOGL,11,100,1,1,1,0.008837,0.00457,0.002367
BA,21,100,1,1,2,0.014012,0.006453,0.007492
KCHOGL,21,100,1,1,1,0.021019,0.007955,0.006869
BA,31,100,1,1,2,0.021231,0.006879,0.01427
KCHOGL,31,100,1,1,1,0.041133,0.012939,0.014834
BA,41,100,1,1,2,0.03368,0.008121,0.025482
KCHOGL,41,100,1,1,1,0.070797,0.020843,0.026512
BA,51,100,1,1,2,0.050339,0.009614,0.040644
KCHOGL,51,100,1,1,1,0.108074,0.030401,0.04073
BA,61,100,1,1,2,0.069663,0.01133,0.058222
KCHOGL,61,100,1,1,1,0.153973,0.041062,0.059516
BA,71,100,1,1,2,0.090591,0.013119,0.077364
KCHOGL,71,100,1,1,1,0.21375,0.054495,0.081208
BA,81,100,1,1,2,0.115261,0.015351,0.099796
KCHOGL,81,100,1,1,1,0.287342,0.067251,0.11217
BA,91,100,1,1,2,0.142674,0.017373,0.125213
KCHOGL,91,100,1,1,1,0.369628,0.08488,0.140505
BA,101,100,1,1,2,0.178297,0.021421,0.156771
KCHOGL,101,100,1,1,1,0.463347,0.104144,0.182099
BA,1,100,1,1,2,0.009552,0.009274,0.000204
KCHOGL,1,100,1,1,1,0.003884,0.003572,0.000185
BA,11,100,1,1,3,0.020017,0.015973,0.003918
KCHOGL,11,100,1,1,2,0.016263,0.008442,0.003851
BA,21,100,1,1,4,0.042789,0.027972,0.014643
KCHOGL,21,100,1,1,3,0.054447,0.020548,0.015651
BA,31,100,1,1,3,0.04114,0.017983,0.023007
KCHOGL,31,100,1,1,2,0.070802,0.021566,0.022237
BA,41,100,1,1,4,0.084052,0.031452,0.052339
KCHOGL,41,100,1,1,3,0.173276,0.047909,0.055019
BA,51,100,1,1,4,0.117209,0.035769,0.081202
KCHOGL,51,100,1,1,3,0.262364,0.068161,0.088215
BA,61,100,1,1,4,0.15702,0.04112,0.11564
KCHOGL,61,100,1,1,3,0.365473,0.094159,0.123369
BA,71,100,1,1,4,0.201824,0.045129,0.156443
KCHOGL,71,100,1,1,3,0.494035,0.12173,0.169384
BA,81,100,1,1,6,0.406355,0.106482,0.299453
KCHOGL,81,100,1,1,5,1.00329,0.237374,0.331195
BA,91,100,1,1,6,0.491184,0.116245,0.374498
KCHOGL,91,100,1,1,5,1.25722,0.288402,0.429229
BA,101,100,1,1,8,0.815556,0.205786,0.60918
KCHOGL,101,100,1,1,7,2.0334,0.462477,0.68764
BA,1,100,1,1,2,0.006599,0.006367,0.000178
KCHOGL,1,100,1,1,1,0.003537,0.003203,0.000183
BA,11,100,1,1,2,0.008932,0.006586,0.002294
KCHOGL,11,100,1,1,1,0.009038,0.004828,0.002299
BA,21,100,1,1,2,0.014166,0.007036,0.007066
KCHOGL,21,100,1,1,1,0.021882,0.008117,0.007639
BA,31,100,1,1,2,0.022221,0.007621,0.014509
KCHOGL,31,100,1,1,1,0.041698,0.013581,0.014646
BA,41,100,1,1,2,0.034681,0.008543,0.026059
KCHOGL,41,100,1,1,1,0.07126,0.021975,0.025491
BA,51,100,1,1,2,0.05295,0.009968,0.042898
KCHOGL,51,100,1,1,1,0.116598,0.029747,0.041435
BA,61,100,1,1,2,0.069586,0.011783,0.057708
KCHOGL,61,100,1,1,1,0.156444,0.043811,0.059034
BA,71,100,1,1,2,0.092225,0.013895,0.078234
KCHOGL,71,100,1,1,1,0.209608,0.054346,0.081803
BA,81,100,1,1,2,0.116864,0.015748,0.101016
KCHOGL,81,100,1,1,1,0.271326,0.067228,0.112219
BA,91,100,1,1,2,0.143275,0.017934,0.12524
KCHOGL,91,100,1,1,1,0.343708,0.084171,0.128752
BA,101,100,1,1,2,0.171978,0.019731,0.152156
KCHOGL,101,100,1,1,1,0.427603,0.097555,0.161553
BA,1,100,1,1,3,0.013204,0.012842,0.000249
KCHOGL,1,100,1,1,2,0.005646,0.005161,0.000257
BA,11,100,1,1,15,0.530266,0.510936,0.018272
KCHOGL,11,100,1,1,2,0.017917,0.010191,0.00372
BA,21,100,1,1,15,0.534092,0.48022,0.052488
KCHOGL,21,100,1,1,1,0.023069,0.009014,0.006922
BA,31,100,1,1,15,0.616865,0.506574,0.109204
KCHOGL,31,100,1,1,1,0.041601,0.01419,0.014358
BA,41,100,1,1,15,0.697297,0.498362,0.197793
KCHOGL,41,100,1,1,1,0.075095,0.021026,0.025687
BA,51,100,1,1,15,0.816125,0.510597,0.304382
KCHOGL,51,100,1,1,1,0.116913,0.031187,0.041418
BA,61,100,1,1,17,1.23489,0.731167,0.497556
KCHOGL,61,100,1,1,1,0.155421,0.042068,0.060109
BA,71,100,1,1,15,1.13802,0.553338,0.583496
KCHOGL,71,100,1,1,1,0.223599,0.055422,0.081642
BA,81,100,1,1,15,1.35805,0.607394,0.749483
KCHOGL,81,100,1,1,1,0.264122,0.068265,0.104024
BA,91,100,1,1,16,1.73391,0.741522,0.991108
KCHOGL,91,100,1,1,1,0.342035,0.081946,0.129741
BA,101,100,1,1,16,1.94358,0.732969,1.20933
KCHOGL,101,100,1,1,1,0.429108,0.098753,0.160825
BA,1,100,1,1,4,0.025702,0.025175,0.000374
KCHOGL,1,100,1,1,3,0.008241,0.007488,0.000372
BA,11,100,1,1,18,0.872484,0.849853,0.021258
KCHOGL,11,100,1,1,2,0.017705,0.009933,0.003884
BA,21,100,1,1,18,0.96503,0.898973,0.064975
KCHOGL,21,100,1,1,1,0.022382,0.008877,0.007364
BA,31,100,1,1,17,0.933325,0.807729,0.124477
KCHOGL,31,100,1,1,1,0.041373,0.013798,0.014543
BA,41,100,1,1,19,1.29732,1.04735,0.248548
KCHOGL,41,100,1,1,1,0.070867,0.021095,0.026318
BA,51,100,1,1,18,1.26585,0.90246,0.362035
KCHOGL,51,100,1,1,1,0.114633,0.029853,0.04058
BA,61,100,1,1,19,1.61981,1.06481,0.553483
KCHOGL,61,100,1,1,1,0.155743,0.042195,0.060676
BA,71,100,1,1,19,2.06341,1.32208,0.739785
KCHOGL,71,100,1,1,1,0.206138,0.054577,0.080681
BA,81,100,1,1,17,1.72934,0.879547,0.848432
KCHOGL,81,100,1,1,1,0.263762,0.067632,0.105201
BA,91,100,1,1,17,1.98317,0.922346,1.05953
KCHOGL,91,100,1,1,1,0.346559,0.082972,0.131301
BA,101,100,1,1,18,2.46076,1.09605,1.36328
KCHOGL,101,100,1,1,1,0.428662,0.099196,0.160043
BA,1,100,1,1,3,0.015766,0.0154,0.000262
KCHOGL,1,100,1,1,2,0.006453,0.005943,0.000261
BA,11,100,1,1,14,0.517189,0.499821,0.016597
KCHOGL,11,100,1,1,2,0.017945,0.010295,0.003688
BA,21,100,1,1,15,0.639398,0.585719,0.052825
KCHOGL,21,100,1,1,1,0.022722,0.009476,0.007042
BA,31,100,1,1,14,0.616182,0.515241,0.100139
KCHOGL,31,100,1,1,1,0.041732,0.014139,0.014832
BA,41,100,1,1,15,0.797943,0.603212,0.193716
KCHOGL,41,100,1,1,1,0.072681,0.021941,0.026261
BA,51,100,1,1,15,0.922413,0.61233,0.308993
KCHOGL,51,100,1,1,1,0.108416,0.031142,0.04089
BA,61,100,1,1,14,0.97633,0.567637,0.407629
KCHOGL,61,100,1,1,1,0.157244,0.043184,0.061218
BA,71,100,1,1,15,1.27706,0.693161,0.582714
KCHOGL,71,100,1,1,1,0.221317,0.054848,0.080572
BA,81,100,1,1,14,1.336,0.637556,0.697336
KCHOGL,81,100,1,1,1,0.264699,0.068635,0.104058
BA,91,100,1,1,14,1.49804,0.627248,0.869711
KCHOGL,91,100,1,1,1,0.344068,0.08307,0.130515
BA,101,100,1,1,14,1.74425,0.685679,1.05748
KCHOGL,101,100,1,1,1,0.42735,0.098397,0.161147
BA,1,100,1,1,3,0.015285,0.014926,0.000252
KCHOGL,1,100,1,1,1,0.003725,0.003422,0.000169
BA,11,100,1,1,3,0.018248,0.014743,0.003413
KCHOGL,11,100,1,1,1,0.010125,0.004933,0.003179
BA,21,100,1,1,5,0.054783,0.036818,0.017761
KCHOGL,21,100,1,1,2,0.035885,0.013831,0.010604
BA,31,100,1,1,5,0.081007,0.044717,0.036024
KCHOGL,31,100,1,1,2,0.070566,0.021351,0.022525
BA,41,100,1,1,5,0.110782,0.045687,0.064819
KCHOGL,41,100,1,1,2,0.123929,0.033766,0.040328
BA,51,100,1,1,5,0.150338,0.048902,0.101125
KCHOGL,51,100,1,1,2,0.187961,0.048354,0.063046
BA,61,100,1,1,5,0.201886,0.057212,0.144346
KCHOGL,61,100,1,1,2,0.270222,0.067283,0.092714
BA,71,100,1,1,5,0.263753,0.068657,0.194766
KCHOGL,71,100,1,1,2,0.362422,0.08783,0.123778
BA,81,100,1,1,5,0.320619,0.072048,0.248229
KCHOGL,81,100,1,1,2,0.459745,0.108976,0.1602
BA,91,100,1,1,5,0.392388,0.080773,0.311259
KCHOGL,91,100,1,1,2,0.588667,0.135955,0.201433
BA,101,100,1,1,5,0.471931,0.091655,0.379932
KCHOGL,101,100,1,1,2,0.719981,0.161301,0.2444
BA,1,100,1,1,2,0.011506,0.011277,0.000168
KCHOGL,1,100,1,1,1,0.003435,0.00312,0.000171
BA,11,100,1,1,2,0.00857,0.006263,0.002253
KCHOGL,11,100,1,1,1,0.009056,0.004641,0.002531
BA,21,100,1,1,3,0.02432,0.013885,0.010335
KCHOGL,21,100,1,1,2,0.035724,0.012784,0.010977
BA,31,100,1,1,3,0.036346,0.015018,0.021213
KCHOGL,31,100,1,1,2,0.068118,0.02115,0.022522
BA,41,100,1,1,3,0.056965,0.017407,0.039411
KCHOGL,41,100,1,1,2,0.122981,0.033291,0.040223
BA,51,100,1,1,3,0.080954,0.019771,0.061028
KCHOGL,51,100,1,1,2,0.190588,0.047779,0.065759
BA,61,100,1,1,3,0.110902,0.023397,0.087336
KCHOGL,61,100,1,1,2,0.271974,0.069307,0.091208
BA,71,100,1,1,3,0.144528,0.027937,0.116421
KCHOGL,71,100,1,1,2,0.364329,0.088259,0.126479
BA,81,100,1,1,3,0.182094,0.031639,0.150279
KCHOGL,81,100,1,1,2,0.441478,0.107951,0.160522
BA,91,100,1,1,3,0.222701,0.035789,0.186744
KCHOGL,91,100,1,1,2,0.560024,0.131829,0.201574
BA,101,100,1,1,3,0.270705,0.042601,0.22793
KCHOGL,101,100,1,1,2,0.696958,0.158188,0.258717
BA,1,100,1,1,3,0.020733,0.020332,0.000274
KCHOGL,1,100,1,1,1,0.003767,0.003458,0.000166
BA,11,100,1,1,3,0.018992,0.015293,0.003582
KCHOGL,11,100,1,1,1,0.009388,0.005019,0.00239
BA,21,100,1,1,3,0.026266,0.015587,0.010571
KCHOGL,21,100,1,1,1,0.021762,0.008485,0.007004
BA,31,100,1,1,3,0.037154,0.014947,0.022082
KCHOGL,31,100,1,1,1,0.045117,0.014052,0.014738
BA,41,100,1,1,3,0.056172,0.016815,0.039206
KCHOGL,41,100,1,1,1,0.072127,0.021761,0.02652
BA,51,100,1,1,3,0.080511,0.019171,0.061181
KCHOGL,51,100,1,1,1,0.108457,0.030147,0.041423
BA,61,100,1,1,3,0.111523,0.023221,0.088114
KCHOGL,61,100,1,1,1,0.155395,0.0414,0.060981
BA,71,100,1,1,3,0.145087,0.026874,0.118041
KCHOGL,71,100,1,1,1,0.209401,0.05574,0.081591
BA,81,100,1,1,3,0.182213,0.031737,0.150302
KCHOGL,81,100,1,1,1,0.263554,0.06784,0.104191
BA,91,100,1,1,3,0.222103,0.035286,0.186609
KCHOGL,91,100,1,1,1,0.346481,0.083703,0.131021
BA,101,100,1,1,3,0.268805,0.039313,0.229317
KCHOGL,101,100,1,1,1,0.431324,0.098705,0.161183
BA,1,100,1,1,3,0.014577,0.014202,0.000261
KCHOGL,1,100,1,1,1,0.003239,0.002928,0.000167
BA,11,100,1,1,8,0.119018,0.108917,0.009703
KCHOGL,11,100,1,1,2,0.015192,0.007666,0.003679
BA,21,100,1,1,8,0.143904,0.115337,0.028143
KCHOGL,21,100,1,1,2,0.035965,0.013325,0.011222
BA,31,100,1,1,8,0.177031,0.117767,0.05875
KCHOGL,31,100,1,1,2,0.070451,0.021437,0.023963
BA,41,100,1,1,10,0.348729,0.213921,0.134125
KCHOGL,41,100,1,1,2,0.125384,0.033493,0.040647
BA,51,100,1,1,8,0.30121,0.132021,0.168627
KCHOGL,51,100,1,1,9,0.710941,0.186204,0.219896
BA,61,100,1,1,8,0.387741,0.152194,0.23495
KCHOGL,61,100,1,1,2,0.261713,0.067491,0.092995
BA,71,100,1,1,5,0.268188,0.063326,0.204546
KCHOGL,71,100,1,1,9,1.36671,0.325726,0.442646
BA,81,100,1,1,8,0.578733,0.177839,0.400311
KCHOGL,81,100,1,1,9,1.72177,0.398117,0.550816
BA,91,100,1,1,5,0.394508,0.083576,0.310568
KCHOGL,91,100,1,1,9,2.14725,0.489169,0.719362
BA,101,100,1,1,5,0.474173,0.093294,0.380518
KCHOGL,101,100,1,1,8,2.2977,0.513989,0.768358
BA,1,100,1,1,4,0.03321,0.032688,0.000355
KCHOGL,1,100,1,1,3,0.007441,0.006722,0.000366
BA,11,100,1,1,13,0.387102,0.370305,0.016061
KCHOGL,11,100,1,1,1,0.010674,0.005741,0.002603
BA,21,100,1,1,15,0.630456,0.577494,0.052101
KCHOGL,21,100,1,1,1,0.023416,0.008933,0.007118
BA,31,100,1,1,13,0.496589,0.401081,0.094658
KCHOGL,31,100,1,1,1,0.043867,0.014006,0.014492
BA,41,100,1,1,14,0.654505,0.471778,0.181712
KCHOGL,41,100,1,1,1,0.075821,0.021465,0.025982
BA,51,100,1,1,14,0.808802,0.525715,0.282035
KCHOGL,51,100,1,1,1,0.111159,0.030655,0.044178
BA,61,100,1,1,14,0.962751,0.555846,0.405863
KCHOGL,61,100,1,1,1,0.165829,0.04147,0.060022
BA,71,100,1,1,14,1.12368,0.580148,0.542462
KCHOGL,71,100,1,1,1,0.205562,0.054008,0.08031
BA,81,100,1,1,13,1.1547,0.509413,0.644304
KCHOGL,81,100,1,1,1,0.262792,0.067777,0.103815
BA,91,100,1,1,14,1.4873,0.620166,0.866062
KCHOGL,91,100,1,1,1,0.342164,0.08256,0.129918
BA,101,100,1,1,14,1.68955,0.630029,1.05844
KCHOGL,101,100,1,1,1,0.423718,0.098494,0.159343
BA,1,100,1,1,2,0.009082,0.008849,0.000173
KCHOGL,1,100,1,1,1,0.003613,0.003327,0.000165
BA,11,100,1,1,2,0.009437,0.007037,0.002351
KCHOGL,11,100,1,1,1,0.009758,0.004981,0.00249
BA,21,100,1,1,2,0.01438,0.007071,0.007256
KCHOGL,21,100,1,1,1,0.02142,0.008393,0.006967
BA,31,100,1,1,2,0.022135,0.00777,0.014291
KCHOGL,31,100,1,1,1,0.041383,0.013478,0.014928
BA,41,100,1,1,2,0.034529,0.008652,0.025794
KCHOGL,41,100,1,1,1,0.069451,0.019916,0.025783
BA,51,100,1,1,2,0.050519,0.009829,0.04061
KCHOGL,51,100,1,1,1,0.115134,0.030802,0.040028
BA,61,100,1,1,2,0.069761,0.011449,0.058229
KCHOGL,61,100,1,1,1,0.166335,0.041425,0.059995
BA,71,100,1,1,2,0.091529,0.013533,0.077908
KCHOGL,71,100,1,1,1,0.225887,0.055919,0.079244
BA,81,100,1,1,2,0.11707,0.017168,0.099807
KCHOGL,81,100,1,1,1,0.278682,0.067167,0.104026
BA,91,100,1,1,2,0.143528,0.018167,0.125255
KCHOGL,91,100,1,1,1,0.353018,0.081775,0.133592
BA,101,100,1,1,2,0.1708,0.020735,0.149972
KCHOGL,101,100,1,1,1,0.435525,0.097857,0.170444
BA,1,100,1,1,4,0.02874,0.02817,0.000393
KCHOGL,1,100,1,1,3,0.009067,0.008337,0.000378
BA,11,100,1,1,12,0.324672,0.30951,0.014362
KCHOGL,11,100,1,1,1,0.010226,0.005501,0.002415
BA,21,100,1,1,14,0.487692,0.437191,0.049228
KCHOGL,21,100,1,1,1,0.022222,0.008819,0.007205
BA,31,100,1,1,14,0.541087,0.436474,0.102661
KCHOGL,31,100,1,1,1,0.041552,0.013841,0.014371
BA,41,100,1,1,13,0.560234,0.390166,0.16749
KCHOGL,41,100,1,1,1,0.07589,0.021557,0.025804
BA,51,100,1,1,13,0.66961,0.405279,0.26043
KCHOGL,51,100,1,1,1,0.106611,0.030086,0.040208
BA,61,100,1,1,13,0.780701,0.401315,0.374027
KCHOGL,61,100,1,1,1,0.164295,0.041404,0.058552
BA,71,100,1,1,14,1.04387,0.504106,0.538667
KCHOGL,71,100,1,1,1,0.209752,0.054139,0.079368
BA,81,100,1,1,14,1.24971,0.556826,0.691795
KCHOGL,81,100,1,1,1,0.278403,0.067063,0.10415
BA,91,100,1,1,15,1.60465,0.678819,0.924642
KCHOGL,91,100,1,1,1,0.352366,0.082462,0.13399
BA,101,100,1,1,14,1.66604,0.608198,1.05674
KCHOGL,101,100,1,1,1,0.435038,0.102538,0.164755
BA,1,100,1,1,4,0.030159,0.029613,0.000358
KCHOGL,1,100,1,1,3,0.009633,0.008909,0.000359
BA,11,100,1,1,10,0.217341,0.20452,0.012281
KCHOGL,11,100,1,1,1,0.009835,0.005514,0.002376
BA,21,100,1,1,10,0.252472,0.216563,0.035375
KCHOGL,21,100,1,1,1,0.021854,0.008763,0.006897
BA,31,100,1,1,11,0.33862,0.258432,0.079562
KCHOGL,31,100,1,1,1,0.040799,0.013566,0.014391
BA,41,100,1,1,11,0.418745,0.275778,0.142187
KCHOGL,41,100,1,1,1,0.075573,0.02162,0.025726
BA,51,100,1,1,11,0.50717,0.286412,0.219953
KCHOGL,51,100,1,1,1,0.109077,0.030981,0.041845
BA,61,100,1,1,12,0.719917,0.374331,0.344713
KCHOGL,61,100,1,1,1,0.151405,0.041008,0.058521
BA,71,100,1,1,10,0.656857,0.269143,0.386981
KCHOGL,71,100,1,1,1,0.226898,0.055755,0.079719
BA,81,100,1,1,11,0.895437,0.347659,0.546969
KCHOGL,81,100,1,1,1,0.279695,0.068221,0.103621
BA,91,100,1,1,13,1.30845,0.506995,0.80045
KCHOGL,91,100,1,1,1,0.356255,0.082649,0.136752
BA,101,100,1,1,11,1.20808,0.377254,0.830004
KCHOGL,101,100,1,1,1,0.435932,0.097877,0.170544
BA,1,100,1,1,3,0.015406,0.01499,0.000309
KCHOGL,1,100,1,1,1,0.003777,0.003448,0.00017
BA,11,100,1,1,3,0.017249,0.013694,0.003455
KCHOGL,11,100,1,1,1,0.009598,0.004824,0.002379
BA,21,100,1,1,5,0.05791,0.040172,0.017507
KCHOGL,21,100,1,1,2,0.035512,0.013523,0.010618
BA,31,100,1,1,5,0.078416,0.041816,0.036327
KCHOGL,31,100,1,1,3,0.095265,0.02886,0.031704
BA,41,100,1,1,5,0.111394,0.046676,0.064379
KCHOGL,41,100,1,1,2,0.121905,0.033432,0.040066
BA,51,100,1,1,5,0.152636,0.051703,0.100619
KCHOGL,51,100,1,1,2,0.190175,0.049913,0.063147
BA,61,100,1,1,5,0.2064,0.059557,0.14651
KCHOGL,61,100,1,1,2,0.269958,0.067219,0.091541
BA,71,100,1,1,5,0.262038,0.067415,0.194295
KCHOGL,71,100,1,1,2,0.367086,0.088041,0.124639
BA,81,100,1,1,5,0.323572,0.075344,0.247897
KCHOGL,81,100,1,1,2,0.475388,0.110349,0.160227
BA,91,100,1,1,5,0.396222,0.086354,0.30952
KCHOGL,91,100,1,1,2,0.597684,0.137246,0.203272
BA,101,100,1,1,5,0.473324,0.095998,0.376982
KCHOGL,101,100,1,1,2,0.732211,0.164733,0.25591
BA,1,100,1,1,3,0.022485,0.0221,0.00027
KCHOGL,1,100,1,1,1,0.003666,0.003365,0.000168
BA,11,100,1,1,5,0.051958,0.04586,0.005879
KCHOGL,11,100,1,1,2,0.015456,0.007887,0.003796
BA,21,100,1,1,4,0.042994,0.028648,0.014168
KCHOGL,21,100,1,1,4,0.065837,0.025892,0.017894
BA,31,100,1,1,5,0.083946,0.047344,0.036326
KCHOGL,31,100,1,1,2,0.072473,0.02173,0.023194
BA,41,100,1,1,4,0.085488,0.032787,0.052466
KCHOGL,41,100,1,1,4,0.22079,0.062196,0.067877
BA,51,100,1,1,6,0.200719,0.07977,0.120541
KCHOGL,51,100,1,1,3,0.262975,0.068278,0.085044
BA,61,100,1,1,4,0.157361,0.041885,0.115236
KCHOGL,61,100,1,1,4,0.466478,0.119001,0.164521
BA,71,100,1,1,8,0.484892,0.174818,0.309487
KCHOGL,71,100,1,1,3,0.489875,0.120064,0.168237
BA,81,100,1,1,8,0.576387,0.179065,0.396748
KCHOGL,81,100,1,1,3,0.62677,0.149409,0.213257
BA,91,100,1,1,6,0.492945,0.122192,0.370326
KCHOGL,91,100,1,1,3,0.787485,0.181537,0.272802
BA,101,100,1,1,9,0.945819,0.265666,0.679485
KCHOGL,101,100,1,1,3,0.962316,0.217295,0.341502
BA,1,100,1,1,2,0.00724,0.007013,0.000171
KCHOGL,1,100,1,1,1,0.003695,0.003405,0.000169
BA,11,100,1,1,3,0.017357,0.013694,0.003568
KCHOGL,11,100,1,1,2,0.015568,0.00798,0.003669
BA,21,100,1,1,3,0.025043,0.014363,0.010575
KCHOGL,21,100,1,1,2,0.036981,0.014272,0.011174
BA,31,100,1,1,3,0.037259,0.015772,0.021343
KCHOGL,31,100,1,1,2,0.068259,0.021511,0.02218
BA,41,100,1,1,3,0.056664,0.017536,0.038984
KCHOGL,41,100,1,1,2,0.12096,0.033993,0.041922
BA,51,100,1,1,3,0.081731,0.021073,0.060486
KCHOGL,51,100,1,1,2,0.18861,0.049332,0.063003
BA,61,100,1,1,3,0.111091,0.023448,0.087478
KCHOGL,61,100,1,1,2,0.256739,0.06684,0.090797
BA,71,100,1,1,3,0.144447,0.02803,0.116218
KCHOGL,71,100,1,1,2,0.36166,0.087321,0.124871
BA,81,100,1,1,3,0.179559,0.031201,0.148185
KCHOGL,81,100,1,1,2,0.452952,0.107627,0.158321
BA,91,100,1,1,3,0.219086,0.035367,0.183539
KCHOGL,91,100,1,1,2,0.578797,0.13368,0.197611
BA,101,100,1,1,3,0.26973,0.04241,0.227148
KCHOGL,101,100,1,1,2,0.714899,0.163091,0.242732
BA,1,100,1,1,3,0.020267,0.019899,0.000256
KCHOGL,1,100,1,1,2,0.006185,0.005701,0.000257
BA,11,100,1,1,12,0.320956,0.305813,0.014487
KCHOGL,11,100,1,1,1,0.010042,0.005776,0.002428
BA,21,100,1,1,13,0.428382,0.382502,0.045148
KCHOGL,21,100,1,1,1,0.02221,0.009059,0.007018
BA,31,100,1,1,12,0.363854,0.276353,0.086781
KCHOGL,31,100,1,1,1,0.042252,0.014197,0.014481
BA,41,100,1,1,13,0.554435,0.383851,0.169631
KCHOGL,41,100,1,1,1,0.07205,0.021684,0.026157
BA,51,100,1,1,12,0.548279,0.306226,0.241171
KCHOGL,51,100,1,1,1,0.108492,0.030584,0.04137
BA,61,100,1,1,13,0.799013,0.421365,0.376664
KCHOGL,61,100,1,1,1,0.166757,0.042669,0.059767
BA,71,100,1,1,13,0.959555,0.455642,0.502872
KCHOGL,71,100,1,1,1,0.220801,0.055157,0.079895
BA,81,100,1,1,15,1.36504,0.614459,0.749398
KCHOGL,81,100,1,1,1,0.266016,0.07197,0.101719
BA,91,100,1,1,14,1.42158,0.552366,0.868123
KCHOGL,91,100,1,1,1,0.346928,0.083567,0.131331
BA,101,100,1,1,13,1.48702,0.503516,0.982489
KCHOGL,101,100,1,1,1,0.42486,0.098845,0.158739
BA,1,100,1,1,3,0.015506,0.015144,0.000258
KCHOGL,1,100,1,1,2,0.005684,0.005179,0.000257
BA,11,100,1,1,16,0.709265,0.689199,0.019147
KCHOGL,11,100,1,1,2,0.017982,0.010284,0.003755
BA,21,100,1,1,15,0.65393,0.599341,0.053218
KCHOGL,21,100,1,1,1,0.024389,0.009459,0.007544
BA,31,100,1,1,15,0.705975,0.595675,0.109336
KCHOGL,31,100,1,1,1,0.045164,0.01456,0.014673
BA,41,100,1,1,16,0.898342,0.678796,0.216253
KCHOGL,41,100,1,1,1,0.077773,0.022055,0.026379
BA,51,100,1,1,15,0.883952,0.577068,0.305741
KCHOGL,51,100,1,1,1,0.117952,0.031578,0.041684
BA,61,100,1,1,16,1.19952,0.734406,0.463891
KCHOGL,61,100,1,1,1,0.155577,0.042345,0.059847
BA,71,100,1,1,15,1.22881,0.642822,0.584828
KCHOGL,71,100,1,1,1,0.208252,0.055374,0.081904
BA,81,100,1,1,15,1.37802,0.629096,0.747759
KCHOGL,81,100,1,1,1,0.262875,0.067483,0.103628
BA,91,100,1,1,15,1.60669,0.672008,0.933502
KCHOGL,91,100,1,1,1,0.343666,0.08324,0.130156
BA,101,100,1,1,16,1.99642,0.785313,1.20982
KCHOGL,101,100,1,1,1,0.427494,0.098745,0.161033
BA,1,100,1,1,3,0.014837,0.014437,0.000279
KCHOGL,1,100,1,1,1,0.003457,0.003137,0.000168
BA,11,100,1,1,4,0.032031,0.027161,0.004701
KCHOGL,11,100,1,1,2,0.015127,0.007763,0.003687
BA,21,100,1,1,4,0.042349,0.028304,0.013889
KCHOGL,21,100,1,1,2,0.037781,0.013357,0.01159
BA,31,100,1,1,4,0.058231,0.028132,0.029918
KCHOGL,31,100,1,1,2,0.072776,0.021542,0.023659
BA,41,100,1,1,4,0.086093,0.033153,0.052674
KCHOGL,41,100,1,1,2,0.120014,0.034644,0.040628
BA,51,100,1,1,4,0.116865,0.036003,0.080625
KCHOGL,51,100,1,1,2,0.189852,0.048549,0.063625
BA,61,100,1,1,4,0.158331,0.041466,0.116624
KCHOGL,61,100,1,1,2,0.259302,0.067189,0.092351
BA,71,100,1,1,4,0.204856,0.048644,0.155943
KCHOGL,71,100,1,1,2,0.360741,0.086806,0.126004
BA,81,100,1,1,4,0.251398,0.04429,0.206875
KCHOGL,81,100,1,1,2,0.455324,0.106363,0.159586
BA,91,100,1,1,4,0.307945,0.059038,0.248657
KCHOGL,91,100,1,1,2,0.559313,0.13072,0.199728
BA,101,100,1,1,4,0.372603,0.069006,0.303326
KCHOGL,101,100,1,1,2,0.685587,0.156769,0.242158
