KCA,1,90,2,600,2,0.07667,0.076034,0.000348
KCF,1,90,2,600,2,0.095708,0.09491,0.000364
KCA,21,90,2,600,1,0.121332,0.104662,0.008596
KCF,21,90,2,600,1,0.129265,0.112907,0.009668
KCA,41,90,2,600,1,0.302314,0.24964,0.027209
KCF,41,90,2,600,1,0.310295,0.259949,0.026132
KCA,61,90,2,600,1,0.638211,0.512456,0.060808
KCF,61,90,2,600,1,0.661909,0.550555,0.057908
KCA,81,90,2,600,1,0.884433,0.675861,0.103579
KCF,81,90,2,600,1,0.97884,0.790242,0.097016
KCA,101,90,2,600,1,0.973966,0.671469,0.146143
KCF,101,90,2,600,1,1.00044,0.69995,0.141474
KCA,1,90,2,600,1,0.029043,0.028641,0.000218
KCF,1,90,2,600,1,0.027527,0.02717,0.000197
KCA,21,90,2,600,1,0.166357,0.15083,0.008113
KCF,21,90,2,600,1,0.173813,0.157126,0.008836
KCA,41,90,2,600,1,0.462091,0.411889,0.026543
KCF,41,90,2,600,1,0.419495,0.369054,0.025849
KCA,61,90,2,600,1,1.35427,1.24913,0.054629
KCF,61,90,2,600,1,1.30286,1.19704,0.054633
KCA,81,90,2,600,1,2.22717,2.03474,0.092921
KCF,81,90,2,600,1,2.1514,1.96368,0.095926
KCA,101,90,2,600,1,2.84441,2.5558,0.138477
KCF,101,90,2,600,1,2.64938,2.37285,0.14344
KCA,1,90,2,600,1,0.032372,0.032063,0.000162
KCF,1,90,2,600,1,0.052096,0.051733,0.000201
KCA,21,90,2,600,1,0.216674,0.200774,0.007698
KCF,21,90,2,600,1,0.175078,0.15877,0.009308
KCA,41,90,2,600,1,0.48381,0.433283,0.026815
KCF,41,90,2,600,1,0.428638,0.376866,0.026769
KCA,61,90,2,600,1,1.35477,1.24824,0.055008
KCF,61,90,2,600,1,1.35513,1.24235,0.05844
KCA,81,90,2,600,1,1.77836,1.59303,0.092559
KCF,81,90,2,600,1,1.54445,1.36151,0.092554
KCA,101,90,2,600,1,2.15768,1.88353,0.140107
KCF,101,90,2,600,1,2.52219,2.24877,0.140237
KCA,1,90,2,600,2,0.11187,0.110957,0.000494
KCF,1,90,2,600,2,0.086094,0.08535,0.000397
KCA,21,90,2,600,1,0.214235,0.198302,0.00823
KCF,21,90,2,600,1,0.208067,0.193317,0.007532
KCA,41,90,2,600,1,0.67367,0.621159,0.027623
KCF,41,90,2,600,1,0.593535,0.538514,0.028884
KCA,61,90,2,600,1,1.33506,1.22691,0.054555
KCF,61,90,2,600,1,1.13068,1.02244,0.056073
KCA,81,90,2,600,1,2.30011,2.1139,0.09525
KCF,81,90,2,600,1,1.97619,1.7884,0.095769
KCA,101,90,2,600,1,3.47841,3.17592,0.147594
KCF,101,90,2,600,1,3.93578,3.6458,0.143873
KCA,1,90,2,600,2,0.051258,0.050475,0.000392
KCF,1,90,2,600,2,0.042808,0.042131,0.000353
KCA,21,90,2,600,1,0.172049,0.153957,0.010441
KCF,21,90,2,600,1,0.182732,0.166564,0.008329
KCA,41,90,2,600,1,0.424129,0.374492,0.026164
KCF,41,90,2,600,1,0.381022,0.330297,0.026046
KCA,61,90,2,600,1,1.1056,0.997977,0.055448
KCF,61,90,2,600,1,0.892049,0.785611,0.055027
KCA,81,90,2,600,1,1.91889,1.72644,0.092825
KCF,81,90,2,600,1,1.58624,1.4049,0.093059
KCA,101,90,2,600,1,2.94451,2.64844,0.144096
KCF,101,90,2,600,1,3.02461,2.74447,0.142339
KCA,1,90,2,600,1,0.02475,0.024366,0.000239
KCF,1,90,2,600,1,0.024628,0.024258,0.000223
KCA,21,90,2,600,1,0.2162,0.201109,0.007528
KCF,21,90,2,600,1,0.214126,0.197676,0.008056
KCA,41,90,2,600,1,0.849896,0.796486,0.027188
KCF,41,90,2,600,1,0.710864,0.659275,0.027034
KCA,61,90,2,600,1,1.6781,1.57112,0.055237
KCF,61,90,2,600,1,1.43478,1.32799,0.054491
KCA,81,90,2,600,1,4.10615,3.91537,0.098282
KCF,81,90,2,600,1,4.08122,3.88968,0.097866
KCA,101,90,2,600,1,6.57126,6.28264,0.143075
KCF,101,90,2,600,1,5.12394,4.83969,0.146154
KCA,1,90,2,600,1,0.029213,0.028902,0.000165
KCF,1,90,2,600,1,0.031505,0.031155,0.000184
KCA,21,90,2,600,1,0.184406,0.169093,0.008146
KCF,21,90,2,600,1,0.193815,0.177088,0.008019
KCA,41,90,2,600,1,0.504765,0.453126,0.026065
KCF,41,90,2,600,1,0.442207,0.39118,0.026742
KCA,61,90,2,600,1,1.35921,1.25231,0.055598
KCF,61,90,2,600,1,1.14162,1.03528,0.055188
KCA,81,90,2,600,1,2.28342,2.09994,0.095128
KCF,81,90,2,600,1,1.90064,1.71324,0.094077
KCA,101,90,2,600,1,2.66474,2.38506,0.145522
KCF,101,90,2,600,1,2.6434,2.36476,0.142676
KCA,1,90,2,600,1,0.026823,0.026467,0.00021
KCF,1,90,2,600,1,0.025607,0.025302,0.00016
KCA,21,90,2,600,1,0.248369,0.231497,0.009188
KCF,21,90,2,600,1,0.209703,0.193826,0.009035
KCA,41,90,2,600,1,0.888505,0.837259,0.027075
KCF,41,90,2,600,1,0.766218,0.712567,0.026964
KCA,61,90,2,600,1,2.18222,2.07481,0.055603
KCF,61,90,2,600,1,1.74642,1.63821,0.055351
KCA,81,90,2,600,1,2.55127,2.36461,0.095322
KCF,81,90,2,600,1,2.91224,2.72574,0.096025
KCA,101,90,2,600,1,4.42014,4.14066,0.143181
KCF,101,90,2,600,1,3.76069,3.48335,0.144411
KCA,1,90,2,600,2,0.071942,0.071116,0.000405
KCF,1,90,2,600,2,0.055633,0.054967,0.000378
KCA,21,90,2,600,1,0.248289,0.23215,0.008926
KCF,21,90,2,600,1,0.243059,0.227713,0.008138
KCA,41,90,2,600,1,0.459994,0.406024,0.027336
KCF,41,90,2,600,1,0.564249,0.510341,0.028017
KCA,61,90,2,600,1,1.11251,1.00123,0.057471
KCF,61,90,2,600,1,1.16405,1.05583,0.05565
KCA,81,90,2,600,1,1.966,1.77848,0.095608
KCF,81,90,2,600,1,1.40691,1.22225,0.094668
KCA,101,90,2,600,1,1.89283,1.60859,0.145011
KCF,101,90,2,600,1,1.70796,1.42966,0.143428
KCA,1,90,2,600,2,0.05423,0.053621,0.000327
KCF,1,90,2,600,2,0.046663,0.045984,0.000364
KCA,21,90,2,600,1,0.185362,0.169696,0.00872
KCF,21,90,2,600,1,0.178719,0.163273,0.00786
KCA,41,90,2,600,1,0.443672,0.391134,0.026909
KCF,41,90,2,600,1,0.429229,0.376691,0.027947
KCA,61,90,2,600,1,1.00241,0.890851,0.055596
KCF,61,90,2,600,1,0.889882,0.780764,0.05632
KCA,81,90,2,600,1,1.50372,1.31968,0.09442
KCF,81,90,2,600,1,1.54167,1.35333,0.096554
KCA,101,90,2,600,1,2.62666,2.33548,0.145367
KCF,101,90,2,600,1,2.45719,2.16872,0.150337
KCA,1,90,2,600,1,0.035219,0.034856,0.000224
KCF,1,90,2,600,1,0.033043,0.032686,0.000224
KCA,21,90,2,600,1,0.354708,0.336922,0.009106
KCF,21,90,2,600,1,0.193734,0.178072,0.008194
KCA,41,90,2,600,1,0.536236,0.482545,0.027772
KCF,41,90,2,600,1,0.490568,0.43584,0.027109
KCA,61,90,2,600,1,1.3301,1.22077,0.056259
KCF,61,90,2,600,1,1.20149,1.0942,0.055132
KCA,81,90,2,600,1,2.48288,2.29657,0.095759
KCF,81,90,2,600,1,2.10342,1.91238,0.097882
KCA,101,90,2,600,1,3.15532,2.84803,0.149591
KCF,101,90,2,600,1,2.87601,2.58528,0.148121
KCA,1,90,2,600,1,0.036976,0.036572,0.000249
KCF,1,90,2,600,1,0.0413,0.04096,0.000178
KCA,21,90,2,600,1,0.167943,0.153166,0.007855
KCF,21,90,2,600,1,0.16547,0.150478,0.008132
KCA,41,90,2,600,1,0.484544,0.431735,0.027909
KCF,41,90,2,600,1,0.441485,0.388374,0.026697
KCA,61,90,2,600,1,0.681445,0.572138,0.057399
KCF,61,90,2,600,1,0.934293,0.816604,0.061309
KCA,81,90,2,600,1,1.11637,0.928126,0.096557
KCF,81,90,2,600,1,1.1998,1.01416,0.093939
KCA,101,90,2,600,1,1.78899,1.49291,0.144422
KCF,101,90,2,600,1,1.5967,1.29752,0.145032
KCA,1,90,2,600,1,0.032889,0.032444,0.00024
KCF,1,90,2,600,1,0.030207,0.029807,0.000246
KCA,21,90,2,600,1,0.172629,0.156223,0.008603
KCF,21,90,2,600,1,0.163111,0.146103,0.009624
KCA,41,90,2,600,1,0.519081,0.451355,0.042435
KCF,41,90,2,600,1,0.577841,0.51009,0.038954
KCA,61,90,2,600,1,1.02496,0.915251,0.056653
KCF,61,90,2,600,1,0.995277,0.886422,0.055554
KCA,81,90,2,600,1,1.67083,1.48651,0.094525
KCF,81,90,2,600,1,1.47912,1.29878,0.092384
KCA,101,90,2,600,1,2.55449,2.24377,0.149998
KCF,101,90,2,600,1,2.59759,2.30581,0.147429
KCA,1,90,2,600,1,0.032753,0.032453,0.000158
KCF,1,90,2,600,1,0.039037,0.038561,0.000253
KCA,21,90,2,600,1,0.235103,0.216199,0.010227
KCF,21,90,2,600,1,0.216086,0.19973,0.009148
KCA,41,90,2,600,1,0.844629,0.792847,0.027687
KCF,41,90,2,600,1,0.705218,0.649654,0.028468
KCA,61,90,2,600,1,2.01731,1.909,0.056347
KCF,61,90,2,600,1,1.64578,1.53237,0.058991
KCA,81,90,2,600,1,3.37351,3.1833,0.098173
KCF,81,90,2,600,1,3.78655,3.59154,0.100167
KCA,101,90,2,600,1,5.96882,5.67408,0.146588
KCF,101,90,2,600,1,4.56678,4.27674,0.148444
KCA,1,90,2,600,1,0.036938,0.036635,0.000164
KCF,1,90,2,600,1,0.035419,0.035091,0.000183
KCA,21,90,2,600,1,0.231913,0.217364,0.007471
KCF,21,90,2,600,1,0.214756,0.199835,0.007539
KCA,41,90,2,600,1,0.495922,0.444429,0.02642
KCF,41,90,2,600,1,0.576301,0.522832,0.026885
KCA,61,90,2,600,1,1.19759,1.0866,0.057349
KCF,61,90,2,600,1,0.92723,0.818545,0.056917
KCA,81,90,2,600,1,2.67015,2.48369,0.095879
KCF,81,90,2,600,1,1.72131,1.53572,0.094747
KCA,101,90,2,600,1,2.72566,2.44385,0.142066
KCF,101,90,2,600,1,2.15117,1.87318,0.142602
KCA,1,90,2,600,1,0.028365,0.028001,0.000192
KCF,1,90,2,600,1,0.030431,0.030091,0.00019
KCA,21,90,2,600,1,0.277501,0.257964,0.008378
KCF,21,90,2,600,1,0.197769,0.182364,0.00818
KCA,41,90,2,600,1,0.736182,0.685808,0.02659
KCF,41,90,2,600,1,0.732551,0.681008,0.02723
KCA,61,90,2,600,1,1.30891,1.19888,0.057767
KCF,61,90,2,600,1,1.60249,1.49266,0.055693
KCA,81,90,2,600,1,2.73641,2.54319,0.096289
KCF,81,90,2,600,1,3.15138,2.96257,0.097022
KCA,101,90,2,600,1,4.56763,4.28191,0.147394
KCF,101,90,2,600,1,3.93229,3.64723,0.144219
KCA,1,90,2,600,2,0.056701,0.056095,0.000328
KCF,1,90,2,600,2,0.059647,0.059089,0.000306
KCA,21,90,2,600,1,0.201797,0.186019,0.007876
KCF,21,90,2,600,1,0.204424,0.188539,0.009001
KCA,41,90,2,600,1,0.584868,0.530213,0.028076
KCF,41,90,2,600,1,0.453826,0.400813,0.02754
KCA,61,90,2,600,1,1.35985,1.25153,0.05651
KCF,61,90,2,600,1,1.17818,1.06763,0.057011
KCA,81,90,2,600,1,1.70182,1.51564,0.097407
KCF,81,90,2,600,1,1.44043,1.25689,0.094956
KCA,101,90,2,600,1,3.35141,3.07422,0.143457
KCF,101,90,2,600,1,3.17154,2.88289,0.148667
KCA,1,90,2,600,1,0.027731,0.02729,0.000281
KCF,1,90,2,600,1,0.026764,0.026264,0.000273
KCA,21,90,2,600,1,0.391977,0.366098,0.012159
KCF,21,90,2,600,1,0.357801,0.333612,0.012864
KCA,41,90,2,600,1,1.13941,1.08256,0.030391
KCF,41,90,2,600,1,0.71395,0.649516,0.034083
KCA,61,90,2,600,1,2.13967,2.02309,0.059998
KCF,61,90,2,600,1,1.57438,1.46243,0.05803
KCA,81,90,2,600,1,2.66831,2.47747,0.098511
KCF,81,90,2,600,1,4.12641,3.93202,0.098938
KCA,101,90,2,600,1,6.12384,5.83606,0.141491
KCF,101,90,2,600,1,5.28856,5.00794,0.144786
KCA,1,90,2,600,2,0.044371,0.04385,0.000267
KCF,1,90,2,600,2,0.04385,0.043108,0.000373
KCA,21,90,2,600,1,0.168672,0.151898,0.00842
KCF,21,90,2,600,1,0.167001,0.150359,0.008077
KCA,41,90,2,600,1,0.460026,0.408895,0.026983
KCF,41,90,2,600,1,0.411941,0.360441,0.02693
KCA,61,90,2,600,1,1.10597,0.993397,0.058601
KCF,61,90,2,600,1,0.875148,0.76922,0.054278
KCA,81,90,2,600,1,2.07311,1.87952,0.098301
KCF,81,90,2,600,1,1.91236,1.7234,0.09626
KCA,101,90,2,600,1,2.28015,2.00619,0.140919
KCF,101,90,2,600,1,2.82652,2.54585,0.145068
KCA,1,90,2,600,1,0.025012,0.024674,0.000195
KCF,1,90,2,600,1,0.023796,0.023373,0.000263
KCA,21,90,2,600,1,0.238587,0.223894,0.007567
KCF,21,90,2,600,1,0.194163,0.177451,0.008374
KCA,41,90,2,600,1,0.859139,0.807835,0.026589
KCF,41,90,2,600,1,0.699854,0.647363,0.027674
KCA,61,90,2,600,1,2.35385,2.24518,0.055842
KCF,61,90,2,600,1,1.51021,1.40328,0.05468
KCA,81,90,2,600,1,2.61949,2.43296,0.097368
KCF,81,90,2,600,1,3.18479,3.00067,0.095143
KCA,101,90,2,600,1,4.91622,4.63835,0.143457
KCF,101,90,2,600,1,3.00021,2.72139,0.143346
