BA,1,90,2,600,0.021638,3
KCA,1,90,2,600,0.007087,2
KCF,1,90,2,600,0.006814,2
KCRDK,1,90,2,600,0.007283,2
KCRDKL,1,90,2,600,0.006943,2
KCU,1,90,2,600,0.005912,2
KCUD,1,90,2,600,0.006454,2
HOG,1,90,2,600,0.007162,2
HOGL,1,90,2,600,0.006483,2
BA,21,90,2,600,0.297665,11
KCA,21,90,2,600,0.054064,1
KCF,21,90,2,600,0.044254,1
KCRDK,21,90,2,600,0.0232,1
KCRDKL,21,90,2,600,0.020863,1
KCU,21,90,2,600,0.019407,1
KCUD,21,90,2,600,0.02064,1
HOG,21,90,2,600,0.021344,1
HOGL,21,90,2,600,0.022444,1
BA,41,90,2,600,0.468109,12
KCA,41,90,2,600,0.205845,1
KCF,41,90,2,600,0.191387,1
KCRDK,41,90,2,600,0.088198,1
KCRDKL,41,90,2,600,0.073242,1
KCU,41,90,2,600,0.070879,1
KCUD,41,90,2,600,0.071431,1
HOG,41,90,2,600,0.073847,1
HOGL,41,90,2,600,0.069579,1
BA,61,90,2,600,0.522383,11
KCA,61,90,2,600,0.392509,1
KCF,61,90,2,600,0.462198,1
KCRDK,61,90,2,600,0.140336,1
KCRDKL,61,90,2,600,0.152996,1
KCU,61,90,2,600,0.147383,1
KCUD,61,90,2,600,0.146944,1
HOG,61,90,2,600,0.151255,1
HOGL,61,90,2,600,0.151326,1
BA,81,90,2,600,0.77856,12
KCA,81,90,2,600,0.977689,1
KCF,81,90,2,600,0.774824,1
KCRDK,81,90,2,600,0.228379,1
KCRDKL,81,90,2,600,0.234916,1
KCU,81,90,2,600,0.229498,1
KCUD,81,90,2,600,0.226659,1
HOG,81,90,2,600,0.235186,1
HOGL,81,90,2,600,0.232863,1
BA,101,90,2,600,1.00129,11
KCA,101,90,2,600,1.66887,1
KCF,101,90,2,600,1.50124,1
KCRDK,101,90,2,600,0.385018,1
KCRDKL,101,90,2,600,0.369474,1
KCU,101,90,2,600,0.36249,1
KCUD,101,90,2,600,0.363554,1
HOG,101,90,2,600,0.372504,1
HOGL,101,90,2,600,0.372136,1
BA,1,90,2,600,0.021305,4
KCA,1,90,2,600,0.004128,1
KCF,1,90,2,600,0.003991,1
KCRDK,1,90,2,600,0.009053,3
KCRDKL,1,90,2,600,0.008284,3
KCU,1,90,2,600,0.007555,3
KCUD,1,90,2,600,0.006081,2
HOG,1,90,2,600,0.008923,3
HOGL,1,90,2,600,0.008326,3
BA,21,90,2,600,0.486433,16
KCA,21,90,2,600,0.046261,1
KCF,21,90,2,600,0.039494,1
KCRDK,21,90,2,600,0.020363,1
KCRDKL,21,90,2,600,0.019713,1
KCU,21,90,2,600,0.018208,1
KCUD,21,90,2,600,0.02042,1
HOG,21,90,2,600,0.020984,1
HOGL,21,90,2,600,0.020617,1
BA,41,90,2,600,0.534077,14
KCA,41,90,2,600,0.255868,1
KCF,41,90,2,600,0.192888,1
KCRDK,41,90,2,600,0.067793,1
KCRDKL,41,90,2,600,0.067081,1
KCU,41,90,2,600,0.063487,1
KCUD,41,90,2,600,0.065184,1
HOG,41,90,2,600,0.067064,1
HOGL,41,90,2,600,0.0657,1
BA,61,90,2,600,0.935835,16
KCA,61,90,2,600,0.487756,1
KCF,61,90,2,600,0.450978,1
KCRDK,61,90,2,600,0.141224,1
KCRDKL,61,90,2,600,0.140372,1
KCU,61,90,2,600,0.135965,1
KCUD,61,90,2,600,0.137081,1
HOG,61,90,2,600,0.139758,1
HOGL,61,90,2,600,0.140055,1
BA,81,90,2,600,1.15461,15
KCA,81,90,2,600,0.642631,1
KCF,81,90,2,600,0.606098,1
KCRDK,81,90,2,600,0.234725,1
KCRDKL,81,90,2,600,0.234041,1
KCU,81,90,2,600,0.231517,1
KCUD,81,90,2,600,0.23454,1
HOG,81,90,2,600,0.241076,1
HOGL,81,90,2,600,0.238895,1
BA,101,90,2,600,1.67626,16
KCA,101,90,2,600,1.17697,1
KCF,101,90,2,600,1.13713,1
KCRDK,101,90,2,600,0.37756,1
KCRDKL,101,90,2,600,0.377852,1
KCU,101,90,2,600,0.359152,1
KCUD,101,90,2,600,0.367973,1
HOG,101,90,2,600,0.375288,1
HOGL,101,90,2,600,0.370584,1
BA,1,90,2,600,0.023055,4
KCA,1,90,2,600,0.004109,1
KCF,1,90,2,600,0.003921,1
KCRDK,1,90,2,600,0.009666,3
KCRDKL,1,90,2,600,0.007896,3
KCU,1,90,2,600,0.006529,3
KCUD,1,90,2,600,0.006088,2
HOG,1,90,2,600,0.007752,3
HOGL,1,90,2,600,0.005348,2
BA,21,90,2,600,0.411132,14
KCA,21,90,2,600,0.039024,1
KCF,21,90,2,600,0.038769,1
KCRDK,21,90,2,600,0.021021,1
KCRDKL,21,90,2,600,0.019963,1
KCU,21,90,2,600,0.018072,1
KCUD,21,90,2,600,0.018881,1
HOG,21,90,2,600,0.021168,1
HOGL,21,90,2,600,0.020713,1
BA,41,90,2,600,0.558854,14
KCA,41,90,2,600,0.162369,1
KCF,41,90,2,600,0.163581,1
KCRDK,41,90,2,600,0.065717,1
KCRDKL,41,90,2,600,0.065909,1
KCU,41,90,2,600,0.062992,1
KCUD,41,90,2,600,0.070098,1
HOG,41,90,2,600,0.072856,1
HOGL,41,90,2,600,0.070747,1
BA,61,90,2,600,0.783289,14
KCA,61,90,2,600,0.261401,1
KCF,61,90,2,600,0.300231,1
KCRDK,61,90,2,600,0.142347,1
KCRDKL,61,90,2,600,0.140622,1
KCU,61,90,2,600,0.136687,1
KCUD,61,90,2,600,0.135555,1
HOG,61,90,2,600,0.139767,1
HOGL,61,90,2,600,0.138472,1
BA,81,90,2,600,1.07362,14
KCA,81,90,2,600,0.58016,1
KCF,81,90,2,600,0.534451,1
KCRDK,81,90,2,600,0.232647,1
KCRDKL,81,90,2,600,0.229887,1
KCU,81,90,2,600,0.22506,1
KCUD,81,90,2,600,0.224595,1
HOG,81,90,2,600,0.234207,1
HOGL,81,90,2,600,0.234492,1
BA,101,90,2,600,1.43461,14
KCA,101,90,2,600,0.930008,1
KCF,101,90,2,600,0.99179,1
KCRDK,101,90,2,600,0.367042,1
KCRDKL,101,90,2,600,0.379997,1
KCU,101,90,2,600,0.356753,1
KCUD,101,90,2,600,0.357967,1
HOG,101,90,2,600,0.379871,1
HOGL,101,90,2,600,0.372027,1
BA,1,90,2,600,0.006369,2
KCA,1,90,2,600,0.004649,1
KCF,1,90,2,600,0.004682,1
KCRDK,1,90,2,600,0.003891,1
KCRDKL,1,90,2,600,0.003303,1
KCU,1,90,2,600,0.002935,1
KCUD,1,90,2,600,0.003581,1
HOG,1,90,2,600,0.003691,1
HOGL,1,90,2,600,0.003528,1
BA,21,90,2,600,0.020987,3
KCA,21,90,2,600,0.113507,1
KCF,21,90,2,600,0.102593,1
KCRDK,21,90,2,600,0.032292,2
KCRDKL,21,90,2,600,0.03176,2
KCU,21,90,2,600,0.030085,2
KCUD,21,90,2,600,0.033197,2
HOG,21,90,2,600,0.031796,2
HOGL,21,90,2,600,0.032687,2
BA,41,90,2,600,0.049556,3
KCA,41,90,2,600,0.474984,1
KCF,41,90,2,600,0.398952,1
KCRDK,41,90,2,600,0.111271,2
KCRDKL,41,90,2,600,0.114732,2
KCU,41,90,2,600,0.113088,2
KCUD,41,90,2,600,0.116475,2
HOG,41,90,2,600,0.113681,2
HOGL,41,90,2,600,0.112167,2
BA,61,90,2,600,0.096693,3
KCA,61,90,2,600,0.866189,1
KCF,61,90,2,600,0.598535,1
KCRDK,61,90,2,600,0.242064,2
KCRDKL,61,90,2,600,0.248332,2
KCU,61,90,2,600,0.2438,2
KCUD,61,90,2,600,0.24277,2
HOG,61,90,2,600,0.247701,2
HOGL,61,90,2,600,0.233356,2
BA,81,90,2,600,0.15385,3
KCA,81,90,2,600,4.4654,1
KCF,81,90,2,600,1.28061,1
KCRDK,81,90,2,600,0.387202,2
KCRDKL,81,90,2,600,0.407819,2
KCU,81,90,2,600,0.380076,2
KCUD,81,90,2,600,0.39888,2
HOG,81,90,2,600,0.408075,2
HOGL,81,90,2,600,0.390435,2
BA,101,90,2,600,0.22491,3
KCA,101,90,2,600,1.7082,1
KCF,101,90,2,600,2.55801,1
KCRDK,101,90,2,600,0.595522,2
KCRDKL,101,90,2,600,0.62377,2
KCU,101,90,2,600,0.619673,2
KCUD,101,90,2,600,0.616594,2
HOG,101,90,2,600,0.640164,2
HOGL,101,90,2,600,0.642683,2
BA,1,90,2,600,0.013075,3
KCA,1,90,2,600,0.003236,1
KCF,1,90,2,600,0.003103,1
KCRDK,1,90,2,600,0.003728,1
KCRDKL,1,90,2,600,0.003555,1
KCU,1,90,2,600,0.002982,1
KCUD,1,90,2,600,0.00306,1
HOG,1,90,2,600,0.003905,1
HOGL,1,90,2,600,0.003563,1
BA,21,90,2,600,0.051658,5
KCA,21,90,2,600,0.108171,1
KCF,21,90,2,600,0.083248,1
KCRDK,21,90,2,600,0.01957,1
KCRDKL,21,90,2,600,0.019288,1
KCU,21,90,2,600,0.018331,1
KCUD,21,90,2,600,0.01882,1
HOG,21,90,2,600,0.02064,1
HOGL,21,90,2,600,0.020158,1
BA,41,90,2,600,0.239187,9
KCA,41,90,2,600,0.267995,1
KCF,41,90,2,600,0.314567,1
KCRDK,41,90,2,600,0.071812,1
KCRDKL,41,90,2,600,0.066234,1
KCU,41,90,2,600,0.068246,1
KCUD,41,90,2,600,0.069933,1
HOG,41,90,2,600,0.070854,1
HOGL,41,90,2,600,0.06372,1
BA,61,90,2,600,0.326634,8
KCA,61,90,2,600,0.796862,1
KCF,61,90,2,600,0.525549,1
KCRDK,61,90,2,600,0.135632,1
KCRDKL,61,90,2,600,0.135381,1
KCU,61,90,2,600,0.132681,1
KCUD,61,90,2,600,0.144403,1
HOG,61,90,2,600,0.147204,1
HOGL,61,90,2,600,0.135537,1
BA,81,90,2,600,0.473672,8
KCA,81,90,2,600,1.29559,1
KCF,81,90,2,600,0.893053,1
KCRDK,81,90,2,600,0.247645,1
KCRDKL,81,90,2,600,0.230117,1
KCU,81,90,2,600,0.226336,1
KCUD,81,90,2,600,0.223867,1
HOG,81,90,2,600,0.227656,1
HOGL,81,90,2,600,0.226849,1
BA,101,90,2,600,0.894539,10
KCA,101,90,2,600,1.71458,1
KCF,101,90,2,600,2.8118,1
KCRDK,101,90,2,600,0.361821,1
KCRDKL,101,90,2,600,0.361398,1
KCU,101,90,2,600,0.353632,1
KCUD,101,90,2,600,0.354821,1
HOG,101,90,2,600,0.370555,1
HOGL,101,90,2,600,0.367101,1
BA,1,90,2,600,0.015293,3
KCA,1,90,2,600,0.003347,1
KCF,1,90,2,600,0.003212,1
KCRDK,1,90,2,600,0.003625,1
KCRDKL,1,90,2,600,0.003368,1
KCU,1,90,2,600,0.003094,1
KCUD,1,90,2,600,0.003116,1
HOG,1,90,2,600,0.003684,1
HOGL,1,90,2,600,0.003431,1
BA,21,90,2,600,0.022018,3
KCA,21,90,2,600,0.120848,1
KCF,21,90,2,600,0.078163,1
KCRDK,21,90,2,600,0.025007,1
KCRDKL,21,90,2,600,0.023633,1
KCU,21,90,2,600,0.023911,1
KCUD,21,90,2,600,0.025674,1
HOG,21,90,2,600,0.024053,1
HOGL,21,90,2,600,0.023799,1
BA,41,90,2,600,0.061523,3
KCA,41,90,2,600,0.423815,1
KCF,41,90,2,600,0.387055,1
KCRDK,41,90,2,600,0.078019,1
KCRDKL,41,90,2,600,0.078562,1
KCU,41,90,2,600,0.076467,1
KCUD,41,90,2,600,0.078013,1
HOG,41,90,2,600,0.086327,1
HOGL,41,90,2,600,0.079053,1
BA,61,90,2,600,0.116106,3
KCA,61,90,2,600,0.920052,1
KCF,61,90,2,600,0.589142,1
KCRDK,61,90,2,600,0.166292,1
KCRDKL,61,90,2,600,0.166634,1
KCU,61,90,2,600,0.170769,1
KCUD,61,90,2,600,0.140139,1
HOG,61,90,2,600,0.140816,1
HOGL,61,90,2,600,0.140329,1
BA,81,90,2,600,0.151771,3
KCA,81,90,2,600,1.18206,1
KCF,81,90,2,600,0.968323,1
KCRDK,81,90,2,600,0.232112,1
KCRDKL,81,90,2,600,0.251491,1
KCU,81,90,2,600,0.226371,1
KCUD,81,90,2,600,0.227914,1
HOG,81,90,2,600,0.236552,1
HOGL,81,90,2,600,0.235672,1
BA,101,90,2,600,0.230765,3
KCA,101,90,2,600,1.62206,1
KCF,101,90,2,600,1.26137,1
KCRDK,101,90,2,600,0.369384,1
KCRDKL,101,90,2,600,0.367571,1
KCU,101,90,2,600,0.360118,1
KCUD,101,90,2,600,0.359023,1
HOG,101,90,2,600,0.366502,1
HOGL,101,90,2,600,0.361811,1
BA,1,90,2,600,0.012405,3
KCA,1,90,2,600,0.003191,1
KCF,1,90,2,600,0.003099,1
KCRDK,1,90,2,600,0.003843,1
KCRDKL,1,90,2,600,0.003432,1
KCU,1,90,2,600,0.003043,1
KCUD,1,90,2,600,0.002993,1
HOG,1,90,2,600,0.003706,1
HOGL,1,90,2,600,0.003376,1
BA,21,90,2,600,0.034038,4
KCA,21,90,2,600,0.116104,1
KCF,21,90,2,600,0.09421,1
KCRDK,21,90,2,600,0.03073,2
KCRDKL,21,90,2,600,0.030452,2
KCU,21,90,2,600,0.02887,2
KCUD,21,90,2,600,0.032548,2
HOG,21,90,2,600,0.030522,2
HOGL,21,90,2,600,0.02973,2
BA,41,90,2,600,0.069699,4
KCA,41,90,2,600,0.458076,1
KCF,41,90,2,600,0.409714,1
KCRDK,41,90,2,600,0.11191,2
KCRDKL,41,90,2,600,0.102293,2
KCU,41,90,2,600,0.106989,2
KCUD,41,90,2,600,0.112642,2
HOG,41,90,2,600,0.11581,2
HOGL,41,90,2,600,0.115362,2
BA,61,90,2,600,0.135751,4
KCA,61,90,2,600,0.790958,1
KCF,61,90,2,600,0.605026,1
KCRDK,61,90,2,600,0.237856,2
KCRDKL,61,90,2,600,0.238642,2
KCU,61,90,2,600,0.240431,2
KCUD,61,90,2,600,0.245628,2
HOG,61,90,2,600,0.244725,2
HOGL,61,90,2,600,0.244813,2
BA,81,90,2,600,0.214483,4
KCA,81,90,2,600,1.3657,1
KCF,81,90,2,600,0.999085,1
KCRDK,81,90,2,600,0.402229,2
KCRDKL,81,90,2,600,0.385872,2
KCU,81,90,2,600,0.377015,2
KCUD,81,90,2,600,0.396814,2
HOG,81,90,2,600,0.400969,2
HOGL,81,90,2,600,0.404797,2
BA,101,90,2,600,0.310323,4
KCA,101,90,2,600,1.52169,1
KCF,101,90,2,600,2.55444,1
KCRDK,101,90,2,600,0.636961,2
KCRDKL,101,90,2,600,0.628911,2
KCU,101,90,2,600,0.619971,2
KCUD,101,90,2,600,0.617667,2
HOG,101,90,2,600,0.629352,2
HOGL,101,90,2,600,0.623585,2
BA,1,90,2,600,0.023574,4
KCA,1,90,2,600,0.003962,1
KCF,1,90,2,600,0.003942,1
KCRDK,1,90,2,600,0.007481,2
KCRDKL,1,90,2,600,0.00631,2
KCU,1,90,2,600,0.008008,3
KCUD,1,90,2,600,0.006298,2
HOG,1,90,2,600,0.006333,2
HOGL,1,90,2,600,0.006243,2
BA,21,90,2,600,0.122921,8
KCA,21,90,2,600,0.095403,1
KCF,21,90,2,600,0.050342,1
KCRDK,21,90,2,600,0.020615,1
KCRDKL,21,90,2,600,0.020532,1
KCU,21,90,2,600,0.017712,1
KCUD,21,90,2,600,0.018868,1
HOG,21,90,2,600,0.021019,1
HOGL,21,90,2,600,0.020333,1
BA,41,90,2,600,0.236642,9
KCA,41,90,2,600,0.334021,1
KCF,41,90,2,600,0.312384,1
KCRDK,41,90,2,600,0.074063,1
KCRDKL,41,90,2,600,0.066371,1
KCU,41,90,2,600,0.063754,1
KCUD,41,90,2,600,0.064233,1
HOG,41,90,2,600,0.06737,1
HOGL,41,90,2,600,0.066286,1
BA,61,90,2,600,0.446826,10
KCA,61,90,2,600,0.545483,1
KCF,61,90,2,600,0.481723,1
KCRDK,61,90,2,600,0.161002,1
KCRDKL,61,90,2,600,0.141692,1
KCU,61,90,2,600,0.149494,1
KCUD,61,90,2,600,0.150743,1
HOG,61,90,2,600,0.151936,1
HOGL,61,90,2,600,0.151167,1
BA,81,90,2,600,0.56101,9
KCA,81,90,2,600,1.38108,1
KCF,81,90,2,600,0.918869,1
KCRDK,81,90,2,600,0.231467,1
KCRDKL,81,90,2,600,0.23573,1
KCU,81,90,2,600,0.226995,1
KCUD,81,90,2,600,0.228422,1
HOG,81,90,2,600,0.247602,1
HOGL,81,90,2,600,0.247086,1
BA,101,90,2,600,0.681017,8
KCA,101,90,2,600,3.56626,1
KCF,101,90,2,600,1.53198,1
KCRDK,101,90,2,600,0.399998,1
KCRDKL,101,90,2,600,0.363864,1
KCU,101,90,2,600,0.352698,1
KCUD,101,90,2,600,0.354544,1
HOG,101,90,2,600,0.360574,1
HOGL,101,90,2,600,0.359184,1
BA,1,90,2,600,0.006144,2
KCA,1,90,2,600,0.004134,1
KCF,1,90,2,600,0.004128,1
KCRDK,1,90,2,600,0.003512,1
KCRDKL,1,90,2,600,0.003335,1
KCU,1,90,2,600,0.002861,1
KCUD,1,90,2,600,0.003617,1
HOG,1,90,2,600,0.003747,1
HOGL,1,90,2,600,0.003361,1
BA,21,90,2,600,0.033672,4
KCA,21,90,2,600,0.129949,1
KCF,21,90,2,600,0.081429,1
KCRDK,21,90,2,600,0.020471,1
KCRDKL,21,90,2,600,0.018421,1
KCU,21,90,2,600,0.017515,1
KCUD,21,90,2,600,0.018184,1
HOG,21,90,2,600,0.018323,1
HOGL,21,90,2,600,0.019595,1
BA,41,90,2,600,0.047978,3
KCA,41,90,2,600,0.408125,1
KCF,41,90,2,600,0.352746,1
KCRDK,41,90,2,600,0.06388,1
KCRDKL,41,90,2,600,0.063223,1
KCU,41,90,2,600,0.070114,1
KCUD,41,90,2,600,0.062942,1
HOG,41,90,2,600,0.073489,1
HOGL,41,90,2,600,0.065491,1
BA,61,90,2,600,0.181407,5
KCA,61,90,2,600,1.03761,1
KCF,61,90,2,600,0.560463,1
KCRDK,61,90,2,600,0.153585,1
KCRDKL,61,90,2,600,0.152607,1
KCU,61,90,2,600,0.150868,1
KCUD,61,90,2,600,0.151396,1
HOG,61,90,2,600,0.15359,1
HOGL,61,90,2,600,0.139411,1
BA,81,90,2,600,0.349502,6
KCA,81,90,2,600,1.15293,1
KCF,81,90,2,600,1.08919,1
KCRDK,81,90,2,600,0.250829,1
KCRDKL,81,90,2,600,0.233799,1
KCU,81,90,2,600,0.23542,1
KCUD,81,90,2,600,0.226775,1
HOG,81,90,2,600,0.231612,1
HOGL,81,90,2,600,0.230749,1
BA,101,90,2,600,0.224468,3
KCA,101,90,2,600,3.69162,1
KCF,101,90,2,600,2.46796,1
KCRDK,101,90,2,600,0.387442,1
KCRDKL,101,90,2,600,0.382167,1
KCU,101,90,2,600,0.356876,1
KCUD,101,90,2,600,0.362891,1
HOG,101,90,2,600,0.370104,1
HOGL,101,90,2,600,0.367859,1
BA,1,90,2,600,0.025065,4
KCA,1,90,2,600,0.004308,1
KCF,1,90,2,600,0.004203,1
KCRDK,1,90,2,600,0.006355,2
KCRDKL,1,90,2,600,0.006577,2
KCU,1,90,2,600,0.008544,3
KCUD,1,90,2,600,0.006692,2
HOG,1,90,2,600,0.006593,2
HOGL,1,90,2,600,0.006534,2
BA,21,90,2,600,0.099538,7
KCA,21,90,2,600,0.076927,1
KCF,21,90,2,600,0.058128,1
KCRDK,21,90,2,600,0.0218,1
KCRDKL,21,90,2,600,0.020223,1
KCU,21,90,2,600,0.018894,1
KCUD,21,90,2,600,0.019676,1
HOG,21,90,2,600,0.020829,1
HOGL,21,90,2,600,0.020933,1
BA,41,90,2,600,0.198521,8
KCA,41,90,2,600,0.226869,1
KCF,41,90,2,600,0.162248,1
KCRDK,41,90,2,600,0.066518,1
KCRDKL,41,90,2,600,0.063998,1
KCU,41,90,2,600,0.067778,1
KCUD,41,90,2,600,0.069558,1
HOG,41,90,2,600,0.07098,1
HOGL,41,90,2,600,0.070085,1
BA,61,90,2,600,0.275155,7
KCA,61,90,2,600,0.351338,1
KCF,61,90,2,600,0.268492,1
KCRDK,61,90,2,600,0.140523,1
KCRDKL,61,90,2,600,0.139856,1
KCU,61,90,2,600,0.137469,1
KCUD,61,90,2,600,0.138209,1
HOG,61,90,2,600,0.141141,1
HOGL,61,90,2,600,0.139733,1
BA,81,90,2,600,0.411468,7
KCA,81,90,2,600,1.04795,1
KCF,81,90,2,600,1.02688,1
KCRDK,81,90,2,600,0.251337,1
KCRDKL,81,90,2,600,0.231397,1
KCU,81,90,2,600,0.24517,1
KCUD,81,90,2,600,0.245119,1
HOG,81,90,2,600,0.252722,1
HOGL,81,90,2,600,0.255352,1
BA,101,90,2,600,0.708003,8
KCA,101,90,2,600,1.91658,1
KCF,101,90,2,600,2.11963,1
KCRDK,101,90,2,600,0.393821,1
KCRDKL,101,90,2,600,0.393081,1
KCU,101,90,2,600,0.384311,1
KCUD,101,90,2,600,0.385295,1
HOG,101,90,2,600,0.389168,1
HOGL,101,90,2,600,0.386974,1
BA,1,90,2,600,0.015449,3
KCA,1,90,2,600,0.0033,1
KCF,1,90,2,600,0.0031,1
KCRDK,1,90,2,600,0.003532,1
KCRDKL,1,90,2,600,0.003364,1
KCU,1,90,2,600,0.0056,1
KCUD,1,90,2,600,0.003111,1
HOG,1,90,2,600,0.003733,1
HOGL,1,90,2,600,0.003305,1
BA,21,90,2,600,0.021832,3
KCA,21,90,2,600,0.134072,1
KCF,21,90,2,600,0.095394,1
KCRDK,21,90,2,600,0.020442,1
KCRDKL,21,90,2,600,0.018837,1
KCU,21,90,2,600,0.018621,1
KCUD,21,90,2,600,0.020127,1
HOG,21,90,2,600,0.019644,1
HOGL,21,90,2,600,0.020688,1
BA,41,90,2,600,0.050645,3
KCA,41,90,2,600,0.389455,1
KCF,41,90,2,600,0.353902,1
KCRDK,41,90,2,600,0.064488,1
KCRDKL,41,90,2,600,0.063851,1
KCU,41,90,2,600,0.061135,1
KCUD,41,90,2,600,0.062552,1
HOG,41,90,2,600,0.063343,1
HOGL,41,90,2,600,0.062869,1
BA,61,90,2,600,0.092831,3
KCA,61,90,2,600,0.81678,1
KCF,61,90,2,600,0.545519,1
KCRDK,61,90,2,600,0.151558,1
KCRDKL,61,90,2,600,0.138466,1
KCU,61,90,2,600,0.134589,1
KCUD,61,90,2,600,0.135409,1
HOG,61,90,2,600,0.136673,1
HOGL,61,90,2,600,0.14845,1
BA,81,90,2,600,0.150933,3
KCA,81,90,2,600,2.80488,1
KCF,81,90,2,600,1.04486,1
KCRDK,81,90,2,600,0.228827,1
KCRDKL,81,90,2,600,0.228036,1
KCU,81,90,2,600,0.241459,1
KCUD,81,90,2,600,0.228752,1
HOG,81,90,2,600,0.251529,1
HOGL,81,90,2,600,0.251197,1
BA,101,90,2,600,0.229699,3
KCA,101,90,2,600,1.8343,1
KCF,101,90,2,600,2.43587,1
KCRDK,101,90,2,600,0.391677,1
KCRDKL,101,90,2,600,0.388464,1
KCU,101,90,2,600,0.381787,1
KCUD,101,90,2,600,0.383216,1
HOG,101,90,2,600,0.387168,1
HOGL,101,90,2,600,0.38714,1
BA,1,90,2,600,0.025568,4
KCA,1,90,2,600,0.004305,1
KCF,1,90,2,600,0.004171,1
KCRDK,1,90,2,600,0.007002,2
KCRDKL,1,90,2,600,0.006837,2
KCU,1,90,2,600,0.007966,3
KCUD,1,90,2,600,0.006443,2
HOG,1,90,2,600,0.007155,2
HOGL,1,90,2,600,0.006695,2
BA,21,90,2,600,0.248465,11
KCA,21,90,2,600,0.045406,1
KCF,21,90,2,600,0.040399,1
KCRDK,21,90,2,600,0.020716,1
KCRDKL,21,90,2,600,0.020782,1
KCU,21,90,2,600,0.019584,1
KCUD,21,90,2,600,0.01974,1
HOG,21,90,2,600,0.021657,1
HOGL,21,90,2,600,0.019598,1
BA,41,90,2,600,0.348173,11
KCA,41,90,2,600,0.218982,1
KCF,41,90,2,600,0.162611,1
KCRDK,41,90,2,600,0.066892,1
KCRDKL,41,90,2,600,0.06988,1
KCU,41,90,2,600,0.063065,1
KCUD,41,90,2,600,0.063645,1
HOG,41,90,2,600,0.064582,1
HOGL,41,90,2,600,0.064567,1
BA,61,90,2,600,0.536361,11
KCA,61,90,2,600,0.418043,1
KCF,61,90,2,600,0.439248,1
KCRDK,61,90,2,600,0.154677,1
KCRDKL,61,90,2,600,0.142943,1
KCU,61,90,2,600,0.138916,1
KCUD,61,90,2,600,0.139296,1
HOG,61,90,2,600,0.142311,1
HOGL,61,90,2,600,0.140376,1
BA,81,90,2,600,0.743949,11
KCA,81,90,2,600,1.45336,1
KCF,81,90,2,600,1.12316,1
KCRDK,81,90,2,600,0.232582,1
KCRDKL,81,90,2,600,0.232648,1
KCU,81,90,2,600,0.226508,1
KCUD,81,90,2,600,0.227899,1
HOG,81,90,2,600,0.236938,1
HOGL,81,90,2,600,0.238515,1
BA,101,90,2,600,1.0426,11
KCA,101,90,2,600,1.295,1
KCF,101,90,2,600,2.43183,1
KCRDK,101,90,2,600,0.395879,1
KCRDKL,101,90,2,600,0.390386,1
KCU,101,90,2,600,0.388147,1
KCUD,101,90,2,600,0.384117,1
HOG,101,90,2,600,0.392302,1
HOGL,101,90,2,600,0.407239,1
BA,1,90,2,600,0.012568,3
KCA,1,90,2,600,0.002833,1
KCF,1,90,2,600,0.002733,1
KCRDK,1,90,2,600,0.003044,1
KCRDKL,1,90,2,600,0.002857,1
KCU,1,90,2,600,0.002722,1
KCUD,1,90,2,600,0.002742,1
HOG,1,90,2,600,0.002943,1
HOGL,1,90,2,600,0.00286,1
BA,21,90,2,600,0.020858,3
KCA,21,90,2,600,0.088416,1
KCF,21,90,2,600,0.081381,1
KCRDK,21,90,2,600,0.0198,1
KCRDKL,21,90,2,600,0.018816,1
KCU,21,90,2,600,0.019911,1
KCUD,21,90,2,600,0.018317,1
HOG,21,90,2,600,0.019445,1
HOGL,21,90,2,600,0.019933,1
BA,41,90,2,600,0.047581,3
KCA,41,90,2,600,0.333654,1
KCF,41,90,2,600,0.312518,1
KCRDK,41,90,2,600,0.073887,1
KCRDKL,41,90,2,600,0.064636,1
KCU,41,90,2,600,0.068762,1
KCUD,41,90,2,600,0.063195,1
HOG,41,90,2,600,0.066966,1
HOGL,41,90,2,600,0.064156,1
BA,61,90,2,600,0.093163,3
KCA,61,90,2,600,1.17163,1
KCF,61,90,2,600,0.581897,1
KCRDK,61,90,2,600,0.154723,1
KCRDKL,61,90,2,600,0.15259,1
KCU,61,90,2,600,0.149712,1
KCUD,61,90,2,600,0.150121,1
HOG,61,90,2,600,0.154673,1
HOGL,61,90,2,600,0.159779,1
BA,81,90,2,600,0.151921,3
KCA,81,90,2,600,1.35279,1
KCF,81,90,2,600,0.924299,1
KCRDK,81,90,2,600,0.256928,1
KCRDKL,81,90,2,600,0.253612,1
KCU,81,90,2,600,0.253268,1
KCUD,81,90,2,600,0.25469,1
HOG,81,90,2,600,0.25999,1
HOGL,81,90,2,600,0.254946,1
BA,101,90,2,600,0.226071,3
KCA,101,90,2,600,3.35961,1
KCF,101,90,2,600,3.22714,1
KCRDK,101,90,2,600,0.398476,1
KCRDKL,101,90,2,600,0.405703,1
KCU,101,90,2,600,0.35429,1
KCUD,101,90,2,600,0.384641,1
HOG,101,90,2,600,0.389052,1
HOGL,101,90,2,600,0.403379,1
BA,1,90,2,600,0.013111,3
KCA,1,90,2,600,0.003213,1
KCF,1,90,2,600,0.003062,1
KCRDK,1,90,2,600,0.003871,1
KCRDKL,1,90,2,600,0.003563,1
KCU,1,90,2,600,0.003114,1
KCUD,1,90,2,600,0.003018,1
HOG,1,90,2,600,0.00407,1
HOGL,1,90,2,600,0.003409,1
BA,21,90,2,600,0.033858,4
KCA,21,90,2,600,0.111782,1
KCF,21,90,2,600,0.07999,1
KCRDK,21,90,2,600,0.031968,2
KCRDKL,21,90,2,600,0.030619,2
KCU,21,90,2,600,0.02965,2
KCUD,21,90,2,600,0.032016,2
HOG,21,90,2,600,0.030808,2
HOGL,21,90,2,600,0.031237,2
BA,41,90,2,600,0.071214,4
KCA,41,90,2,600,0.45478,1
KCF,41,90,2,600,0.416701,1
KCRDK,41,90,2,600,0.116193,2
KCRDKL,41,90,2,600,0.10574,2
KCU,41,90,2,600,0.11274,2
KCUD,41,90,2,600,0.106576,2
HOG,41,90,2,600,0.111159,2
HOGL,41,90,2,600,0.112881,2
BA,61,90,2,600,0.133362,4
KCA,61,90,2,600,0.910118,1
KCF,61,90,2,600,0.568112,1
KCRDK,61,90,2,600,0.243424,2
KCRDKL,61,90,2,600,0.241921,2
KCU,61,90,2,600,0.237951,2
KCUD,61,90,2,600,0.238607,2
HOG,61,90,2,600,0.241482,2
HOGL,61,90,2,600,0.244969,2
BA,81,90,2,600,0.209415,4
KCA,81,90,2,600,1.89966,1
KCF,81,90,2,600,1.0063,1
KCRDK,81,90,2,600,0.384401,2
KCRDKL,81,90,2,600,0.403697,2
KCU,81,90,2,600,0.375178,2
KCUD,81,90,2,600,0.398267,2
HOG,81,90,2,600,0.40052,2
HOGL,81,90,2,600,0.400599,2
BA,101,90,2,600,0.389335,5
KCA,101,90,2,600,3.49393,1
KCF,101,90,2,600,2.60854,1
KCRDK,101,90,2,600,0.854856,3
KCRDKL,101,90,2,600,0.848871,3
KCU,101,90,2,600,0.856412,3
KCUD,101,90,2,600,0.586366,2
HOG,101,90,2,600,0.856046,3
HOGL,101,90,2,600,0.859084,3
BA,1,90,2,600,0.0094,2
KCA,1,90,2,600,0.004244,1
KCF,1,90,2,600,0.004221,1
KCRDK,1,90,2,600,0.003872,1
KCRDKL,1,90,2,600,0.003426,1
KCU,1,90,2,600,0.002968,1
KCUD,1,90,2,600,0.003739,1
HOG,1,90,2,600,0.003889,1
HOGL,1,90,2,600,0.003351,1
BA,21,90,2,600,0.011579,2
KCA,21,90,2,600,0.12688,1
KCF,21,90,2,600,0.087946,1
KCRDK,21,90,2,600,0.019037,1
KCRDKL,21,90,2,600,0.018082,1
KCU,21,90,2,600,0.017727,1
KCUD,21,90,2,600,0.019993,1
HOG,21,90,2,600,0.018638,1
HOGL,21,90,2,600,0.017948,1
BA,41,90,2,600,0.028613,2
KCA,41,90,2,600,0.340178,1
KCF,41,90,2,600,0.408731,1
KCRDK,41,90,2,600,0.063381,1
KCRDKL,41,90,2,600,0.069111,1
KCU,41,90,2,600,0.060294,1
KCUD,41,90,2,600,0.061522,1
HOG,41,90,2,600,0.068602,1
HOGL,41,90,2,600,0.061572,1
BA,61,90,2,600,0.058207,2
KCA,61,90,2,600,0.990092,1
KCF,61,90,2,600,0.595607,1
KCRDK,61,90,2,600,0.150545,1
KCRDKL,61,90,2,600,0.151616,1
KCU,61,90,2,600,0.135307,1
KCUD,61,90,2,600,0.148502,1
HOG,61,90,2,600,0.149968,1
HOGL,61,90,2,600,0.149377,1
BA,81,90,2,600,0.095278,2
KCA,81,90,2,600,2.56971,1
KCF,81,90,2,600,1.09557,1
KCRDK,81,90,2,600,0.235345,1
KCRDKL,81,90,2,600,0.235652,1
KCU,81,90,2,600,0.227583,1
KCUD,81,90,2,600,0.228641,1
HOG,81,90,2,600,0.234718,1
HOGL,81,90,2,600,0.236045,1
BA,101,90,2,600,0.146637,2
KCA,101,90,2,600,2.46117,1
KCF,101,90,2,600,2.4287,1
KCRDK,101,90,2,600,0.374119,1
KCRDKL,101,90,2,600,0.397717,1
KCU,101,90,2,600,0.386184,1
KCUD,101,90,2,600,0.389737,1
HOG,101,90,2,600,0.395701,1
HOGL,101,90,2,600,0.39381,1
BA,1,90,2,600,0.008308,2
KCA,1,90,2,600,0.004305,1
KCF,1,90,2,600,0.004212,1
KCRDK,1,90,2,600,0.003843,1
KCRDKL,1,90,2,600,0.003145,1
KCU,1,90,2,600,0.00277,1
KCUD,1,90,2,600,0.00346,1
HOG,1,90,2,600,0.003708,1
HOGL,1,90,2,600,0.00323,1
BA,21,90,2,600,0.012961,2
KCA,21,90,2,600,0.105958,1
KCF,21,90,2,600,0.105033,1
KCRDK,21,90,2,600,0.019,1
KCRDKL,21,90,2,600,0.018893,1
KCU,21,90,2,600,0.017406,1
KCUD,21,90,2,600,0.018015,1
HOG,21,90,2,600,0.018718,1
HOGL,21,90,2,600,0.01978,1
BA,41,90,2,600,0.029547,2
KCA,41,90,2,600,0.454311,1
KCF,41,90,2,600,0.403191,1
KCRDK,41,90,2,600,0.075948,1
KCRDKL,41,90,2,600,0.065529,1
KCU,41,90,2,600,0.065256,1
KCUD,41,90,2,600,0.065396,1
HOG,41,90,2,600,0.073389,1
HOGL,41,90,2,600,0.074124,1
BA,61,90,2,600,0.060097,2
KCA,61,90,2,600,1.08275,1
KCF,61,90,2,600,0.559228,1
KCRDK,61,90,2,600,0.155616,1
KCRDKL,61,90,2,600,0.140627,1
KCU,61,90,2,600,0.138364,1
KCUD,61,90,2,600,0.140306,1
HOG,61,90,2,600,0.143215,1
HOGL,61,90,2,600,0.140189,1
BA,81,90,2,600,0.097319,2
KCA,81,90,2,600,1.84009,1
KCF,81,90,2,600,1.1306,1
KCRDK,81,90,2,600,0.229309,1
KCRDKL,81,90,2,600,0.2328,1
KCU,81,90,2,600,0.227897,1
KCUD,81,90,2,600,0.225542,1
HOG,81,90,2,600,0.230417,1
HOGL,81,90,2,600,0.229063,1
BA,101,90,2,600,0.143761,2
KCA,101,90,2,600,1.679,1
KCF,101,90,2,600,1.70883,1
KCRDK,101,90,2,600,0.386594,1
KCRDKL,101,90,2,600,0.388543,1
KCU,101,90,2,600,0.379731,1
KCUD,101,90,2,600,0.381728,1
HOG,101,90,2,600,0.386178,1
HOGL,101,90,2,600,0.358521,1
BA,1,90,2,600,0.02679,4
KCA,1,90,2,600,0.004341,1
KCF,1,90,2,600,0.004033,1
KCRDK,1,90,2,600,0.008519,3
KCRDKL,1,90,2,600,0.006136,2
KCU,1,90,2,600,0.007195,3
KCUD,1,90,2,600,0.006419,2
HOG,1,90,2,600,0.008709,3
HOGL,1,90,2,600,0.005785,2
BA,21,90,2,600,0.309127,13
KCA,21,90,2,600,0.057404,1
KCF,21,90,2,600,0.058573,1
KCRDK,21,90,2,600,0.019984,1
KCRDKL,21,90,2,600,0.019571,1
KCU,21,90,2,600,0.018124,1
KCUD,21,90,2,600,0.018866,1
HOG,21,90,2,600,0.019611,1
HOGL,21,90,2,600,0.020306,1
BA,41,90,2,600,0.449003,13
KCA,41,90,2,600,0.258858,1
KCF,41,90,2,600,0.385854,1
KCRDK,41,90,2,600,0.073615,1
KCRDKL,41,90,2,600,0.073746,1
KCU,41,90,2,600,0.061923,1
KCUD,41,90,2,600,0.069636,1
HOG,41,90,2,600,0.072534,1
HOGL,41,90,2,600,0.071509,1
BA,61,90,2,600,0.749808,14
KCA,61,90,2,600,0.455511,1
KCF,61,90,2,600,0.4591,1
KCRDK,61,90,2,600,0.154201,1
KCRDKL,61,90,2,600,0.145603,1
KCU,61,90,2,600,0.135857,1
KCUD,61,90,2,600,0.135379,1
HOG,61,90,2,600,0.139037,1
HOGL,61,90,2,600,0.139315,1
BA,81,90,2,600,0.906388,13
KCA,81,90,2,600,0.704378,1
KCF,81,90,2,600,0.632054,1
KCRDK,81,90,2,600,0.232786,1
KCRDKL,81,90,2,600,0.233087,1
KCU,81,90,2,600,0.227191,1
KCUD,81,90,2,600,0.226453,1
HOG,81,90,2,600,0.231482,1
HOGL,81,90,2,600,0.228986,1
BA,101,90,2,600,1.39048,14
KCA,101,90,2,600,1.47316,1
KCF,101,90,2,600,1.23801,1
KCRDK,101,90,2,600,0.390759,1
KCRDKL,101,90,2,600,0.39168,1
KCU,101,90,2,600,0.382137,1
KCUD,101,90,2,600,0.380802,1
HOG,101,90,2,600,0.387537,1
HOGL,101,90,2,600,0.387483,1
BA,1,90,2,600,0.027445,4
KCA,1,90,2,600,0.003994,1
KCF,1,90,2,600,0.003962,1
KCRDK,1,90,2,600,0.009018,3
KCRDKL,1,90,2,600,0.006376,2
KCU,1,90,2,600,0.007764,3
KCUD,1,90,2,600,0.006273,2
HOG,1,90,2,600,0.009254,3
HOGL,1,90,2,600,0.006263,2
BA,21,90,2,600,0.619084,17
KCA,21,90,2,600,0.062768,1
KCF,21,90,2,600,0.056819,1
KCRDK,21,90,2,600,0.019898,1
KCRDKL,21,90,2,600,0.019403,1
KCU,21,90,2,600,0.019127,1
KCUD,21,90,2,600,0.01973,1
HOG,21,90,2,600,0.019884,1
HOGL,21,90,2,600,0.020079,1
BA,41,90,2,600,0.788833,17
KCA,41,90,2,600,0.254564,1
KCF,41,90,2,600,0.356841,1
KCRDK,41,90,2,600,0.074069,1
KCRDKL,41,90,2,600,0.075977,1
KCU,41,90,2,600,0.064294,1
KCUD,41,90,2,600,0.070271,1
HOG,41,90,2,600,0.071059,1
HOGL,41,90,2,600,0.070091,1
BA,61,90,2,600,0.787627,14
KCA,61,90,2,600,0.441978,1
KCF,61,90,2,600,0.494267,1
KCRDK,61,90,2,600,0.149631,1
KCRDKL,61,90,2,600,0.13687,1
KCU,61,90,2,600,0.132945,1
KCUD,61,90,2,600,0.126514,1
HOG,61,90,2,600,0.132527,1
HOGL,61,90,2,600,0.135462,1
BA,81,90,2,600,1.1614,15
KCA,81,90,2,600,0.637815,1
KCF,81,90,2,600,0.529501,1
KCRDK,81,90,2,600,0.226618,1
KCRDKL,81,90,2,600,0.226752,1
KCU,81,90,2,600,0.225214,1
KCUD,81,90,2,600,0.225539,1
HOG,81,90,2,600,0.227578,1
HOGL,81,90,2,600,0.227116,1
BA,101,90,2,600,1.40242,14
KCA,101,90,2,600,1.109,1
KCF,101,90,2,600,1.14758,1
KCRDK,101,90,2,600,0.381776,1
KCRDKL,101,90,2,600,0.378454,1
KCU,101,90,2,600,0.371902,1
KCUD,101,90,2,600,0.37876,1
HOG,101,90,2,600,0.387597,1
HOGL,101,90,2,600,0.387889,1
BA,1,90,2,600,0.015678,3
KCA,1,90,2,600,0.003027,1
KCF,1,90,2,600,0.00284,1
KCRDK,1,90,2,600,0.003432,1
KCRDKL,1,90,2,600,0.003095,1
KCU,1,90,2,600,0.002839,1
KCUD,1,90,2,600,0.002824,1
HOG,1,90,2,600,0.003597,1
HOGL,1,90,2,600,0.003312,1
BA,21,90,2,600,0.046882,5
KCA,21,90,2,600,0.121456,1
KCF,21,90,2,600,0.085574,1
KCRDK,21,90,2,600,0.032115,2
KCRDKL,21,90,2,600,0.031747,2
KCU,21,90,2,600,0.030834,2
KCUD,21,90,2,600,0.03201,2
HOG,21,90,2,600,0.031821,2
HOGL,21,90,2,600,0.031341,2
BA,41,90,2,600,0.091788,5
KCA,41,90,2,600,0.360188,1
KCF,41,90,2,600,0.285072,1
KCRDK,41,90,2,600,0.102983,2
KCRDKL,41,90,2,600,0.110264,2
KCU,41,90,2,600,0.10901,2
KCUD,41,90,2,600,0.110048,2
HOG,41,90,2,600,0.107984,2
HOGL,41,90,2,600,0.10884,2
BA,61,90,2,600,0.1696,5
KCA,61,90,2,600,0.815386,1
KCF,61,90,2,600,0.492851,1
KCRDK,61,90,2,600,0.22768,2
KCRDKL,61,90,2,600,0.238796,2
KCU,61,90,2,600,0.226,2
KCUD,61,90,2,600,0.221294,2
HOG,61,90,2,600,0.237844,2
HOGL,61,90,2,600,0.236909,2
BA,81,90,2,600,0.263557,5
KCA,81,90,2,600,1.77134,1
KCF,81,90,2,600,1.01852,1
KCRDK,81,90,2,600,0.386458,2
KCRDKL,81,90,2,600,0.377595,2
KCU,81,90,2,600,0.372427,2
KCUD,81,90,2,600,0.380441,2
HOG,81,90,2,600,0.379689,2
HOGL,81,90,2,600,0.37972,2
BA,101,90,2,600,0.393651,5
KCA,101,90,2,600,3.18404,1
KCF,101,90,2,600,3.51988,1
KCRDK,101,90,2,600,0.588487,2
KCRDKL,101,90,2,600,0.611721,2
KCU,101,90,2,600,0.619339,2
KCUD,101,90,2,600,0.616744,2
HOG,101,90,2,600,0.624185,2
HOGL,101,90,2,600,0.636331,2
BA,1,90,2,600,0.005787,2
KCA,1,90,2,600,0.005626,1
KCF,1,90,2,600,0.004246,1
KCRDK,1,90,2,600,0.004098,1
KCRDKL,1,90,2,600,0.00339,1
KCU,1,90,2,600,0.002747,1
KCUD,1,90,2,600,0.003317,1
HOG,1,90,2,600,0.003658,1
HOGL,1,90,2,600,0.003215,1
BA,21,90,2,600,0.011063,2
KCA,21,90,2,600,0.094086,1
KCF,21,90,2,600,0.07369,1
KCRDK,21,90,2,600,0.018448,1
KCRDKL,21,90,2,600,0.017875,1
KCU,21,90,2,600,0.016999,1
KCUD,21,90,2,600,0.019204,1
HOG,21,90,2,600,0.019451,1
HOGL,21,90,2,600,0.017603,1
BA,41,90,2,600,0.027275,2
KCA,41,90,2,600,0.321571,1
KCF,41,90,2,600,0.303845,1
KCRDK,41,90,2,600,0.068204,1
KCRDKL,41,90,2,600,0.065957,1
KCU,41,90,2,600,0.066966,1
KCUD,41,90,2,600,0.060118,1
HOG,41,90,2,600,0.06167,1
HOGL,41,90,2,600,0.065727,1
BA,61,90,2,600,0.056262,2
KCA,61,90,2,600,0.745004,1
KCF,61,90,2,600,0.513453,1
KCRDK,61,90,2,600,0.133591,1
KCRDKL,61,90,2,600,0.133028,1
KCU,61,90,2,600,0.141742,1
KCUD,61,90,2,600,0.142901,1
HOG,61,90,2,600,0.146279,1
HOGL,61,90,2,600,0.144831,1
BA,81,90,2,600,0.094542,2
KCA,81,90,2,600,1.87924,1
KCF,81,90,2,600,1.1767,1
KCRDK,81,90,2,600,0.225452,1
KCRDKL,81,90,2,600,0.222488,1
KCU,81,90,2,600,0.218104,1
KCUD,81,90,2,600,0.221895,1
HOG,81,90,2,600,0.223924,1
HOGL,81,90,2,600,0.221003,1
BA,101,90,2,600,0.137356,2
KCA,101,90,2,600,1.8993,1
KCF,101,90,2,600,2.2858,1
KCRDK,101,90,2,600,0.372946,1
KCRDKL,101,90,2,600,0.342378,1
KCU,101,90,2,600,0.361395,1
KCUD,101,90,2,600,0.378637,1
HOG,101,90,2,600,0.349097,1
HOGL,101,90,2,600,0.376664,1
BA,1,90,2,600,0.007838,2
KCA,1,90,2,600,0.004483,1
KCF,1,90,2,600,0.004226,1
KCRDK,1,90,2,600,0.003509,1
KCRDKL,1,90,2,600,0.00334,1
KCU,1,90,2,600,0.002862,1
KCUD,1,90,2,600,0.003515,1
HOG,1,90,2,600,0.003473,1
HOGL,1,90,2,600,0.00322,1
BA,21,90,2,600,0.010881,2
KCA,21,90,2,600,0.143139,1
KCF,21,90,2,600,0.07746,1
KCRDK,21,90,2,600,0.018265,1
KCRDKL,21,90,2,600,0.017583,1
KCU,21,90,2,600,0.018183,1
KCUD,21,90,2,600,0.017422,1
HOG,21,90,2,600,0.017613,1
HOGL,21,90,2,600,0.01872,1
BA,41,90,2,600,0.026128,2
KCA,41,90,2,600,0.313108,1
KCF,41,90,2,600,0.315695,1
KCRDK,41,90,2,600,0.058733,1
KCRDKL,41,90,2,600,0.061685,1
KCU,41,90,2,600,0.056089,1
KCUD,41,90,2,600,0.056823,1
HOG,41,90,2,600,0.057233,1
HOGL,41,90,2,600,0.056747,1
BA,61,90,2,600,0.054451,2
KCA,61,90,2,600,0.916286,1
KCF,61,90,2,600,0.498826,1
KCRDK,61,90,2,600,0.141111,1
KCRDKL,61,90,2,600,0.14105,1
KCU,61,90,2,600,0.139026,1
KCUD,61,90,2,600,0.138945,1
HOG,61,90,2,600,0.140027,1
HOGL,61,90,2,600,0.142268,1
BA,81,90,2,600,0.090677,2
KCA,81,90,2,600,3.12699,1
KCF,81,90,2,600,1.53083,1
KCRDK,81,90,2,600,0.222044,1
KCRDKL,81,90,2,600,0.22453,1
KCU,81,90,2,600,0.222033,1
KCUD,81,90,2,600,0.222485,1
HOG,81,90,2,600,0.225483,1
HOGL,81,90,2,600,0.226088,1
BA,101,90,2,600,0.140197,2
KCA,101,90,2,600,2.27604,1
KCF,101,90,2,600,3.62913,1
KCRDK,101,90,2,600,0.38548,1
KCRDKL,101,90,2,600,0.380829,1
KCU,101,90,2,600,0.371569,1
KCUD,101,90,2,600,0.369499,1
HOG,101,90,2,600,0.381551,1
HOGL,101,90,2,600,0.380647,1
BA,1,90,2,600,0.024571,4
KCA,1,90,2,600,0.003927,1
KCF,1,90,2,600,0.00389,1
KCRDK,1,90,2,600,0.006619,2
KCRDKL,1,90,2,600,0.006509,2
KCU,1,90,2,600,0.007642,3
KCUD,1,90,2,600,0.006142,2
HOG,1,90,2,600,0.006503,2
HOGL,1,90,2,600,0.006314,2
BA,21,90,2,600,0.222763,11
KCA,21,90,2,600,0.106967,1
KCF,21,90,2,600,0.051383,1
KCRDK,21,90,2,600,0.019006,1
KCRDKL,21,90,2,600,0.019353,1
KCU,21,90,2,600,0.018316,1
KCUD,21,90,2,600,0.01941,1
HOG,21,90,2,600,0.019119,1
HOGL,21,90,2,600,0.019263,1
BA,41,90,2,600,0.267573,10
KCA,41,90,2,600,0.238029,1
KCF,41,90,2,600,0.234028,1
KCRDK,41,90,2,600,0.067454,1
KCRDKL,41,90,2,600,0.059693,1
KCU,41,90,2,600,0.063565,1
KCUD,41,90,2,600,0.065198,1
HOG,41,90,2,600,0.066191,1
HOGL,41,90,2,600,0.066153,1
BA,61,90,2,600,0.501987,11
KCA,61,90,2,600,0.487957,1
KCF,61,90,2,600,0.467204,1
KCRDK,61,90,2,600,0.134365,1
KCRDKL,61,90,2,600,0.150479,1
KCU,61,90,2,600,0.130175,1
KCUD,61,90,2,600,0.132321,1
HOG,61,90,2,600,0.135316,1
HOGL,61,90,2,600,0.133862,1
BA,81,90,2,600,0.719886,11
KCA,81,90,2,600,1.1916,1
KCF,81,90,2,600,0.946539,1
KCRDK,81,90,2,600,0.22386,1
KCRDKL,81,90,2,600,0.223713,1
KCU,81,90,2,600,0.227068,1
KCUD,81,90,2,600,0.220538,1
HOG,81,90,2,600,0.229939,1
HOGL,81,90,2,600,0.227476,1
BA,101,90,2,600,0.894379,10
KCA,101,90,2,600,2.82478,1
KCF,101,90,2,600,1.95334,1
KCRDK,101,90,2,600,0.39078,1
KCRDKL,101,90,2,600,0.384527,1
KCU,101,90,2,600,0.370221,1
KCUD,101,90,2,600,0.371338,1
HOG,101,90,2,600,0.377784,1
HOGL,101,90,2,600,0.388152,1
BA,1,90,2,600,0.006477,2
KCA,1,90,2,600,0.004122,1
KCF,1,90,2,600,0.003981,1
KCRDK,1,90,2,600,0.004676,1
KCRDKL,1,90,2,600,0.003043,1
KCU,1,90,2,600,0.002795,1
KCUD,1,90,2,600,0.003553,1
HOG,1,90,2,600,0.003682,1
HOGL,1,90,2,600,0.00319,1
BA,21,90,2,600,0.011568,2
KCA,21,90,2,600,0.101301,1
KCF,21,90,2,600,0.112851,1
KCRDK,21,90,2,600,0.018077,1
KCRDKL,21,90,2,600,0.018254,1
KCU,21,90,2,600,0.017305,1
KCUD,21,90,2,600,0.01861,1
HOG,21,90,2,600,0.018025,1
HOGL,21,90,2,600,0.01747,1
BA,41,90,2,600,0.027692,2
KCA,41,90,2,600,0.358952,1
KCF,41,90,2,600,0.332039,1
KCRDK,41,90,2,600,0.06195,1
KCRDKL,41,90,2,600,0.059468,1
KCU,41,90,2,600,0.058982,1
KCUD,41,90,2,600,0.059143,1
HOG,41,90,2,600,0.060003,1
HOGL,41,90,2,600,0.059453,1
BA,61,90,2,600,0.056245,2
KCA,61,90,2,600,0.821974,1
KCF,61,90,2,600,0.482413,1
KCRDK,61,90,2,600,0.132533,1
KCRDKL,61,90,2,600,0.145724,1
KCU,61,90,2,600,0.143725,1
KCUD,61,90,2,600,0.143759,1
HOG,61,90,2,600,0.146417,1
HOGL,61,90,2,600,0.144943,1
BA,81,90,2,600,0.093446,2
KCA,81,90,2,600,2.42488,1
KCF,81,90,2,600,1.0452,1
KCRDK,81,90,2,600,0.225067,1
KCRDKL,81,90,2,600,0.226019,1
KCU,81,90,2,600,0.222146,1
KCUD,81,90,2,600,0.235342,1
HOG,81,90,2,600,0.240018,1
HOGL,81,90,2,600,0.220218,1
BA,101,90,2,600,0.137319,2
KCA,101,90,2,600,1.74923,1
KCF,101,90,2,600,1.97806,1
KCRDK,101,90,2,600,0.38226,1
KCRDKL,101,90,2,600,0.374675,1
KCU,101,90,2,600,0.36457,1
KCUD,101,90,2,600,0.36456,1
HOG,101,90,2,600,0.368338,1
HOGL,101,90,2,600,0.368017,1
BA,1,90,2,600,0.015132,3
KCA,1,90,2,600,0.003056,1
KCF,1,90,2,600,0.002995,1
KCRDK,1,90,2,600,0.003555,1
KCRDKL,1,90,2,600,0.003216,1
KCU,1,90,2,600,0.002965,1
KCUD,1,90,2,600,0.002903,1
HOG,1,90,2,600,0.003576,1
HOGL,1,90,2,600,0.003281,1
BA,21,90,2,600,0.032359,4
KCA,21,90,2,600,0.121175,1
KCF,21,90,2,600,0.067554,1
KCRDK,21,90,2,600,0.03144,2
KCRDKL,21,90,2,600,0.029508,2
KCU,21,90,2,600,0.029643,2
KCUD,21,90,2,600,0.032355,2
HOG,21,90,2,600,0.030431,2
HOGL,21,90,2,600,0.030322,2
BA,41,90,2,600,0.06414,4
KCA,41,90,2,600,0.326725,1
KCF,41,90,2,600,0.312967,1
KCRDK,41,90,2,600,0.10293,2
KCRDKL,41,90,2,600,0.100177,2
KCU,41,90,2,600,0.098364,2
KCUD,41,90,2,600,0.107598,2
HOG,41,90,2,600,0.09802,2
HOGL,41,90,2,600,0.101928,2
BA,61,90,2,600,0.126611,4
KCA,61,90,2,600,0.884382,1
KCF,61,90,2,600,0.513062,1
KCRDK,61,90,2,600,0.215263,2
KCRDKL,61,90,2,600,0.230154,2
KCU,61,90,2,600,0.220414,2
KCUD,61,90,2,600,0.225775,2
HOG,61,90,2,600,0.224482,2
HOGL,61,90,2,600,0.223717,2
BA,81,90,2,600,0.202133,4
KCA,81,90,2,600,1.22744,1
KCF,81,90,2,600,0.899849,1
KCRDK,81,90,2,600,0.371292,2
KCRDKL,81,90,2,600,0.392705,2
KCU,81,90,2,600,0.384532,2
KCUD,81,90,2,600,0.381266,2
HOG,81,90,2,600,0.383914,2
HOGL,81,90,2,600,0.383585,2
BA,101,90,2,600,0.297632,4
KCA,101,90,2,600,2.19326,1
KCF,101,90,2,600,2.19341,1
KCRDK,101,90,2,600,0.599531,2
KCRDKL,101,90,2,600,0.570288,2
KCU,101,90,2,600,0.565529,2
KCUD,101,90,2,600,0.570463,2
HOG,101,90,2,600,0.609321,2
HOGL,101,90,2,600,0.607338,2
BA,1,90,2,600,0.016105,3
KCA,1,90,2,600,0.003108,1
KCF,1,90,2,600,0.00305,1
KCRDK,1,90,2,600,0.00388,1
KCRDKL,1,90,2,600,0.003333,1
KCU,1,90,2,600,0.003027,1
KCUD,1,90,2,600,0.002995,1
HOG,1,90,2,600,0.003696,1
HOGL,1,90,2,600,0.003407,1
BA,21,90,2,600,0.074409,6
KCA,21,90,2,600,0.085666,1
KCF,21,90,2,600,0.064815,1
KCRDK,21,90,2,600,0.01914,1
KCRDKL,21,90,2,600,0.018033,1
KCU,21,90,2,600,0.018848,1
KCUD,21,90,2,600,0.018491,1
HOG,21,90,2,600,0.01921,1
HOGL,21,90,2,600,0.018396,1
BA,41,90,2,600,0.283658,10
KCA,41,90,2,600,0.315051,1
KCF,41,90,2,600,0.316129,1
KCRDK,41,90,2,600,0.060579,1
KCRDKL,41,90,2,600,0.060861,1
KCU,41,90,2,600,0.057789,1
KCUD,41,90,2,600,0.058774,1
HOG,41,90,2,600,0.059452,1
HOGL,41,90,2,600,0.058796,1
BA,61,90,2,600,0.449405,10
KCA,61,90,2,600,0.555692,1
KCF,61,90,2,600,0.543174,1
KCRDK,61,90,2,600,0.135148,1
KCRDKL,61,90,2,600,0.131969,1
KCU,61,90,2,600,0.139995,1
KCUD,61,90,2,600,0.13017,1
HOG,61,90,2,600,0.136008,1
HOGL,61,90,2,600,0.134279,1
BA,81,90,2,600,0.488992,8
KCA,81,90,2,600,1.98513,1
KCF,81,90,2,600,1.65185,1
KCRDK,81,90,2,600,0.227983,1
KCRDKL,81,90,2,600,0.227739,1
KCU,81,90,2,600,0.218055,1
KCUD,81,90,2,600,0.219234,1
HOG,81,90,2,600,0.231309,1
HOGL,81,90,2,600,0.231818,1
BA,101,90,2,600,0.803865,9
KCA,101,90,2,600,2.2392,1
KCF,101,90,2,600,1.74885,1
KCRDK,101,90,2,600,0.389012,1
KCRDKL,101,90,2,600,0.38111,1
KCU,101,90,2,600,0.376277,1
KCUD,101,90,2,600,0.384419,1
HOG,101,90,2,600,0.386007,1
HOGL,101,90,2,600,0.390279,1
BA,1,90,2,600,0.01684,3
KCA,1,90,2,600,0.006011,2
KCF,1,90,2,600,0.005823,2
KCRDK,1,90,2,600,0.006119,2
KCRDKL,1,90,2,600,0.005541,2
KCU,1,90,2,600,0.004946,2
KCUD,1,90,2,600,0.005596,2
HOG,1,90,2,600,0.006195,2
HOGL,1,90,2,600,0.005989,2
BA,21,90,2,600,0.545237,16
KCA,21,90,2,600,0.037376,1
KCF,21,90,2,600,0.036058,1
KCRDK,21,90,2,600,0.020303,1
KCRDKL,21,90,2,600,0.020033,1
KCU,21,90,2,600,0.019407,1
KCUD,21,90,2,600,0.019323,1
HOG,21,90,2,600,0.020337,1
HOGL,21,90,2,600,0.021385,1
BA,41,90,2,600,0.537678,14
KCA,41,90,2,600,0.136123,1
KCF,41,90,2,600,0.178281,1
KCRDK,41,90,2,600,0.065958,1
KCRDKL,41,90,2,600,0.065198,1
KCU,41,90,2,600,0.065065,1
KCUD,41,90,2,600,0.065839,1
HOG,41,90,2,600,0.067422,1
HOGL,41,90,2,600,0.066935,1
BA,61,90,2,600,0.669955,13
KCA,61,90,2,600,0.420998,1
KCF,61,90,2,600,0.386625,1
KCRDK,61,90,2,600,0.136925,1
KCRDKL,61,90,2,600,0.136485,1
KCU,61,90,2,600,0.134282,1
KCUD,61,90,2,600,0.133191,1
HOG,61,90,2,600,0.138173,1
HOGL,61,90,2,600,0.13779,1
BA,81,90,2,600,1.15784,15
KCA,81,90,2,600,0.567718,1
KCF,81,90,2,600,0.524577,1
KCRDK,81,90,2,600,0.230452,1
KCRDKL,81,90,2,600,0.230859,1
KCU,81,90,2,600,0.226465,1
KCUD,81,90,2,600,0.224371,1
HOG,81,90,2,600,0.229054,1
HOGL,81,90,2,600,0.23139,1
BA,101,90,2,600,1.5456,15
KCA,101,90,2,600,1.56099,1
KCF,101,90,2,600,1.1333,1
KCRDK,101,90,2,600,0.380506,1
KCRDKL,101,90,2,600,0.381224,1
KCU,101,90,2,600,0.379915,1
KCUD,101,90,2,600,0.381489,1
HOG,101,90,2,600,0.382811,1
HOGL,101,90,2,600,0.383501,1
BA,1,90,2,600,0.014625,3
KCA,1,90,2,600,0.003319,1
KCF,1,90,2,600,0.003156,1
KCRDK,1,90,2,600,0.00379,1
KCRDKL,1,90,2,600,0.00348,1
KCU,1,90,2,600,0.003132,1
KCUD,1,90,2,600,0.003107,1
HOG,1,90,2,600,0.003663,1
HOGL,1,90,2,600,0.003358,1
BA,21,90,2,600,0.032452,4
KCA,21,90,2,600,0.118394,1
KCF,21,90,2,600,0.084439,1
KCRDK,21,90,2,600,0.031778,2
KCRDKL,21,90,2,600,0.031147,2
KCU,21,90,2,600,0.02924,2
KCUD,21,90,2,600,0.032938,2
HOG,21,90,2,600,0.031986,2
HOGL,21,90,2,600,0.030302,2
BA,41,90,2,600,0.068697,4
KCA,41,90,2,600,0.357732,1
KCF,41,90,2,600,0.355401,1
KCRDK,41,90,2,600,0.113814,2
KCRDKL,41,90,2,600,0.108323,2
KCU,41,90,2,600,0.109728,2
KCUD,41,90,2,600,0.114777,2
HOG,41,90,2,600,0.113123,2
HOGL,41,90,2,600,0.115682,2
BA,61,90,2,600,0.130478,4
KCA,61,90,2,600,0.88857,1
KCF,61,90,2,600,0.479762,1
KCRDK,61,90,2,600,0.239543,2
KCRDKL,61,90,2,600,0.245036,2
KCU,61,90,2,600,0.226179,2
KCUD,61,90,2,600,0.222819,2
HOG,61,90,2,600,0.242199,2
HOGL,61,90,2,600,0.228164,2
BA,81,90,2,600,0.203883,4
KCA,81,90,2,600,1.76986,1
KCF,81,90,2,600,1.9143,1
KCRDK,81,90,2,600,0.366776,2
KCRDKL,81,90,2,600,0.385348,2
KCU,81,90,2,600,0.377995,2
KCUD,81,90,2,600,0.380111,2
HOG,81,90,2,600,0.385629,2
HOGL,81,90,2,600,0.388492,2
BA,101,90,2,600,0.296644,4
KCA,101,90,2,600,2.80467,1
KCF,101,90,2,600,3.49171,1
KCRDK,101,90,2,600,0.600128,2
KCRDKL,101,90,2,600,0.598561,2
KCU,101,90,2,600,0.592212,2
KCUD,101,90,2,600,0.612274,2
HOG,101,90,2,600,0.615028,2
HOGL,101,90,2,600,0.607541,2
BA,1,90,2,600,0.009022,2
KCA,1,90,2,600,0.004671,1
KCF,1,90,2,600,0.004464,1
KCRDK,1,90,2,600,0.004226,1
KCRDKL,1,90,2,600,0.003613,1
KCU,1,90,2,600,0.003123,1
KCUD,1,90,2,600,0.003983,1
HOG,1,90,2,600,0.004253,1
HOGL,1,90,2,600,0.003718,1
BA,21,90,2,600,0.012043,2
KCA,21,90,2,600,0.14088,1
KCF,21,90,2,600,0.092578,1
KCRDK,21,90,2,600,0.020799,1
KCRDKL,21,90,2,600,0.018788,1
KCU,21,90,2,600,0.017894,1
KCUD,21,90,2,600,0.019207,1
HOG,21,90,2,600,0.0199,1
HOGL,21,90,2,600,0.018355,1
BA,41,90,2,600,0.028521,2
KCA,41,90,2,600,0.384713,1
KCF,41,90,2,600,0.303729,1
KCRDK,41,90,2,600,0.060214,1
KCRDKL,41,90,2,600,0.067122,1
KCU,41,90,2,600,0.058021,1
KCUD,41,90,2,600,0.065181,1
HOG,41,90,2,600,0.066385,1
HOGL,41,90,2,600,0.065837,1
BA,61,90,2,600,0.061932,2
KCA,61,90,2,600,0.856018,1
KCF,61,90,2,600,1.08855,1
KCRDK,61,90,2,600,0.147333,1
KCRDKL,61,90,2,600,0.135809,1
KCU,61,90,2,600,0.127677,1
KCUD,61,90,2,600,0.128239,1
HOG,61,90,2,600,0.130457,1
HOGL,61,90,2,600,0.129815,1
BA,81,90,2,600,0.092709,2
KCA,81,90,2,600,1.24142,1
KCF,81,90,2,600,1.5501,1
KCRDK,81,90,2,600,0.228514,1
KCRDKL,81,90,2,600,0.220478,1
KCU,81,90,2,600,0.216868,1
KCUD,81,90,2,600,0.22672,1
HOG,81,90,2,600,0.22156,1
HOGL,81,90,2,600,0.222406,1
BA,101,90,2,600,0.138246,2
KCA,101,90,2,600,2.63365,1
KCF,101,90,2,600,2.8602,1
KCRDK,101,90,2,600,0.375305,1
KCRDKL,101,90,2,600,0.370615,1
KCU,101,90,2,600,0.365134,1
KCUD,101,90,2,600,0.375791,1
HOG,101,90,2,600,0.381048,1
HOGL,101,90,2,600,0.38148,1
BA,1,90,2,600,0.025578,4
KCA,1,90,2,600,0.004411,1
KCF,1,90,2,600,0.004298,1
KCRDK,1,90,2,600,0.011743,3
KCRDKL,1,90,2,600,0.009234,3
KCU,1,90,2,600,0.008235,3
KCUD,1,90,2,600,0.006665,2
HOG,1,90,2,600,0.009764,3
HOGL,1,90,2,600,0.006561,2
BA,21,90,2,600,0.534355,16
KCA,21,90,2,600,0.04918,1
KCF,21,90,2,600,0.038553,1
KCRDK,21,90,2,600,0.020556,1
KCRDKL,21,90,2,600,0.021132,1
KCU,21,90,2,600,0.019328,1
KCUD,21,90,2,600,0.018794,1
HOG,21,90,2,600,0.019724,1
HOGL,21,90,2,600,0.019998,1
BA,41,90,2,600,0.587727,15
KCA,41,90,2,600,0.190329,1
KCF,41,90,2,600,0.144252,1
KCRDK,41,90,2,600,0.062686,1
KCRDKL,41,90,2,600,0.061265,1
KCU,41,90,2,600,0.059412,1
KCUD,41,90,2,600,0.060125,1
HOG,41,90,2,600,0.062351,1
HOGL,41,90,2,600,0.06137,1
BA,61,90,2,600,0.819568,15
KCA,61,90,2,600,0.372382,1
KCF,61,90,2,600,0.404779,1
KCRDK,61,90,2,600,0.130244,1
KCRDKL,61,90,2,600,0.130411,1
KCU,61,90,2,600,0.129251,1
KCUD,61,90,2,600,0.128232,1
HOG,61,90,2,600,0.131919,1
HOGL,61,90,2,600,0.132415,1
BA,81,90,2,600,1.12736,15
KCA,81,90,2,600,0.526201,1
KCF,81,90,2,600,0.518558,1
KCRDK,81,90,2,600,0.227126,1
KCRDKL,81,90,2,600,0.227633,1
KCU,81,90,2,600,0.225141,1
KCUD,81,90,2,600,0.222709,1
HOG,81,90,2,600,0.236278,1
HOGL,81,90,2,600,0.232898,1
BA,101,90,2,600,1.417,14
KCA,101,90,2,600,0.852876,1
KCF,101,90,2,600,0.880962,1
KCRDK,101,90,2,600,0.366005,1
KCRDKL,101,90,2,600,0.363063,1
KCU,101,90,2,600,0.386642,1
KCUD,101,90,2,600,0.34788,1
HOG,101,90,2,600,0.379383,1
HOGL,101,90,2,600,0.377531,1
BA,1,90,2,600,0.008214,2
KCA,1,90,2,600,0.004273,1
KCF,1,90,2,600,0.004297,1
KCRDK,1,90,2,600,0.003717,1
KCRDKL,1,90,2,600,0.003432,1
KCU,1,90,2,600,0.003093,1
KCUD,1,90,2,600,0.004074,1
HOG,1,90,2,600,0.003754,1
HOGL,1,90,2,600,0.003425,1
BA,21,90,2,600,0.01152,2
KCA,21,90,2,600,0.134042,1
KCF,21,90,2,600,0.087613,1
KCRDK,21,90,2,600,0.018141,1
KCRDKL,21,90,2,600,0.01767,1
KCU,21,90,2,600,0.017106,1
KCUD,21,90,2,600,0.018962,1
HOG,21,90,2,600,0.018869,1
HOGL,21,90,2,600,0.018362,1
BA,41,90,2,600,0.026288,2
KCA,41,90,2,600,0.369329,1
KCF,41,90,2,600,0.371327,1
KCRDK,41,90,2,600,0.067474,1
KCRDKL,41,90,2,600,0.061033,1
KCU,41,90,2,600,0.05956,1
KCUD,41,90,2,600,0.06505,1
HOG,41,90,2,600,0.063473,1
HOGL,41,90,2,600,0.059948,1
BA,61,90,2,600,0.056788,2
KCA,61,90,2,600,0.815926,1
KCF,61,90,2,600,0.505428,1
KCRDK,61,90,2,600,0.129658,1
KCRDKL,61,90,2,600,0.127688,1
KCU,61,90,2,600,0.123446,1
KCUD,61,90,2,600,0.125881,1
HOG,61,90,2,600,0.126951,1
HOGL,61,90,2,600,0.124906,1
BA,81,90,2,600,0.091152,2
KCA,81,90,2,600,1.2202,1
KCF,81,90,2,600,1.4038,1
KCRDK,81,90,2,600,0.236725,1
KCRDKL,81,90,2,600,0.21368,1
KCU,81,90,2,600,0.211947,1
KCUD,81,90,2,600,0.218426,1
HOG,81,90,2,600,0.219975,1
HOGL,81,90,2,600,0.219505,1
BA,101,90,2,600,0.135637,2
KCA,101,90,2,600,2.04868,1
KCF,101,90,2,600,2.03766,1
KCRDK,101,90,2,600,0.372931,1
KCRDKL,101,90,2,600,0.369215,1
KCU,101,90,2,600,0.367775,1
KCUD,101,90,2,600,0.368383,1
HOG,101,90,2,600,0.364622,1
HOGL,101,90,2,600,0.363493,1
BA,1,90,2,600,0.015564,3
KCA,1,90,2,600,0.005494,2
KCF,1,90,2,600,0.005435,2
KCRDK,1,90,2,600,0.00561,2
KCRDKL,1,90,2,600,0.005025,2
KCU,1,90,2,600,0.005935,2
KCUD,1,90,2,600,0.005428,2
HOG,1,90,2,600,0.005602,2
HOGL,1,90,2,600,0.005088,2
BA,21,90,2,600,0.459778,15
KCA,21,90,2,600,0.045112,1
KCF,21,90,2,600,0.035706,1
KCRDK,21,90,2,600,0.019097,1
KCRDKL,21,90,2,600,0.019643,1
KCU,21,90,2,600,0.018146,1
KCUD,21,90,2,600,0.018368,1
HOG,21,90,2,600,0.01882,1
HOGL,21,90,2,600,0.018258,1
BA,41,90,2,600,0.667661,16
KCA,41,90,2,600,0.167919,1
KCF,41,90,2,600,0.146044,1
KCRDK,41,90,2,600,0.063043,1
KCRDKL,41,90,2,600,0.068913,1
KCU,41,90,2,600,0.05939,1
KCUD,41,90,2,600,0.060104,1
HOG,41,90,2,600,0.061826,1
HOGL,41,90,2,600,0.060234,1
BA,61,90,2,600,0.844296,15
KCA,61,90,2,600,0.427766,1
KCF,61,90,2,600,0.331324,1
KCRDK,61,90,2,600,0.128511,1
KCRDKL,61,90,2,600,0.131818,1
KCU,61,90,2,600,0.13017,1
KCUD,61,90,2,600,0.130893,1
HOG,61,90,2,600,0.135367,1
HOGL,61,90,2,600,0.132811,1
BA,81,90,2,600,1.24887,16
KCA,81,90,2,600,0.530068,1
KCF,81,90,2,600,0.46853,1
KCRDK,81,90,2,600,0.22096,1
KCRDKL,81,90,2,600,0.220221,1
KCU,81,90,2,600,0.214853,1
KCUD,81,90,2,600,0.215996,1
HOG,81,90,2,600,0.222044,1
HOGL,81,90,2,600,0.22167,1
BA,101,90,2,600,1.61858,16
KCA,101,90,2,600,1.22354,1
KCF,101,90,2,600,0.718886,1
KCRDK,101,90,2,600,0.353412,1
KCRDKL,101,90,2,600,0.34942,1
KCU,101,90,2,600,0.339129,1
KCUD,101,90,2,600,0.338015,1
HOG,101,90,2,600,0.343912,1
HOGL,101,90,2,600,0.343549,1
BA,1,90,2,600,0.007169,2
KCA,1,90,2,600,0.004338,1
KCF,1,90,2,600,0.004234,1
KCRDK,1,90,2,600,0.003512,1
KCRDKL,1,90,2,600,0.003552,1
KCU,1,90,2,600,0.002688,1
KCUD,1,90,2,600,0.003255,1
HOG,1,90,2,600,0.003322,1
HOGL,1,90,2,600,0.003068,1
BA,21,90,2,600,0.010996,2
KCA,21,90,2,600,0.115113,1
KCF,21,90,2,600,0.096964,1
KCRDK,21,90,2,600,0.018995,1
KCRDKL,21,90,2,600,0.018083,1
KCU,21,90,2,600,0.016942,1
KCUD,21,90,2,600,0.01764,1
HOG,21,90,2,600,0.01796,1
HOGL,21,90,2,600,0.017341,1
BA,41,90,2,600,0.026626,2
KCA,41,90,2,600,0.344789,1
KCF,41,90,2,600,0.341605,1
KCRDK,41,90,2,600,0.064092,1
KCRDKL,41,90,2,600,0.060001,1
KCU,41,90,2,600,0.064446,1
KCUD,41,90,2,600,0.064825,1
HOG,41,90,2,600,0.060706,1
HOGL,41,90,2,600,0.067596,1
BA,61,90,2,600,0.056806,2
KCA,61,90,2,600,0.984491,1
KCF,61,90,2,600,0.488027,1
KCRDK,61,90,2,600,0.133003,1
KCRDKL,61,90,2,600,0.132808,1
KCU,61,90,2,600,0.128342,1
KCUD,61,90,2,600,0.139185,1
HOG,61,90,2,600,0.141357,1
HOGL,61,90,2,600,0.129535,1
BA,81,90,2,600,0.091381,2
KCA,81,90,2,600,3.31884,1
KCF,81,90,2,600,1.54319,1
KCRDK,81,90,2,600,0.231369,1
KCRDKL,81,90,2,600,0.2528,1
KCU,81,90,2,600,0.247547,1
KCUD,81,90,2,600,0.228749,1
HOG,81,90,2,600,0.234081,1
HOGL,81,90,2,600,0.226278,1
BA,101,90,2,600,0.140786,2
KCA,101,90,2,600,1.77559,1
KCF,101,90,2,600,2.99839,1
KCRDK,101,90,2,600,0.383644,1
KCRDKL,101,90,2,600,0.376544,1
KCU,101,90,2,600,0.374209,1
KCUD,101,90,2,600,0.377591,1
HOG,101,90,2,600,0.383192,1
HOGL,101,90,2,600,0.374882,1
BA,1,90,2,600,0.014159,3
KCA,1,90,2,600,0.002897,1
KCF,1,90,2,600,0.002854,1
KCRDK,1,90,2,600,0.003407,1
KCRDKL,1,90,2,600,0.003069,1
KCU,1,90,2,600,0.002755,1
KCUD,1,90,2,600,0.002765,1
HOG,1,90,2,600,0.003424,1
HOGL,1,90,2,600,0.003276,1
BA,21,90,2,600,0.031927,4
KCA,21,90,2,600,0.105381,1
KCF,21,90,2,600,0.080738,1
KCRDK,21,90,2,600,0.030505,2
KCRDKL,21,90,2,600,0.029541,2
KCU,21,90,2,600,0.028151,2
KCUD,21,90,2,600,0.031161,2
HOG,21,90,2,600,0.030644,2
HOGL,21,90,2,600,0.029242,2
BA,41,90,2,600,0.066134,4
KCA,41,90,2,600,0.295966,1
KCF,41,90,2,600,0.326054,1
KCRDK,41,90,2,600,0.106259,2
KCRDKL,41,90,2,600,0.110065,2
KCU,41,90,2,600,0.107873,2
KCUD,41,90,2,600,0.111101,2
HOG,41,90,2,600,0.115635,2
HOGL,41,90,2,600,0.109388,2
BA,61,90,2,600,0.131955,4
KCA,61,90,2,600,0.937043,1
KCF,61,90,2,600,0.512821,1
KCRDK,61,90,2,600,0.240123,2
KCRDKL,61,90,2,600,0.225745,2
KCU,61,90,2,600,0.221842,2
KCUD,61,90,2,600,0.225465,2
HOG,61,90,2,600,0.238202,2
HOGL,61,90,2,600,0.220804,2
BA,81,90,2,600,0.201637,4
KCA,81,90,2,600,1.44777,1
KCF,81,90,2,600,1.74914,1
KCRDK,81,90,2,600,0.38981,2
KCRDKL,81,90,2,600,0.377235,2
KCU,81,90,2,600,0.370196,2
KCUD,81,90,2,600,0.389405,2
HOG,81,90,2,600,0.397267,2
HOGL,81,90,2,600,0.397002,2
BA,101,90,2,600,0.307009,4
KCA,101,90,2,600,1.95182,1
KCF,101,90,2,600,3.36754,1
KCRDK,101,90,2,600,0.621919,2
KCRDKL,101,90,2,600,0.635856,2
KCU,101,90,2,600,0.577891,2
KCUD,101,90,2,600,0.625239,2
HOG,101,90,2,600,0.606606,2
HOGL,101,90,2,600,0.600141,2
BA,1,90,2,600,0.027034,4
KCA,1,90,2,600,0.004217,1
KCF,1,90,2,600,0.004171,1
KCRDK,1,90,2,600,0.009351,3
KCRDKL,1,90,2,600,0.006533,2
KCU,1,90,2,600,0.007958,3
KCUD,1,90,2,600,0.006419,2
HOG,1,90,2,600,0.009504,3
HOGL,1,90,2,600,0.00656,2
BA,21,90,2,600,0.421613,14
KCA,21,90,2,600,0.059199,1
KCF,21,90,2,600,0.04453,1
KCRDK,21,90,2,600,0.020261,1
KCRDKL,21,90,2,600,0.020474,1
KCU,21,90,2,600,0.018128,1
KCUD,21,90,2,600,0.018961,1
HOG,21,90,2,600,0.01992,1
HOGL,21,90,2,600,0.019645,1
BA,41,90,2,600,0.678952,15
KCA,41,90,2,600,0.197484,1
KCF,41,90,2,600,0.20712,1
KCRDK,41,90,2,600,0.062099,1
KCRDKL,41,90,2,600,0.068182,1
KCU,41,90,2,600,0.064909,1
KCUD,41,90,2,600,0.065469,1
HOG,41,90,2,600,0.068579,1
HOGL,41,90,2,600,0.067537,1
BA,61,90,2,600,0.758127,14
KCA,61,90,2,600,0.362137,1
KCF,61,90,2,600,0.40254,1
KCRDK,61,90,2,600,0.147253,1
KCRDKL,61,90,2,600,0.132895,1
KCU,61,90,2,600,0.128638,1
KCUD,61,90,2,600,0.128778,1
HOG,61,90,2,600,0.132115,1
HOGL,61,90,2,600,0.133474,1
BA,81,90,2,600,1.12733,15
KCA,81,90,2,600,0.607728,1
KCF,81,90,2,600,0.805191,1
KCRDK,81,90,2,600,0.247111,1
KCRDKL,81,90,2,600,0.223845,1
KCU,81,90,2,600,0.232149,1
KCUD,81,90,2,600,0.232305,1
HOG,81,90,2,600,0.222455,1
HOGL,81,90,2,600,0.221596,1
BA,101,90,2,600,1.52873,15
KCA,101,90,2,600,1.59633,1
KCF,101,90,2,600,1.07947,1
KCRDK,101,90,2,600,0.368217,1
KCRDKL,101,90,2,600,0.36586,1
KCU,101,90,2,600,0.335201,1
KCUD,101,90,2,600,0.341584,1
HOG,101,90,2,600,0.351794,1
HOGL,101,90,2,600,0.372478,1
BA,1,90,2,600,0.00624,2
KCA,1,90,2,600,0.004197,1
KCF,1,90,2,600,0.004113,1
KCRDK,1,90,2,600,0.003457,1
KCRDKL,1,90,2,600,0.003071,1
KCU,1,90,2,600,0.002757,1
KCUD,1,90,2,600,0.003355,1
HOG,1,90,2,600,0.003541,1
HOGL,1,90,2,600,0.003084,1
BA,21,90,2,600,0.067516,6
KCA,21,90,2,600,0.106284,1
KCF,21,90,2,600,0.08753,1
KCRDK,21,90,2,600,0.068275,5
KCRDKL,21,90,2,600,0.04127,3
KCU,21,90,2,600,0.062178,5
KCUD,21,90,2,600,0.031205,2
HOG,21,90,2,600,0.066332,5
HOGL,21,90,2,600,0.028974,2
BA,41,90,2,600,0.107849,6
KCA,41,90,2,600,0.287119,1
KCF,41,90,2,600,0.306711,1
KCRDK,41,90,2,600,0.216144,5
KCRDKL,41,90,2,600,0.095991,2
KCU,41,90,2,600,0.20954,5
KCUD,41,90,2,600,0.101176,2
HOG,41,90,2,600,0.219238,5
HOGL,41,90,2,600,0.099516,2
BA,61,90,2,600,0.199945,6
KCA,61,90,2,600,0.915653,1
KCF,61,90,2,600,0.491776,1
KCRDK,61,90,2,600,0.468912,5
KCRDKL,61,90,2,600,0.451892,5
KCU,61,90,2,600,0.469531,5
KCUD,61,90,2,600,0.214676,2
HOG,61,90,2,600,0.477609,5
HOGL,61,90,2,600,0.470933,5
BA,81,90,2,600,0.253688,5
KCA,81,90,2,600,2.03951,1
KCF,81,90,2,600,1.36934,1
KCRDK,81,90,2,600,0.669354,4
KCRDKL,81,90,2,600,0.679006,4
KCU,81,90,2,600,0.520869,3
KCUD,81,90,2,600,0.367531,2
HOG,81,90,2,600,0.676159,4
HOGL,81,90,2,600,0.674174,4
BA,101,90,2,600,0.375271,5
KCA,101,90,2,600,1.93788,1
KCF,101,90,2,600,2.33439,1
KCRDK,101,90,2,600,0.803541,3
KCRDKL,101,90,2,600,1.2502,5
KCU,101,90,2,600,1.24473,5
KCUD,101,90,2,600,0.577489,2
HOG,101,90,2,600,0.815831,3
HOGL,101,90,2,600,1.00628,4
BA,1,90,2,600,0.023211,4
KCA,1,90,2,600,0.004,1
KCF,1,90,2,600,0.003926,1
KCRDK,1,90,2,600,0.006623,2
KCRDKL,1,90,2,600,0.006434,2
KCU,1,90,2,600,0.008371,3
KCUD,1,90,2,600,0.006536,2
HOG,1,90,2,600,0.006362,2
HOGL,1,90,2,600,0.006291,2
BA,21,90,2,600,0.117918,8
KCA,21,90,2,600,0.07237,1
KCF,21,90,2,600,0.05792,1
KCRDK,21,90,2,600,0.019666,1
KCRDKL,21,90,2,600,0.019703,1
KCU,21,90,2,600,0.018319,1
KCUD,21,90,2,600,0.018619,1
HOG,21,90,2,600,0.019165,1
HOGL,21,90,2,600,0.018362,1
BA,41,90,2,600,0.22236,9
KCA,41,90,2,600,0.232105,1
KCF,41,90,2,600,0.177954,1
KCRDK,41,90,2,600,0.064194,1
KCRDKL,41,90,2,600,0.064125,1
KCU,41,90,2,600,0.057779,1
KCUD,41,90,2,600,0.059677,1
HOG,41,90,2,600,0.065072,1
HOGL,41,90,2,600,0.06241,1
BA,61,90,2,600,0.297551,8
KCA,61,90,2,600,0.344165,1
KCF,61,90,2,600,0.316965,1
KCRDK,61,90,2,600,0.123543,1
KCRDKL,61,90,2,600,0.12247,1
KCU,61,90,2,600,0.117988,1
KCUD,61,90,2,600,0.119456,1
HOG,61,90,2,600,0.123411,1
HOGL,61,90,2,600,0.123803,1
BA,81,90,2,600,0.528075,9
KCA,81,90,2,600,1.12339,1
KCF,81,90,2,600,0.871644,1
KCRDK,81,90,2,600,0.235211,1
KCRDKL,81,90,2,600,0.228995,1
KCU,81,90,2,600,0.226737,1
KCUD,81,90,2,600,0.23045,1
HOG,81,90,2,600,0.234806,1
HOGL,81,90,2,600,0.216077,1
BA,101,90,2,600,0.64874,8
KCA,101,90,2,600,2.75932,1
KCF,101,90,2,600,1.32973,1
KCRDK,101,90,2,600,0.351399,1
KCRDKL,101,90,2,600,0.355192,1
KCU,101,90,2,600,0.347535,1
KCUD,101,90,2,600,0.344827,1
HOG,101,90,2,600,0.352636,1
HOGL,101,90,2,600,0.34947,1
BA,1,90,2,600,0.013567,3
KCA,1,90,2,600,0.005432,2
KCF,1,90,2,600,0.005372,2
KCRDK,1,90,2,600,0.005868,2
KCRDKL,1,90,2,600,0.005539,2
KCU,1,90,2,600,0.004694,2
KCUD,1,90,2,600,0.005177,2
HOG,1,90,2,600,0.00606,2
HOGL,1,90,2,600,0.005461,2
BA,21,90,2,600,0.271225,12
KCA,21,90,2,600,0.042264,1
KCF,21,90,2,600,0.040303,1
KCRDK,21,90,2,600,0.019115,1
KCRDKL,21,90,2,600,0.019285,1
KCU,21,90,2,600,0.017434,1
KCUD,21,90,2,600,0.019304,1
HOG,21,90,2,600,0.020263,1
HOGL,21,90,2,600,0.01936,1
BA,41,90,2,600,0.602133,15
KCA,41,90,2,600,0.160828,1
KCF,41,90,2,600,0.156584,1
KCRDK,41,90,2,600,0.065727,1
KCRDKL,41,90,2,600,0.071377,1
KCU,41,90,2,600,0.068389,1
KCUD,41,90,2,600,0.070454,1
HOG,41,90,2,600,0.071952,1
HOGL,41,90,2,600,0.07187,1
BA,61,90,2,600,0.590778,12
KCA,61,90,2,600,0.408687,1
KCF,61,90,2,600,0.402873,1
KCRDK,61,90,2,600,0.145374,1
KCRDKL,61,90,2,600,0.131957,1
KCU,61,90,2,600,0.134456,1
KCUD,61,90,2,600,0.129549,1
HOG,61,90,2,600,0.135481,1
HOGL,61,90,2,600,0.133194,1
BA,81,90,2,600,0.726581,11
KCA,81,90,2,600,0.414711,1
KCF,81,90,2,600,0.45536,1
KCRDK,81,90,2,600,0.244199,1
KCRDKL,81,90,2,600,0.226622,1
KCU,81,90,2,600,0.219427,1
KCUD,81,90,2,600,0.223757,1
HOG,81,90,2,600,0.228037,1
HOGL,81,90,2,600,0.226019,1
BA,101,90,2,600,1.13584,12
KCA,101,90,2,600,1.36858,1
KCF,101,90,2,600,1.7594,1
KCRDK,101,90,2,600,0.389841,1
KCRDKL,101,90,2,600,0.35119,1
KCU,101,90,2,600,0.346581,1
KCUD,101,90,2,600,0.341641,1
HOG,101,90,2,600,0.347216,1
HOGL,101,90,2,600,0.344509,1
BA,1,90,2,600,0.012744,3
KCA,1,90,2,600,0.003008,1
KCF,1,90,2,600,0.002944,1
KCRDK,1,90,2,600,0.003562,1
KCRDKL,1,90,2,600,0.003212,1
KCU,1,90,2,600,0.002894,1
KCUD,1,90,2,600,0.002889,1
HOG,1,90,2,600,0.003602,1
HOGL,1,90,2,600,0.003318,1
BA,21,90,2,600,0.033002,4
KCA,21,90,2,600,0.140841,1
KCF,21,90,2,600,0.092702,1
KCRDK,21,90,2,600,0.057049,4
KCRDKL,21,90,2,600,0.058078,4
KCU,21,90,2,600,0.055959,4
KCUD,21,90,2,600,0.03334,2
HOG,21,90,2,600,0.058032,4
HOGL,21,90,2,600,0.056787,4
BA,41,90,2,600,0.070675,4
KCA,41,90,2,600,0.382255,1
KCF,41,90,2,600,0.326958,1
KCRDK,41,90,2,600,0.204561,4
KCRDKL,41,90,2,600,0.210135,4
KCU,41,90,2,600,0.195712,4
KCUD,41,90,2,600,0.119012,2
HOG,41,90,2,600,0.201591,4
HOGL,41,90,2,600,0.209372,4
BA,61,90,2,600,0.276637,7
KCA,61,90,2,600,0.947711,1
KCF,61,90,2,600,0.604541,1
KCRDK,61,90,2,600,0.443101,4
KCRDKL,61,90,2,600,0.429883,4
KCU,61,90,2,600,0.424826,4
KCUD,61,90,2,600,0.249306,2
HOG,61,90,2,600,0.427861,4
HOGL,61,90,2,600,0.436132,4
BA,81,90,2,600,0.561136,9
KCA,81,90,2,600,2.54912,1
KCF,81,90,2,600,1.12764,1
KCRDK,81,90,2,600,0.847729,5
KCRDKL,81,90,2,600,1.01574,6
KCU,81,90,2,600,0.829504,5
KCUD,81,90,2,600,0.398837,2
HOG,81,90,2,600,0.882572,5
HOGL,81,90,2,600,1.01496,6
BA,101,90,2,600,0.587544,7
KCA,101,90,2,600,2.14744,1
KCF,101,90,2,600,2.20322,1
KCRDK,101,90,2,600,1.51325,6
KCRDKL,101,90,2,600,1.06882,4
KCU,101,90,2,600,1.05769,4
KCUD,101,90,2,600,0.588412,2
HOG,101,90,2,600,1.0548,4
HOGL,101,90,2,600,1.04491,4
BA,1,90,2,600,0.013796,3
KCA,1,90,2,600,0.003015,1
KCF,1,90,2,600,0.002875,1
KCRDK,1,90,2,600,0.003502,1
KCRDKL,1,90,2,600,0.003121,1
KCU,1,90,2,600,0.002824,1
KCUD,1,90,2,600,0.002958,1
HOG,1,90,2,600,0.003525,1
HOGL,1,90,2,600,0.003173,1
BA,21,90,2,600,0.045973,5
KCA,21,90,2,600,0.110041,1
KCF,21,90,2,600,0.081268,1
KCRDK,21,90,2,600,0.042066,3
KCRDKL,21,90,2,600,0.017821,1
KCU,21,90,2,600,0.040024,3
KCUD,21,90,2,600,0.030981,2
HOG,21,90,2,600,0.041563,3
HOGL,21,90,2,600,0.029469,2
BA,41,90,2,600,0.066942,4
KCA,41,90,2,600,0.371867,1
KCF,41,90,2,600,0.31609,1
KCRDK,41,90,2,600,0.102938,2
KCRDKL,41,90,2,600,0.099844,2
KCU,41,90,2,600,0.105008,2
KCUD,41,90,2,600,0.103473,2
HOG,41,90,2,600,0.101899,2
HOGL,41,90,2,600,0.13953,3
BA,61,90,2,600,0.130913,4
KCA,61,90,2,600,1.44303,1
KCF,61,90,2,600,0.521317,1
KCRDK,61,90,2,600,0.223833,2
KCRDKL,61,90,2,600,0.236621,2
KCU,61,90,2,600,0.231371,2
KCUD,61,90,2,600,0.235025,2
HOG,61,90,2,600,0.241241,2
HOGL,61,90,2,600,0.240548,2
BA,81,90,2,600,0.208898,4
KCA,81,90,2,600,1.76433,1
KCF,81,90,2,600,1.32433,1
KCRDK,81,90,2,600,0.383364,2
KCRDKL,81,90,2,600,0.38427,2
KCU,81,90,2,600,0.359955,2
KCUD,81,90,2,600,0.362488,2
HOG,81,90,2,600,0.366648,2
HOGL,81,90,2,600,0.367309,2
BA,101,90,2,600,0.295006,4
KCA,101,90,2,600,2.00532,1
KCF,101,90,2,600,4.21422,1
KCRDK,101,90,2,600,0.582415,2
KCRDKL,101,90,2,600,0.613932,2
KCU,101,90,2,600,0.598876,2
KCUD,101,90,2,600,0.598449,2
HOG,101,90,2,600,0.60342,2
HOGL,101,90,2,600,0.606463,2
BA,1,90,2,600,0.015983,3
KCA,1,90,2,600,0.002879,1
KCF,1,90,2,600,0.002867,1
KCRDK,1,90,2,600,0.003372,1
KCRDKL,1,90,2,600,0.003081,1
KCU,1,90,2,600,0.002803,1
KCUD,1,90,2,600,0.002809,1
HOG,1,90,2,600,0.003372,1
HOGL,1,90,2,600,0.003138,1
BA,21,90,2,600,0.035031,4
KCA,21,90,2,600,0.100224,1
KCF,21,90,2,600,0.083822,1
KCRDK,21,90,2,600,0.030565,2
KCRDKL,21,90,2,600,0.029638,2
KCU,21,90,2,600,0.03026,2
KCUD,21,90,2,600,0.03048,2
HOG,21,90,2,600,0.030416,2
HOGL,21,90,2,600,0.029485,2
BA,41,90,2,600,0.063846,4
KCA,41,90,2,600,0.271128,1
KCF,41,90,2,600,0.233242,1
KCRDK,41,90,2,600,0.099634,2
KCRDKL,41,90,2,600,0.102516,2
KCU,41,90,2,600,0.102637,2
KCUD,41,90,2,600,0.097174,2
HOG,41,90,2,600,0.103083,2
HOGL,41,90,2,600,0.103612,2
BA,61,90,2,600,0.126807,4
KCA,61,90,2,600,0.77994,1
KCF,61,90,2,600,0.49638,1
KCRDK,61,90,2,600,0.230176,2
KCRDKL,61,90,2,600,0.228539,2
KCU,61,90,2,600,0.221986,2
KCUD,61,90,2,600,0.215253,2
HOG,61,90,2,600,0.230477,2
HOGL,61,90,2,600,0.235602,2
BA,81,90,2,600,0.208172,4
KCA,81,90,2,600,1.27329,1
KCF,81,90,2,600,0.853366,1
KCRDK,81,90,2,600,0.376279,2
KCRDKL,81,90,2,600,0.394916,2
KCU,81,90,2,600,0.389452,2
KCUD,81,90,2,600,0.38444,2
HOG,81,90,2,600,0.395799,2
HOGL,81,90,2,600,0.39813,2
BA,101,90,2,600,0.305622,4
KCA,101,90,2,600,3.55522,1
KCF,101,90,2,600,3.34902,1
KCRDK,101,90,2,600,0.603236,2
KCRDKL,101,90,2,600,0.57647,2
KCU,101,90,2,600,0.605974,2
KCUD,101,90,2,600,0.608054,2
HOG,101,90,2,600,0.586141,2
HOGL,101,90,2,600,0.616813,2
BA,1,90,2,600,0.008153,2
KCA,1,90,2,600,0.004538,1
KCF,1,90,2,600,0.004348,1
KCRDK,1,90,2,600,0.003645,1
KCRDKL,1,90,2,600,0.003465,1
KCU,1,90,2,600,0.002983,1
KCUD,1,90,2,600,0.003989,1
HOG,1,90,2,600,0.00394,1
HOGL,1,90,2,600,0.003374,1
BA,21,90,2,600,0.011662,2
KCA,21,90,2,600,0.123845,1
KCF,21,90,2,600,0.106754,1
KCRDK,21,90,2,600,0.01866,1
KCRDKL,21,90,2,600,0.01823,1
KCU,21,90,2,600,0.017347,1
KCUD,21,90,2,600,0.019457,1
HOG,21,90,2,600,0.018716,1
HOGL,21,90,2,600,0.017992,1
BA,41,90,2,600,0.029134,2
KCA,41,90,2,600,0.331818,1
KCF,41,90,2,600,0.306063,1
KCRDK,41,90,2,600,0.06206,1
KCRDKL,41,90,2,600,0.06103,1
KCU,41,90,2,600,0.065955,1
KCUD,41,90,2,600,0.066916,1
HOG,41,90,2,600,0.06612,1
HOGL,41,90,2,600,0.066273,1
BA,61,90,2,600,0.056891,2
KCA,61,90,2,600,1.41251,1
KCF,61,90,2,600,0.480829,1
KCRDK,61,90,2,600,0.131959,1
KCRDKL,61,90,2,600,0.132885,1
KCU,61,90,2,600,0.13026,1
KCUD,61,90,2,600,0.130858,1
HOG,61,90,2,600,0.132568,1
HOGL,61,90,2,600,0.132559,1
BA,81,90,2,600,0.095754,2
KCA,81,90,2,600,2.82744,1
KCF,81,90,2,600,0.887109,1
KCRDK,81,90,2,600,0.248944,1
KCRDKL,81,90,2,600,0.223325,1
KCU,81,90,2,600,0.218777,1
KCUD,81,90,2,600,0.219416,1
HOG,81,90,2,600,0.229914,1
HOGL,81,90,2,600,0.223481,1
BA,101,90,2,600,0.139878,2
KCA,101,90,2,600,1.9994,1
KCF,101,90,2,600,1.69332,1
KCRDK,101,90,2,600,0.388021,1
KCRDKL,101,90,2,600,0.345701,1
KCU,101,90,2,600,0.36834,1
KCUD,101,90,2,600,0.367394,1
HOG,101,90,2,600,0.374237,1
HOGL,101,90,2,600,0.372782,1
BA,1,90,2,600,0.008136,2
KCA,1,90,2,600,0.004484,1
KCF,1,90,2,600,0.004348,1
KCRDK,1,90,2,600,0.004027,1
KCRDKL,1,90,2,600,0.003395,1
KCU,1,90,2,600,0.003023,1
KCUD,1,90,2,600,0.003749,1
HOG,1,90,2,600,0.003996,1
HOGL,1,90,2,600,0.003509,1
BA,21,90,2,600,0.011322,2
KCA,21,90,2,600,0.094718,1
KCF,21,90,2,600,0.071032,1
KCRDK,21,90,2,600,0.020099,1
KCRDKL,21,90,2,600,0.018879,1
KCU,21,90,2,600,0.019684,1
KCUD,21,90,2,600,0.01937,1
HOG,21,90,2,600,0.018903,1
HOGL,21,90,2,600,0.018408,1
BA,41,90,2,600,0.028229,2
KCA,41,90,2,600,0.242858,1
KCF,41,90,2,600,0.296813,1
KCRDK,41,90,2,600,0.05993,1
KCRDKL,41,90,2,600,0.059117,1
KCU,41,90,2,600,0.058646,1
KCUD,41,90,2,600,0.061104,1
HOG,41,90,2,600,0.062928,1
HOGL,41,90,2,600,0.067298,1
BA,61,90,2,600,0.058033,2
KCA,61,90,2,600,0.894854,1
KCF,61,90,2,600,0.485028,1
KCRDK,61,90,2,600,0.131318,1
KCRDKL,61,90,2,600,0.140657,1
KCU,61,90,2,600,0.139563,1
KCUD,61,90,2,600,0.14262,1
HOG,61,90,2,600,0.144684,1
HOGL,61,90,2,600,0.145409,1
BA,81,90,2,600,0.09514,2
KCA,81,90,2,600,1.75328,1
KCF,81,90,2,600,1.43443,1
KCRDK,81,90,2,600,0.223691,1
KCRDKL,81,90,2,600,0.222697,1
KCU,81,90,2,600,0.217789,1
KCUD,81,90,2,600,0.219581,1
HOG,81,90,2,600,0.221909,1
HOGL,81,90,2,600,0.226976,1
BA,101,90,2,600,0.14344,2
KCA,101,90,2,600,1.84932,1
KCF,101,90,2,600,3.80598,1
KCRDK,101,90,2,600,0.341861,1
KCRDKL,101,90,2,600,0.350794,1
KCU,101,90,2,600,0.34393,1
KCUD,101,90,2,600,0.341847,1
HOG,101,90,2,600,0.347611,1
HOGL,101,90,2,600,0.34708,1
BA,1,90,2,600,0.01443,3
KCA,1,90,2,600,0.006266,2
KCF,1,90,2,600,0.00609,2
KCRDK,1,90,2,600,0.006108,2
KCRDKL,1,90,2,600,0.00595,2
KCU,1,90,2,600,0.005322,2
KCUD,1,90,2,600,0.005696,2
HOG,1,90,2,600,0.005913,2
HOGL,1,90,2,600,0.005511,2
BA,21,90,2,600,0.232404,11
KCA,21,90,2,600,0.039841,1
KCF,21,90,2,600,0.040315,1
KCRDK,21,90,2,600,0.02021,1
KCRDKL,21,90,2,600,0.018968,1
KCU,21,90,2,600,0.019136,1
KCUD,21,90,2,600,0.019427,1
HOG,21,90,2,600,0.019727,1
HOGL,21,90,2,600,0.01907,1
BA,41,90,2,600,0.275656,10
KCA,41,90,2,600,0.169645,1
KCF,41,90,2,600,0.181494,1
KCRDK,41,90,2,600,0.062004,1
KCRDKL,41,90,2,600,0.061236,1
KCU,41,90,2,600,0.064808,1
KCUD,41,90,2,600,0.065118,1
HOG,41,90,2,600,0.063054,1
HOGL,41,90,2,600,0.068099,1
BA,61,90,2,600,0.519233,11
KCA,61,90,2,600,0.422589,1
KCF,61,90,2,600,0.416567,1
KCRDK,61,90,2,600,0.135013,1
KCRDKL,61,90,2,600,0.134455,1
KCU,61,90,2,600,0.131712,1
KCUD,61,90,2,600,0.129622,1
HOG,61,90,2,600,0.13306,1
HOGL,61,90,2,600,0.132468,1
BA,81,90,2,600,0.629419,10
KCA,81,90,2,600,1.21422,1
KCF,81,90,2,600,0.93628,1
KCRDK,81,90,2,600,0.234026,1
KCRDKL,81,90,2,600,0.22424,1
KCU,81,90,2,600,0.221185,1
KCUD,81,90,2,600,0.221322,1
HOG,81,90,2,600,0.226663,1
HOGL,81,90,2,600,0.223982,1
BA,101,90,2,600,0.765567,9
KCA,101,90,2,600,1.19268,1
KCF,101,90,2,600,1.49482,1
KCRDK,101,90,2,600,0.38737,1
KCRDKL,101,90,2,600,0.379383,1
KCU,101,90,2,600,0.372616,1
KCUD,101,90,2,600,0.37186,1
HOG,101,90,2,600,0.377164,1
HOGL,101,90,2,600,0.3777,1
BA,1,90,2,600,0.015309,3
KCA,1,90,2,600,0.003185,1
KCF,1,90,2,600,0.003114,1
KCRDK,1,90,2,600,0.003646,1
KCRDKL,1,90,2,600,0.003366,1
KCU,1,90,2,600,0.003069,1
KCUD,1,90,2,600,0.003066,1
HOG,1,90,2,600,0.003694,1
HOGL,1,90,2,600,0.003381,1
BA,21,90,2,600,0.030983,4
KCA,21,90,2,600,0.09031,1
KCF,21,90,2,600,0.090417,1
KCRDK,21,90,2,600,0.031189,2
KCRDKL,21,90,2,600,0.030306,2
KCU,21,90,2,600,0.029659,2
KCUD,21,90,2,600,0.032889,2
HOG,21,90,2,600,0.032057,2
HOGL,21,90,2,600,0.029741,2
BA,41,90,2,600,0.064563,4
KCA,41,90,2,600,0.307286,1
KCF,41,90,2,600,0.262349,1
KCRDK,41,90,2,600,0.102445,2
KCRDKL,41,90,2,600,0.108399,2
KCU,41,90,2,600,0.101011,2
KCUD,41,90,2,600,0.103216,2
HOG,41,90,2,600,0.111042,2
HOGL,41,90,2,600,0.108764,2
BA,61,90,2,600,0.170797,5
KCA,61,90,2,600,0.762513,1
KCF,61,90,2,600,0.502146,1
KCRDK,61,90,2,600,0.338426,3
KCRDKL,61,90,2,600,0.327778,3
KCU,61,90,2,600,0.31719,3
KCUD,61,90,2,600,0.235194,2
HOG,61,90,2,600,0.318878,3
HOGL,61,90,2,600,0.328241,3
BA,81,90,2,600,0.202963,4
KCA,81,90,2,600,1.64459,1
KCF,81,90,2,600,1.04086,1
KCRDK,81,90,2,600,0.397448,2
KCRDKL,81,90,2,600,0.399495,2
KCU,81,90,2,600,0.383625,2
KCUD,81,90,2,600,0.390717,2
HOG,81,90,2,600,0.391236,2
HOGL,81,90,2,600,0.391564,2
BA,101,90,2,600,0.305027,4
KCA,101,90,2,600,1.5912,1
KCF,101,90,2,600,2.33586,1
KCRDK,101,90,2,600,0.608878,2
KCRDKL,101,90,2,600,0.612243,2
KCU,101,90,2,600,0.564728,2
KCUD,101,90,2,600,0.566803,2
HOG,101,90,2,600,0.579356,2
HOGL,101,90,2,600,0.596969,2
BA,1,90,2,600,0.015518,3
KCA,1,90,2,600,0.005517,2
KCF,1,90,2,600,0.005487,2
KCRDK,1,90,2,600,0.00618,2
KCRDKL,1,90,2,600,0.005981,2
KCU,1,90,2,600,0.004874,2
KCUD,1,90,2,600,0.005428,2
HOG,1,90,2,600,0.005982,2
HOGL,1,90,2,600,0.005399,2
BA,21,90,2,600,0.27452,12
KCA,21,90,2,600,0.055354,1
KCF,21,90,2,600,0.051659,1
KCRDK,21,90,2,600,0.020169,1
KCRDKL,21,90,2,600,0.019947,1
KCU,21,90,2,600,0.019306,1
KCUD,21,90,2,600,0.020776,1
HOG,21,90,2,600,0.020155,1
HOGL,21,90,2,600,0.020419,1
BA,41,90,2,600,0.337795,11
KCA,41,90,2,600,0.255262,1
KCF,41,90,2,600,0.159677,1
KCRDK,41,90,2,600,0.066724,1
KCRDKL,41,90,2,600,0.0645,1
KCU,41,90,2,600,0.057302,1
KCUD,41,90,2,600,0.060743,1
HOG,41,90,2,600,0.061925,1
HOGL,41,90,2,600,0.061482,1
BA,61,90,2,600,0.498543,11
KCA,61,90,2,600,0.406048,1
KCF,61,90,2,600,0.399138,1
KCRDK,61,90,2,600,0.145147,1
KCRDKL,61,90,2,600,0.133078,1
KCU,61,90,2,600,0.128396,1
KCUD,61,90,2,600,0.130225,1
HOG,61,90,2,600,0.133485,1
HOGL,61,90,2,600,0.134555,1
BA,81,90,2,600,0.637047,10
KCA,81,90,2,600,0.988248,1
KCF,81,90,2,600,0.842366,1
KCRDK,81,90,2,600,0.245823,1
KCRDKL,81,90,2,600,0.244483,1
KCU,81,90,2,600,0.240571,1
KCUD,81,90,2,600,0.240095,1
HOG,81,90,2,600,0.24245,1
HOGL,81,90,2,600,0.222878,1
BA,101,90,2,600,0.87074,10
KCA,101,90,2,600,1.88273,1
KCF,101,90,2,600,0.991248,1
KCRDK,101,90,2,600,0.360323,1
KCRDKL,101,90,2,600,0.350087,1
KCU,101,90,2,600,0.348741,1
KCUD,101,90,2,600,0.352851,1
HOG,101,90,2,600,0.360254,1
HOGL,101,90,2,600,0.358809,1
BA,1,90,2,600,0.013679,3
KCA,1,90,2,600,0.003277,1
KCF,1,90,2,600,0.003202,1
KCRDK,1,90,2,600,0.003942,1
KCRDKL,1,90,2,600,0.005413,1
KCU,1,90,2,600,0.003137,1
KCUD,1,90,2,600,0.003116,1
HOG,1,90,2,600,0.003872,1
HOGL,1,90,2,600,0.003557,1
BA,21,90,2,600,0.035739,4
KCA,21,90,2,600,0.184817,1
KCF,21,90,2,600,0.08639,1
KCRDK,21,90,2,600,0.033115,2
KCRDKL,21,90,2,600,0.03089,2
KCU,21,90,2,600,0.030678,2
KCUD,21,90,2,600,0.034003,2
HOG,21,90,2,600,0.031308,2
HOGL,21,90,2,600,0.03104,2
BA,41,90,2,600,0.070991,4
KCA,41,90,2,600,0.317038,1
KCF,41,90,2,600,0.326527,1
KCRDK,41,90,2,600,0.104637,2
KCRDKL,41,90,2,600,0.109454,2
KCU,41,90,2,600,0.108382,2
KCUD,41,90,2,600,0.110239,2
HOG,41,90,2,600,0.108804,2
HOGL,41,90,2,600,0.106652,2
BA,61,90,2,600,0.130508,4
KCA,61,90,2,600,0.84594,1
KCF,61,90,2,600,0.535715,1
KCRDK,61,90,2,600,0.245369,2
KCRDKL,61,90,2,600,0.243495,2
KCU,61,90,2,600,0.233897,2
KCUD,61,90,2,600,0.239379,2
HOG,61,90,2,600,0.244356,2
HOGL,61,90,2,600,0.246773,2
BA,81,90,2,600,0.214884,4
KCA,81,90,2,600,1.13025,1
KCF,81,90,2,600,1.04155,1
KCRDK,81,90,2,600,0.382329,2
KCRDKL,81,90,2,600,0.397517,2
KCU,81,90,2,600,0.39198,2
KCUD,81,90,2,600,0.401206,2
HOG,81,90,2,600,0.403433,2
HOGL,81,90,2,600,0.405236,2
BA,101,90,2,600,0.316383,4
KCA,101,90,2,600,2.13326,1
KCF,101,90,2,600,2.02485,1
KCRDK,101,90,2,600,0.602468,2
KCRDKL,101,90,2,600,0.643108,2
KCU,101,90,2,600,0.619155,2
KCUD,101,90,2,600,0.623965,2
HOG,101,90,2,600,0.631528,2
HOGL,101,90,2,600,0.626274,2
BA,1,90,2,600,0.008299,2
KCA,1,90,2,600,0.004506,1
KCF,1,90,2,600,0.004391,1
KCRDK,1,90,2,600,0.004358,1
KCRDKL,1,90,2,600,0.003719,1
KCU,1,90,2,600,0.003075,1
KCUD,1,90,2,600,0.003833,1
HOG,1,90,2,600,0.003934,1
HOGL,1,90,2,600,0.00366,1
BA,21,90,2,600,0.013028,2
KCA,21,90,2,600,0.121763,1
KCF,21,90,2,600,0.075748,1
KCRDK,21,90,2,600,0.019555,1
KCRDKL,21,90,2,600,0.018941,1
KCU,21,90,2,600,0.019245,1
KCUD,21,90,2,600,0.018917,1
HOG,21,90,2,600,0.019368,1
HOGL,21,90,2,600,0.019771,1
BA,41,90,2,600,0.029504,2
KCA,41,90,2,600,0.372389,1
KCF,41,90,2,600,0.323305,1
KCRDK,41,90,2,600,0.063741,1
KCRDKL,41,90,2,600,0.063631,1
KCU,41,90,2,600,0.068017,1
KCUD,41,90,2,600,0.062458,1
HOG,41,90,2,600,0.062316,1
HOGL,41,90,2,600,0.062302,1
BA,61,90,2,600,0.057968,2
KCA,61,90,2,600,0.932091,1
KCF,61,90,2,600,0.620542,1
KCRDK,61,90,2,600,0.148653,1
KCRDKL,61,90,2,600,0.158782,1
KCU,61,90,2,600,0.140109,1
KCUD,61,90,2,600,0.157642,1
HOG,61,90,2,600,0.147562,1
HOGL,61,90,2,600,0.161019,1
BA,81,90,2,600,0.102293,2
KCA,81,90,2,600,2.39954,1
KCF,81,90,2,600,1.02095,1
KCRDK,81,90,2,600,0.235334,1
KCRDKL,81,90,2,600,0.235869,1
KCU,81,90,2,600,0.233549,1
KCUD,81,90,2,600,0.234252,1
HOG,81,90,2,600,0.240367,1
HOGL,81,90,2,600,0.240282,1
BA,101,90,2,600,0.146055,2
KCA,101,90,2,600,3.13738,1
KCF,101,90,2,600,3.0445,1
KCRDK,101,90,2,600,0.384374,1
KCRDKL,101,90,2,600,0.401463,1
KCU,101,90,2,600,0.373242,1
KCUD,101,90,2,600,0.386002,1
HOG,101,90,2,600,0.38946,1
HOGL,101,90,2,600,0.383364,1
BA,1,90,2,600,0.013109,3
KCA,1,90,2,600,0.003574,1
KCF,1,90,2,600,0.003353,1
KCRDK,1,90,2,600,0.005971,1
KCRDKL,1,90,2,600,0.003651,1
KCU,1,90,2,600,0.003218,1
KCUD,1,90,2,600,0.003204,1
HOG,1,90,2,600,0.004171,1
HOGL,1,90,2,600,0.003781,1
BA,21,90,2,600,0.035484,4
KCA,21,90,2,600,0.144163,1
KCF,21,90,2,600,0.107079,1
KCRDK,21,90,2,600,0.035562,2
KCRDKL,21,90,2,600,0.033374,2
KCU,21,90,2,600,0.032687,2
KCUD,21,90,2,600,0.036916,2
HOG,21,90,2,600,0.033832,2
HOGL,21,90,2,600,0.035556,2
BA,41,90,2,600,0.078526,4
KCA,41,90,2,600,0.5065,1
KCF,41,90,2,600,0.481636,1
KCRDK,41,90,2,600,0.118021,2
KCRDKL,41,90,2,600,0.126892,2
KCU,41,90,2,600,0.113752,2
KCUD,41,90,2,600,0.117848,2
HOG,41,90,2,600,0.128668,2
HOGL,41,90,2,600,0.130224,2
BA,61,90,2,600,0.143433,4
KCA,61,90,2,600,0.903456,1
KCF,61,90,2,600,0.694673,1
KCRDK,61,90,2,600,0.251805,2
KCRDKL,61,90,2,600,0.265718,2
KCU,61,90,2,600,0.258361,2
KCUD,61,90,2,600,0.238948,2
HOG,61,90,2,600,0.258995,2
HOGL,61,90,2,600,0.257849,2
BA,81,90,2,600,0.221818,4
KCA,81,90,2,600,1.62763,1
KCF,81,90,2,600,1.30539,1
KCRDK,81,90,2,600,0.424349,2
KCRDKL,81,90,2,600,0.450257,2
KCU,81,90,2,600,0.411028,2
KCUD,81,90,2,600,0.391821,2
HOG,81,90,2,600,0.41948,2
HOGL,81,90,2,600,0.410249,2
BA,101,90,2,600,0.310461,4
KCA,101,90,2,600,2.84181,1
KCF,101,90,2,600,3.46153,1
KCRDK,101,90,2,600,0.629636,2
KCRDKL,101,90,2,600,0.654521,2
KCU,101,90,2,600,0.627069,2
KCUD,101,90,2,600,0.637544,2
HOG,101,90,2,600,0.655365,2
HOGL,101,90,2,600,0.655144,2
BA,1,90,2,600,0.010336,2
KCA,1,90,2,600,0.004679,1
KCF,1,90,2,600,0.004452,1
KCRDK,1,90,2,600,0.004002,1
KCRDKL,1,90,2,600,0.003451,1
KCU,1,90,2,600,0.003119,1
KCUD,1,90,2,600,0.003969,1
HOG,1,90,2,600,0.003977,1
HOGL,1,90,2,600,0.003534,1
BA,21,90,2,600,0.011521,2
KCA,21,90,2,600,0.17122,1
KCF,21,90,2,600,0.129482,1
KCRDK,21,90,2,600,0.01996,1
KCRDKL,21,90,2,600,0.020548,1
KCU,21,90,2,600,0.019918,1
KCUD,21,90,2,600,0.021001,1
HOG,21,90,2,600,0.019755,1
HOGL,21,90,2,600,0.020593,1
BA,41,90,2,600,0.03122,2
KCA,41,90,2,600,0.492536,1
KCF,41,90,2,600,0.32377,1
KCRDK,41,90,2,600,0.067835,1
KCRDKL,41,90,2,600,0.067789,1
KCU,41,90,2,600,0.066299,1
KCUD,41,90,2,600,0.066126,1
HOG,41,90,2,600,0.066824,1
HOGL,41,90,2,600,0.067614,1
BA,61,90,2,600,0.059526,2
KCA,61,90,2,600,0.944535,1
KCF,61,90,2,600,0.628636,1
KCRDK,61,90,2,600,0.142963,1
KCRDKL,61,90,2,600,0.144549,1
KCU,61,90,2,600,0.155973,1
KCUD,61,90,2,600,0.170467,1
HOG,61,90,2,600,0.160274,1
HOGL,61,90,2,600,0.158269,1
BA,81,90,2,600,0.099064,2
KCA,81,90,2,600,1.50072,1
KCF,81,90,2,600,1.15669,1
KCRDK,81,90,2,600,0.255024,1
KCRDKL,81,90,2,600,0.23427,1
KCU,81,90,2,600,0.226506,1
KCUD,81,90,2,600,0.229115,1
HOG,81,90,2,600,0.230538,1
HOGL,81,90,2,600,0.232146,1
BA,101,90,2,600,0.143686,2
KCA,101,90,2,600,1.81405,1
KCF,101,90,2,600,1.73325,1
KCRDK,101,90,2,600,0.404897,1
KCRDKL,101,90,2,600,0.369836,1
KCU,101,90,2,600,0.364968,1
KCUD,101,90,2,600,0.364822,1
HOG,101,90,2,600,0.375852,1
HOGL,101,90,2,600,0.378178,1
BA,1,90,2,600,0.014063,3
KCA,1,90,2,600,0.006413,2
KCF,1,90,2,600,0.006087,2
KCRDK,1,90,2,600,0.00652,2
KCRDKL,1,90,2,600,0.005809,2
KCU,1,90,2,600,0.005227,2
KCUD,1,90,2,600,0.006034,2
HOG,1,90,2,600,0.006459,2
HOGL,1,90,2,600,0.0059,2
BA,21,90,2,600,0.654855,17
KCA,21,90,2,600,0.048799,1
KCF,21,90,2,600,0.052695,1
KCRDK,21,90,2,600,0.021341,1
KCRDKL,21,90,2,600,0.020356,1
KCU,21,90,2,600,0.020043,1
KCUD,21,90,2,600,0.019775,1
HOG,21,90,2,600,0.021381,1
HOGL,21,90,2,600,0.020611,1
BA,41,90,2,600,0.81326,17
KCA,41,90,2,600,0.224266,1
KCF,41,90,2,600,0.163823,1
KCRDK,41,90,2,600,0.069042,1
KCRDKL,41,90,2,600,0.077053,1
KCU,41,90,2,600,0.074176,1
KCUD,41,90,2,600,0.07393,1
HOG,41,90,2,600,0.076728,1
HOGL,41,90,2,600,0.076862,1
BA,61,90,2,600,1.00206,16
KCA,61,90,2,600,0.482521,1
KCF,61,90,2,600,0.458988,1
KCRDK,61,90,2,600,0.146022,1
KCRDKL,61,90,2,600,0.145725,1
KCU,61,90,2,600,0.142258,1
KCUD,61,90,2,600,0.144269,1
HOG,61,90,2,600,0.146745,1
HOGL,61,90,2,600,0.145336,1
BA,81,90,2,600,1.47468,17
KCA,81,90,2,600,0.678115,1
KCF,81,90,2,600,0.577999,1
KCRDK,81,90,2,600,0.239929,1
KCRDKL,81,90,2,600,0.234166,1
KCU,81,90,2,600,0.219647,1
KCUD,81,90,2,600,0.229118,1
HOG,81,90,2,600,0.232991,1
HOGL,81,90,2,600,0.23103,1
BA,101,90,2,600,1.71637,16
KCA,101,90,2,600,0.816953,1
KCF,101,90,2,600,1.14173,1
KCRDK,101,90,2,600,0.363,1
KCRDKL,101,90,2,600,0.360257,1
KCU,101,90,2,600,0.353312,1
KCUD,101,90,2,600,0.352973,1
HOG,101,90,2,600,0.367965,1
HOGL,101,90,2,600,0.370313,1
