Gamma, tau, time_master_BA, time_subproblem_BA, time_master_KC, time_subproblem_KC, time_master_KCRDK, time_subproblem_KCRDK, time_master_KCRDKL, time_subproblem_KCRDKL, time_master_KCU, time_subproblem_KCU, time_master_KCUD, time_subproblem_KCUD, time_master_KCHOG, time_subproblem_KCHOG, time_master_KCHOGL, time_subproblem_KCHOGL
1,100,0.031824,0.000279,0.004465,0.00014,0.007133,0.001095,0.006949,0.000654,0.008892,0.000261,0.007127,0.000199,0.006907,0.001166,0.007012,0.000756
21,100,0.27859,0.029291,0.03585,0.005555,0.008613,0.007873,0.008545,0.006486,0.007769,0.005401,0.009055,0.005369,0.008133,0.007178,0.007947,0.006461
41,100,0.39763,0.135709,0.364927,0.025923,0.021836,0.029482,0.021778,0.027939,0.021842,0.02641,0.021929,0.026341,0.021582,0.029637,0.021225,0.028602
61,100,0.312405,0.332502,0.229803,0.063269,0.043595,0.064699,0.044512,0.061809,0.043775,0.060461,0.046046,0.057586,0.044139,0.063603,0.044561,0.061725
81,100,0.517013,0.688967,0.286945,0.110919,0.07358,0.113647,0.072134,0.110953,0.073279,0.106136,0.072733,0.104851,0.074385,0.11254,0.073247,0.112498
101,100,0.478669,0.968454,0.58712,0.17404,0.107,0.17471,0.106236,0.18532,0.10558,0.164503,0.10711,0.164099,0.10742,0.173742,0.107394,0.184764
1,100,0.028757,0.000375,0.00453,0.000182,0.00649,0.004819,0.006859,0.0008,0.008872,0.000313,0.007297,0.000234,0.006549,0.001426,0.006557,0.000902
21,100,0.386929,0.047284,0.030031,0.00718,0.009812,0.009125,0.009999,0.008094,0.008725,0.007542,0.010045,0.007305,0.008899,0.009536,0.009,0.008242
41,100,0.311626,0.158725,0.140845,0.026613,0.021391,0.029504,0.022135,0.028833,0.021605,0.026572,0.021791,0.026028,0.020857,0.029742,0.02034,0.027649
61,100,0.347845,0.361927,0.222543,0.05915,0.045602,0.063506,0.04397,0.062064,0.04286,0.059936,0.044918,0.058171,0.043692,0.065155,0.042785,0.0627
81,100,0.407049,0.633291,0.288191,0.1059,0.070383,0.110479,0.070618,0.107447,0.073198,0.10557,0.073624,0.105703,0.072871,0.112649,0.0733,0.110139
101,100,0.542131,1.04798,0.576647,0.172674,0.111685,0.168915,0.10648,0.171212,0.106633,0.176803,0.108085,0.163902,0.106081,0.172947,0.106027,0.171159
1,100,0.015772,0.000268,0.003453,0.000201,0.003343,0.00094,0.003298,0.00374,0.003425,0.000161,0.003381,0.000152,0.003367,0.001029,0.003383,0.000645
21,100,0.069916,0.021768,0.059945,0.006993,0.008613,0.008165,0.008249,0.007885,0.008418,0.00745,0.009682,0.006962,0.008754,0.008188,0.008354,0.007741
41,100,0.075486,0.07908,0.200959,0.026468,0.021032,0.02798,0.020562,0.027366,0.020742,0.026681,0.021682,0.026461,0.020606,0.027819,0.021227,0.027612
61,100,0.119518,0.211305,0.316635,0.060428,0.043053,0.062805,0.043736,0.06204,0.042729,0.059625,0.044315,0.05853,0.043066,0.061912,0.042432,0.061306
81,100,0.052368,0.211083,0.664264,0.114094,0.072273,0.111329,0.071326,0.109775,0.070844,0.106205,0.073235,0.106078,0.071201,0.108639,0.072568,0.110321
101,100,0.134321,0.483997,1.05207,0.173742,0.106137,0.171041,0.105506,0.169072,0.105132,0.163692,0.106515,0.164168,0.10501,0.170912,0.105421,0.170808
1,100,0.00789,0.000171,0.004719,0.000179,0.002973,0.000945,0.002948,0.000578,0.002975,0.00015,0.003739,0.000156,0.002971,0.001031,0.002938,0.000652
21,100,0.014552,0.01077,0.072336,0.007385,0.013282,0.012872,0.012994,0.011761,0.013245,0.012047,0.015443,0.011135,0.013065,0.013339,0.013235,0.011903
41,100,0.017724,0.039476,0.173256,0.026581,0.032565,0.043154,0.033819,0.042369,0.033297,0.041203,0.03508,0.041343,0.033147,0.043718,0.033323,0.044107
61,100,0.024515,0.090591,0.380919,0.058736,0.069705,0.095659,0.065129,0.097804,0.068661,0.091862,0.070853,0.091786,0.069302,0.095247,0.06902,0.104009
81,100,0.03271,0.158514,0.7544,0.105744,0.117972,0.165792,0.115364,0.168888,0.115546,0.164371,0.119385,0.163683,0.116338,0.167157,0.115555,0.168717
101,100,0.044809,0.242141,0.838726,0.162103,0.175676,0.256447,0.173679,0.261437,0.174383,0.250922,0.171651,0.253213,0.169887,0.262296,0.171748,0.261362
1,100,0.016724,0.000267,0.006056,0.000275,0.011303,0.000678,0.006119,0.000477,0.005241,0.000231,0.006084,0.000233,0.005919,0.000728,0.005858,0.000504
21,100,0.148483,0.032532,0.034123,0.007436,0.009437,0.009196,0.009492,0.008357,0.008818,0.007194,0.010074,0.007307,0.008976,0.009193,0.009263,0.008006
41,100,0.163655,0.118599,0.158181,0.02651,0.021554,0.02929,0.022151,0.028232,0.021326,0.026634,0.022696,0.026478,0.02129,0.031142,0.022009,0.028096
61,100,0.223849,0.301751,0.199382,0.059809,0.04351,0.063756,0.043222,0.0604,0.044159,0.059289,0.044891,0.060781,0.041678,0.064219,0.044121,0.062407
81,100,0.253321,0.537053,0.274479,0.105471,0.072897,0.113694,0.072858,0.111175,0.07249,0.106518,0.072811,0.106753,0.076223,0.10914,0.071845,0.111796
101,100,0.309612,0.807258,1.13042,0.174947,0.109618,0.170451,0.108006,0.190041,0.106548,0.163598,0.107095,0.164141,0.106807,0.173507,0.105211,0.169712
1,100,0.006931,0.000177,0.004959,0.000189,0.003121,0.000974,0.00317,0.000602,0.003154,0.000157,0.00382,0.000153,0.003096,0.001062,0.003073,0.000679
21,100,0.007115,0.007638,0.090327,0.007173,0.008245,0.00779,0.008047,0.007605,0.008152,0.007163,0.008775,0.007214,0.008179,0.008174,0.008251,0.007825
41,100,0.008473,0.02638,0.187586,0.02726,0.020209,0.027768,0.020947,0.027489,0.02032,0.02656,0.021002,0.026599,0.020516,0.027871,0.020239,0.027569
61,100,0.013231,0.05955,0.294985,0.060207,0.042552,0.061061,0.041622,0.062118,0.0418,0.0589,0.043795,0.059607,0.042879,0.060835,0.043241,0.065144
81,100,0.016563,0.105794,0.707192,0.10298,0.071243,0.110406,0.07262,0.110946,0.071504,0.105885,0.072672,0.106368,0.070611,0.10948,0.072363,0.110346
101,100,0.021408,0.161865,0.87114,0.163139,0.106578,0.183991,0.111526,0.164225,0.106415,0.164382,0.107484,0.162846,0.106534,0.171406,0.106754,0.18145
1,100,0.027374,0.000343,0.004368,0.000183,0.00679,0.00133,0.006835,0.00082,0.008696,0.000327,0.006972,0.00024,0.006917,0.001421,0.006534,0.000923
21,100,0.379927,0.048598,0.033753,0.007216,0.009548,0.009297,0.009663,0.00825,0.008812,0.007208,0.010134,0.007264,0.009111,0.009406,0.008865,0.008898
41,100,0.374984,0.171329,0.131285,0.025873,0.02215,0.029401,0.022183,0.028182,0.021024,0.026426,0.023211,0.026387,0.021417,0.029761,0.021255,0.028145
61,100,0.359273,0.364511,0.214795,0.064385,0.044831,0.063262,0.04352,0.063491,0.043665,0.059244,0.044834,0.060603,0.043225,0.063534,0.043922,0.062273
81,100,0.476337,0.687314,0.291258,0.106498,0.073527,0.112399,0.072546,0.110098,0.072457,0.105393,0.073238,0.105653,0.072815,0.111895,0.071795,0.110486
101,100,0.547009,1.05096,0.615147,0.157453,0.10846,0.172212,0.107548,0.170668,0.106562,0.163261,0.106688,0.163803,0.106849,0.173273,0.106442,0.1715
1,100,0.015385,0.000262,0.003057,0.000185,0.002955,0.001019,0.002964,0.000601,0.00298,0.000151,0.002993,0.00015,0.002986,0.001088,0.002967,0.000676
21,100,0.063568,0.021594,0.072253,0.00736,0.013201,0.012392,0.012818,0.012432,0.012969,0.010713,0.016768,0.011115,0.012855,0.012531,0.012904,0.013149
41,100,0.070114,0.078516,0.174379,0.026671,0.032791,0.042629,0.032101,0.041897,0.032229,0.040658,0.036967,0.040209,0.032946,0.043276,0.033834,0.041054
61,100,0.080209,0.17987,0.324905,0.059245,0.070992,0.093263,0.06852,0.095221,0.068408,0.092754,0.072804,0.090973,0.070405,0.098743,0.069496,0.0949
81,100,0.102731,0.314573,0.710993,0.111911,0.11548,0.168609,0.114669,0.168544,0.114224,0.168704,0.115625,0.16035,0.114256,0.168721,0.116259,0.169138
101,100,0.131166,0.483518,0.890792,0.163204,0.171963,0.260015,0.173593,0.273523,0.17804,0.249276,0.175486,0.246251,0.176183,0.255554,0.173063,0.262166
1,100,0.009537,0.000177,0.004626,0.00018,0.005765,0.001278,0.002903,0.000726,0.002905,0.000151,0.003707,0.000153,0.002879,0.001372,0.002839,0.000838
21,100,0.007244,0.007232,0.095931,0.007226,0.00832,0.008515,0.008231,0.008458,0.008142,0.00714,0.008629,0.007234,0.008315,0.008163,0.008102,0.007919
41,100,0.008476,0.026109,0.188185,0.026952,0.020384,0.029027,0.020111,0.027532,0.020765,0.027013,0.020446,0.026394,0.019704,0.027783,0.019461,0.02717
61,100,0.011458,0.059935,0.347752,0.05965,0.043279,0.061018,0.0398,0.059297,0.040086,0.057658,0.042769,0.060209,0.043114,0.061581,0.042426,0.062213
81,100,0.01675,0.105746,0.751561,0.105985,0.070985,0.111002,0.070398,0.117979,0.072482,0.104913,0.072137,0.105747,0.071409,0.108036,0.075578,0.104671
101,100,0.021131,0.161533,0.830003,0.163192,0.108742,0.167382,0.11118,0.16452,0.104991,0.164267,0.105787,0.164353,0.110374,0.16613,0.104932,0.170546
1,100,0.014435,0.000256,0.006122,0.000292,0.005285,0.000629,0.00594,0.000453,0.00529,0.000234,0.006059,0.000233,0.005292,0.000629,0.005307,0.000461
21,100,0.194588,0.036154,0.04208,0.00724,0.009679,0.00889,0.010224,0.008114,0.009119,0.007202,0.010337,0.007701,0.009534,0.009,0.009473,0.00816
41,100,0.204526,0.131635,0.146202,0.02579,0.022412,0.028845,0.022869,0.027246,0.021129,0.026632,0.022517,0.026789,0.021876,0.030701,0.022473,0.026816
61,100,0.185829,0.270144,0.218931,0.058281,0.043582,0.063194,0.044258,0.06175,0.044014,0.059202,0.045099,0.060445,0.043834,0.064029,0.044137,0.062531
81,100,0.226104,0.475333,0.465995,0.105011,0.073917,0.111764,0.07325,0.111929,0.075255,0.102668,0.074185,0.104625,0.072522,0.120058,0.072929,0.109828
101,100,0.260664,0.726709,0.559437,0.16461,0.10605,0.172374,0.106953,0.169299,0.110505,0.159337,0.111397,0.159555,0.107941,0.170977,0.106892,0.170674
1,100,0.016214,0.000267,0.003175,0.000177,0.003152,0.001091,0.003098,0.000646,0.00316,0.00015,0.003156,0.000164,0.003112,0.001165,0.003103,0.000714
21,100,0.040635,0.018101,0.072319,0.007224,0.013754,0.012968,0.013385,0.011906,0.013455,0.010777,0.015558,0.011086,0.013526,0.012526,0.013342,0.011996
41,100,0.045887,0.066365,0.172107,0.026505,0.033184,0.044721,0.033124,0.044473,0.032968,0.040692,0.035444,0.040536,0.033623,0.041821,0.0327,0.044222
61,100,0.039956,0.121185,0.2998,0.059779,0.068616,0.096044,0.063919,0.09469,0.067879,0.100192,0.070691,0.091259,0.06872,0.097234,0.069505,0.093944
81,100,0.051966,0.211413,0.653582,0.103947,0.115766,0.168269,0.115235,0.176343,0.114594,0.161329,0.117545,0.162418,0.11749,0.169771,0.116683,0.167885
101,100,0.099158,0.404243,0.927614,0.166122,0.17299,0.259715,0.173578,0.261014,0.178,0.249868,0.176662,0.254652,0.174858,0.265304,0.173568,0.262094
1,100,0.013987,0.000254,0.007337,0.000178,0.003487,0.001103,0.003384,0.000647,0.00342,0.000152,0.003424,0.000154,0.00342,0.001165,0.003413,0.0007
21,100,0.040931,0.018445,0.061614,0.007299,0.014402,0.012753,0.014843,0.012247,0.013787,0.011566,0.017521,0.011084,0.013996,0.013006,0.014181,0.011969
41,100,0.045594,0.065243,0.175603,0.026651,0.032697,0.043177,0.03469,0.041567,0.034728,0.039899,0.037337,0.04011,0.034529,0.041063,0.033043,0.044344
61,100,0.058568,0.149703,0.302373,0.059311,0.069373,0.095471,0.070558,0.094497,0.070921,0.097747,0.072841,0.096188,0.067665,0.094282,0.066029,0.09225
81,100,0.072206,0.260276,0.747107,0.104604,0.11656,0.169382,0.119768,0.17012,0.118417,0.162717,0.121942,0.162664,0.117303,0.168933,0.118852,0.168643
101,100,0.099205,0.403591,0.913615,0.165621,0.170666,0.26288,0.179086,0.262403,0.177931,0.25499,0.179626,0.261938,0.167847,0.261888,0.177,0.262311
1,100,0.033364,0.000381,0.006758,0.000277,0.007869,0.00218,0.008036,0.001279,0.007999,0.000334,0.006118,0.000256,0.005912,0.001751,0.005846,0.001092
21,100,0.498454,0.050855,0.023764,0.007221,0.00953,0.009689,0.009203,0.008279,0.009167,0.007213,0.009849,0.007223,0.009507,0.009254,0.009321,0.008529
41,100,0.684098,0.210356,0.056464,0.026293,0.021886,0.029578,0.021794,0.02805,0.020858,0.026228,0.022098,0.026322,0.021933,0.029259,0.02082,0.027663
61,100,0.620741,0.449843,0.113781,0.058987,0.04419,0.062852,0.043682,0.062862,0.04356,0.059483,0.043326,0.059512,0.04193,0.063344,0.042975,0.062931
81,100,0.712791,0.794346,0.247308,0.105672,0.072688,0.112875,0.073109,0.109504,0.072966,0.104353,0.073839,0.105837,0.073084,0.113052,0.073061,0.111171
101,100,0.793902,1.21119,0.299628,0.16596,0.107765,0.176995,0.107625,0.171619,0.10565,0.162239,0.106889,0.163916,0.107689,0.174213,0.106222,0.172754
1,100,0.015483,0.000254,0.0064,0.000273,0.005348,0.001817,0.005417,0.001067,0.005414,0.000235,0.006161,0.000247,0.005408,0.001961,0.005414,0.001194
21,100,0.418964,0.047021,0.021099,0.007444,0.009579,0.009173,0.009567,0.00816,0.009242,0.007327,0.010094,0.007223,0.009417,0.009189,0.009166,0.00824
41,100,0.410966,0.172061,0.061997,0.026349,0.021359,0.02958,0.02257,0.028311,0.02164,0.028169,0.022242,0.026848,0.021647,0.029376,0.021806,0.028432
61,100,0.45024,0.390402,0.132142,0.059159,0.04363,0.063682,0.043503,0.062134,0.04352,0.064241,0.044726,0.058597,0.043324,0.067557,0.043049,0.062335
81,100,0.501595,0.688083,0.190444,0.105492,0.075409,0.10819,0.072493,0.111862,0.072694,0.105712,0.073316,0.105681,0.073253,0.111304,0.073227,0.110364
101,100,0.786871,1.21133,0.261032,0.166066,0.106491,0.172761,0.107401,0.171386,0.107052,0.163,0.106949,0.163726,0.107014,0.17241,0.106184,0.171159
1,100,0.006802,0.000183,0.005004,0.000183,0.003086,0.000925,0.003107,0.000564,0.003087,0.000152,0.003954,0.000158,0.003123,0.001019,0.003094,0.000642
21,100,0.007033,0.007265,0.072444,0.007281,0.008503,0.008166,0.008176,0.007622,0.008092,0.007224,0.008837,0.007199,0.008127,0.008349,0.008372,0.007816
41,100,0.008511,0.026496,0.173162,0.026335,0.020486,0.027906,0.020874,0.027307,0.020747,0.026197,0.021313,0.026324,0.020424,0.027729,0.019821,0.0271
61,100,0.011696,0.059417,0.297981,0.058285,0.043616,0.062867,0.04232,0.061744,0.041779,0.059966,0.042235,0.058172,0.042801,0.061689,0.043274,0.061506
81,100,0.016583,0.105483,0.647845,0.104582,0.071213,0.110623,0.071954,0.109156,0.071162,0.105892,0.072865,0.100461,0.071135,0.109846,0.07261,0.107
101,100,0.020959,0.160563,0.93159,0.165227,0.106569,0.170407,0.104692,0.17033,0.106908,0.166254,0.106737,0.165948,0.112032,0.167306,0.106203,0.170185
1,100,0.025449,0.000377,0.004754,0.000179,0.0072,0.000649,0.007608,0.00049,0.008538,0.000331,0.007224,0.000237,0.006518,0.00067,0.006506,0.000477
21,100,0.152353,0.033561,0.027005,0.007238,0.009544,0.009539,0.009758,0.008139,0.009503,0.007226,0.010188,0.007214,0.009231,0.009559,0.009168,0.008254
41,100,0.171386,0.119344,0.07579,0.026433,0.022137,0.030519,0.021772,0.027767,0.022214,0.026315,0.022502,0.026366,0.021341,0.028473,0.021779,0.027463
61,100,0.257924,0.301242,0.142966,0.059569,0.044757,0.061942,0.043695,0.063365,0.042262,0.058544,0.044185,0.05955,0.042986,0.063059,0.043003,0.062741
81,100,0.2213,0.474957,0.279254,0.105332,0.072901,0.111001,0.072476,0.110437,0.073421,0.105032,0.073218,0.106198,0.072443,0.1109,0.072717,0.111445
101,100,0.259753,0.728122,0.665572,0.165855,0.108351,0.172192,0.107874,0.171994,0.107366,0.165522,0.108146,0.166425,0.109001,0.187169,0.10902,0.169141
1,100,0.026322,0.000385,0.004468,0.000179,0.008535,0.002035,0.00852,0.001216,0.008592,0.000317,0.007493,0.000242,0.008509,0.0022,0.008514,0.001375
21,100,0.72604,0.062612,0.025617,0.007221,0.009657,0.009496,0.009369,0.008517,0.009086,0.007454,0.010115,0.007339,0.009367,0.009535,0.009237,0.008227
41,100,0.6584,0.211092,0.091365,0.026464,0.022107,0.030391,0.021836,0.028114,0.021244,0.026409,0.022386,0.026822,0.021275,0.029783,0.021305,0.028373
61,100,0.729015,0.484697,0.199332,0.059159,0.045283,0.065644,0.046069,0.061014,0.04364,0.059837,0.044933,0.060277,0.043272,0.064338,0.043172,0.063069
81,100,0.875081,0.901881,0.265133,0.103197,0.072713,0.113341,0.072809,0.112439,0.072431,0.104767,0.0725,0.105918,0.075051,0.109881,0.072582,0.110048
101,100,0.866043,1.29432,0.331054,0.164205,0.107645,0.174607,0.106279,0.172482,0.106329,0.162902,0.10729,0.164244,0.108002,0.173988,0.105755,0.172293
1,100,0.016329,0.000262,0.005983,0.000289,0.005104,0.001403,0.005125,0.000858,0.005184,0.000241,0.006177,0.00024,0.00509,0.001536,0.005109,0.000982
21,100,1.00877,0.070691,0.014443,0.007217,0.009603,0.010177,0.00992,0.008598,0.008936,0.007223,0.009908,0.007234,0.008947,0.010009,0.009282,0.00853
41,100,1.18207,0.26516,0.040321,0.027887,0.022005,0.030361,0.022065,0.028473,0.02126,0.026494,0.022644,0.026732,0.021515,0.03035,0.020961,0.028385
61,100,1.2406,0.605833,0.114295,0.058519,0.043692,0.066446,0.044007,0.063578,0.044216,0.058488,0.044879,0.059184,0.043819,0.065215,0.043458,0.062488
81,100,1.84364,1.00655,0.15354,0.105754,0.072265,0.115228,0.072524,0.111733,0.074693,0.103334,0.07323,0.107116,0.072171,0.113947,0.072885,0.111589
101,100,1.25325,1.53779,0.261607,0.164903,0.107716,0.176249,0.106119,0.172441,0.107874,0.167545,0.108647,0.166558,0.107999,0.178188,0.106606,0.172068
1,100,0.014451,0.000264,0.003495,0.000189,0.003448,0.000977,0.003369,0.000561,0.003393,0.000162,0.003445,0.000161,0.003473,0.001014,0.003389,0.000597
21,100,0.063693,0.022092,0.044183,0.007622,0.009245,0.008713,0.009214,0.008054,0.00861,0.007557,0.009748,0.007037,0.008688,0.008433,0.008571,0.007922
41,100,0.069668,0.078735,0.174336,0.02687,0.0212,0.028299,0.021468,0.027539,0.020562,0.026893,0.022575,0.026685,0.022049,0.02749,0.020652,0.027404
61,100,0.042062,0.120639,0.25813,0.05928,0.044711,0.061353,0.041985,0.061309,0.042384,0.059867,0.04367,0.05964,0.042737,0.062945,0.043005,0.061419
81,100,0.057225,0.211389,0.597893,0.10728,0.07249,0.111604,0.074906,0.108157,0.071871,0.10613,0.071883,0.105832,0.074643,0.107908,0.073936,0.108454
101,100,0.100416,0.404788,0.702779,0.165928,0.106318,0.171332,0.106445,0.171608,0.105926,0.164039,0.107113,0.163335,0.106667,0.172423,0.106668,0.171461
1,100,0.017311,0.000276,0.006172,0.000274,0.005458,0.001395,0.005388,0.000856,0.005428,0.000242,0.006194,0.000237,0.005438,0.001538,0.005522,0.001
21,100,0.838641,0.066235,0.01711,0.00718,0.009669,0.010007,0.008864,0.008523,0.008999,0.007217,0.009874,0.007212,0.009231,0.009954,0.009153,0.009315
41,100,0.908623,0.237901,0.045382,0.02621,0.021617,0.030601,0.022198,0.02813,0.021919,0.026728,0.022266,0.026489,0.021302,0.030195,0.021735,0.028644
61,100,0.914865,0.545618,0.119761,0.059751,0.044854,0.065845,0.044246,0.063889,0.043986,0.060626,0.044679,0.059475,0.043756,0.064983,0.043632,0.062823
81,100,0.992454,0.953704,0.219162,0.105623,0.073019,0.113979,0.072859,0.111884,0.07235,0.105576,0.073309,0.106005,0.071898,0.114126,0.071893,0.111453
101,100,1.08825,1.45839,0.285349,0.165396,0.106987,0.175133,0.108644,0.170292,0.1095,0.161517,0.107435,0.162713,0.106921,0.17547,0.106908,0.172
1,100,0.015422,0.000258,0.003054,0.000178,0.002976,0.001078,0.002934,0.000655,0.002984,0.000152,0.002981,0.000152,0.002945,0.001138,0.002945,0.000705
21,100,0.042122,0.018054,0.065499,0.007285,0.012756,0.013006,0.013018,0.011743,0.013181,0.011476,0.015433,0.011128,0.013336,0.012657,0.013365,0.01207
41,100,0.046755,0.066166,0.17656,0.026513,0.03289,0.042975,0.032591,0.042052,0.033171,0.040525,0.035055,0.040599,0.033402,0.042161,0.0322,0.041867
61,100,0.039261,0.120033,0.305681,0.059096,0.067609,0.094738,0.071311,0.097207,0.067722,0.095779,0.070043,0.092461,0.068242,0.095009,0.068015,0.099594
81,100,0.077013,0.264739,0.732721,0.105923,0.115547,0.170574,0.116821,0.168897,0.119188,0.159186,0.119727,0.164745,0.116934,0.170053,0.119951,0.167304
101,100,0.099274,0.404449,0.937639,0.164053,0.168157,0.262048,0.177888,0.25941,0.178145,0.253591,0.176777,0.254065,0.172152,0.26306,0.179794,0.256538
1,100,0.033765,0.000351,0.004615,0.000176,0.007501,0.000399,0.007256,0.000335,0.007461,0.000231,0.004545,0.000154,0.004506,0.000301,0.00457,0.000237
21,100,0.041313,0.01869,0.036721,0.007269,0.009675,0.009508,0.009835,0.008283,0.009437,0.00704,0.010054,0.007221,0.009486,0.009314,0.009506,0.0082
41,100,0.047003,0.066494,0.10681,0.026657,0.022543,0.028947,0.021604,0.029947,0.021443,0.02644,0.022061,0.026248,0.020546,0.028136,0.020624,0.02734
61,100,0.058745,0.145657,0.180235,0.059781,0.04471,0.063265,0.044388,0.062346,0.044074,0.059375,0.044716,0.060881,0.043953,0.062804,0.044337,0.061503
81,100,0.078332,0.263684,0.433428,0.105503,0.073086,0.11245,0.073079,0.11023,0.075723,0.103148,0.073791,0.104457,0.073834,0.111016,0.073188,0.110635
101,100,0.098822,0.403081,0.613011,0.165595,0.106545,0.172124,0.108021,0.171827,0.106153,0.163825,0.107805,0.164349,0.10528,0.172418,0.108485,0.171304
1,100,0.014111,0.000252,0.003472,0.000186,0.003384,0.000968,0.003389,0.000584,0.003403,0.000151,0.00338,0.000152,0.003355,0.001097,0.00337,0.000654
21,100,0.073675,0.02162,0.044611,0.007284,0.008544,0.008124,0.008474,0.008184,0.008592,0.007212,0.009472,0.007249,0.008624,0.008223,0.008461,0.007908
41,100,0.075038,0.078833,0.193607,0.027174,0.020807,0.027858,0.020169,0.026947,0.021429,0.026459,0.021713,0.026433,0.020879,0.027655,0.020677,0.027031
61,100,0.08717,0.1791,0.288856,0.060123,0.042293,0.063169,0.042996,0.062431,0.043416,0.058321,0.044182,0.05851,0.041636,0.061599,0.042548,0.061967
81,100,0.112026,0.316906,0.560949,0.104926,0.071553,0.110707,0.073297,0.109484,0.071612,0.105136,0.076045,0.102965,0.071238,0.111159,0.071592,0.108516
101,100,0.136124,0.484549,1.01451,0.168697,0.108557,0.169543,0.105654,0.170598,0.105912,0.162878,0.106018,0.162946,0.1068,0.171866,0.106483,0.170009
1,100,0.00726,0.000177,0.004783,0.000179,0.005947,0.001174,0.003384,0.000669,0.003417,0.000154,0.00443,0.000153,0.003401,0.001244,0.003342,0.000768
21,100,0.092725,0.025645,0.053719,0.00745,0.009074,0.008154,0.008891,0.007571,0.008505,0.00717,0.009478,0.007203,0.008545,0.008308,0.008661,0.007832
41,100,0.069979,0.078374,0.189166,0.026478,0.021787,0.027169,0.021202,0.027276,0.020854,0.026535,0.021694,0.02654,0.021214,0.028874,0.020805,0.028161
61,100,0.023749,0.0907,0.283413,0.058998,0.043942,0.05976,0.043114,0.061053,0.042774,0.059758,0.044696,0.057273,0.042005,0.061634,0.043566,0.061234
81,100,0.033345,0.158131,0.657722,0.105888,0.07213,0.110398,0.073588,0.108966,0.072173,0.10581,0.072904,0.105877,0.071904,0.110554,0.071585,0.110272
101,100,0.041765,0.241523,1.18744,0.172403,0.107095,0.171854,0.107134,0.171036,0.109458,0.159395,0.106816,0.163608,0.105786,0.170629,0.106669,0.169326
1,100,0.006489,0.000185,0.004631,0.000182,0.003099,0.000993,0.003137,0.002941,0.003131,0.000155,0.003852,0.000156,0.003143,0.001065,0.003132,0.000672
21,100,0.00671,0.007166,0.088898,0.00732,0.008351,0.008281,0.008307,0.007713,0.00834,0.007567,0.009423,0.00735,0.008576,0.008277,0.008855,0.008156
41,100,0.008667,0.027601,0.187642,0.028501,0.02282,0.029705,0.02159,0.031219,0.021183,0.026603,0.023319,0.027789,0.021604,0.028807,0.021591,0.02913
61,100,0.011961,0.060884,0.314809,0.061206,0.04382,0.063865,0.044248,0.064052,0.044346,0.061108,0.044316,0.061048,0.044194,0.064249,0.044208,0.063021
81,100,0.016629,0.107391,0.829669,0.108998,0.074616,0.113354,0.072838,0.113435,0.072645,0.108658,0.074732,0.108072,0.074157,0.113583,0.072681,0.112833
101,100,0.021644,0.164126,0.950695,0.177725,0.108104,0.174453,0.113409,0.168301,0.108697,0.167421,0.108931,0.166895,0.108049,0.173914,0.112461,0.170134
1,100,0.015785,0.000249,0.00602,0.000285,0.005142,0.001329,0.005874,0.0008,0.005142,0.000232,0.007551,0.000228,0.005214,0.001481,0.005185,0.000925
21,100,0.250809,0.040635,0.036197,0.007276,0.009758,0.00999,0.009315,0.008905,0.008959,0.007398,0.010356,0.007262,0.009291,0.009623,0.009117,0.008471
41,100,0.321097,0.161856,0.126663,0.026782,0.02272,0.030378,0.022158,0.028948,0.021655,0.027132,0.023149,0.027275,0.022725,0.030285,0.021739,0.028808
61,100,0.310248,0.341079,0.210946,0.061045,0.044093,0.064381,0.045774,0.063756,0.043951,0.061368,0.046303,0.060927,0.045191,0.070201,0.044995,0.064692
81,100,0.475416,0.699236,0.267986,0.103321,0.073599,0.115444,0.074244,0.113486,0.074673,0.107958,0.075496,0.108524,0.073763,0.11492,0.074576,0.11356
101,100,0.543878,1.07159,0.597126,0.176157,0.114086,0.181553,0.114729,0.170174,0.110296,0.164662,0.109679,0.167373,0.109133,0.176976,0.108439,0.1758
1,100,0.016371,0.00027,0.005777,0.000275,0.005549,0.00065,0.005803,0.000457,0.005521,0.000244,0.005864,0.000235,0.005602,0.000703,0.005546,0.000497
21,100,0.228039,0.037151,0.029466,0.007267,0.009841,0.009745,0.009239,0.009119,0.009023,0.00735,0.009842,0.007493,0.008982,0.009554,0.009081,0.008508
41,100,0.239407,0.137801,0.09453,0.027088,0.022816,0.029528,0.021643,0.028549,0.021442,0.027077,0.02336,0.027206,0.021046,0.03017,0.022583,0.0282
61,100,0.277258,0.313745,0.214641,0.06053,0.045985,0.065604,0.046413,0.06479,0.044198,0.061955,0.046186,0.061124,0.044948,0.065044,0.044396,0.064858
81,100,0.299368,0.538878,0.259925,0.108936,0.074209,0.115486,0.073735,0.113547,0.073836,0.108832,0.074163,0.108792,0.074074,0.115426,0.074437,0.114248
101,100,0.352371,0.822857,0.597996,0.167131,0.113039,0.171835,0.10847,0.175361,0.111897,0.163865,0.109271,0.166269,0.109397,0.177501,0.108781,0.174942
1,100,0.007497,0.000184,0.005008,0.000179,0.003708,0.001727,0.003501,0.000925,0.003427,0.000159,0.004447,0.000153,0.003408,0.00178,0.003356,0.001042
21,100,0.047108,0.018534,0.046062,0.007225,0.009314,0.008482,0.009494,0.007962,0.008804,0.007088,0.009879,0.007153,0.008711,0.008678,0.008939,0.007832
41,100,0.031029,0.054295,0.205143,0.026884,0.022391,0.028391,0.023485,0.02834,0.02191,0.027411,0.022607,0.026464,0.020184,0.028302,0.021106,0.027693
61,100,0.086385,0.178009,0.298756,0.058036,0.043065,0.061016,0.043712,0.062706,0.042942,0.059423,0.044206,0.060103,0.045034,0.065232,0.044385,0.064241
81,100,0.084271,0.273442,0.598159,0.10709,0.075471,0.113912,0.074553,0.112995,0.073992,0.108971,0.075389,0.108157,0.073526,0.113115,0.074594,0.111726
101,100,0.177928,0.574328,0.668569,0.17459,0.108753,0.17529,0.109214,0.173359,0.114694,0.158262,0.108491,0.167461,0.108888,0.174478,0.1084,0.172532
1,100,0.030302,0.000381,0.006324,0.000273,0.007425,0.004517,0.007407,0.001182,0.007402,0.000322,0.006027,0.000235,0.007401,0.002069,0.007344,0.001315
21,100,1.01366,0.067426,0.013304,0.007203,0.010252,0.010212,0.0097,0.009368,0.009249,0.00732,0.010112,0.007544,0.009463,0.010113,0.009537,0.008691
41,100,1.17251,0.259422,0.039287,0.027097,0.022565,0.031433,0.023101,0.029015,0.022131,0.027184,0.023449,0.027084,0.021755,0.031069,0.022259,0.029368
61,100,1.25547,0.590395,0.080124,0.061562,0.044627,0.067893,0.044912,0.064809,0.044958,0.061502,0.046344,0.061027,0.045335,0.067079,0.044657,0.065039
81,100,1.16684,0.971373,0.149974,0.107123,0.074706,0.117483,0.075229,0.114447,0.07306,0.106539,0.073419,0.106581,0.073188,0.11341,0.072402,0.111873
101,100,1.76092,1.56672,0.193957,0.177749,0.109978,0.178989,0.107513,0.174552,0.114013,0.161273,0.110249,0.167391,0.108535,0.178677,0.108316,0.176179
1,100,0.007474,0.000175,0.005117,0.000182,0.003574,0.001019,0.003482,0.004161,0.003452,0.00015,0.004657,0.000163,0.003428,0.001098,0.00345,0.00068
21,100,0.007436,0.007303,0.051192,0.007619,0.009125,0.008165,0.008973,0.007841,0.008724,0.007404,0.00976,0.007372,0.008717,0.008495,0.008877,0.007905
41,100,0.008876,0.026998,0.193675,0.02721,0.021513,0.028954,0.021407,0.028012,0.020595,0.027188,0.023893,0.027407,0.021667,0.028368,0.021867,0.028272
61,100,0.012643,0.061535,0.276471,0.061679,0.04554,0.062227,0.044855,0.068198,0.044301,0.060445,0.046037,0.061291,0.045115,0.063899,0.045538,0.062208
81,100,0.016914,0.107336,0.517228,0.108738,0.073864,0.112799,0.073556,0.111935,0.075006,0.106354,0.075192,0.107612,0.076723,0.108932,0.074647,0.111642
101,100,0.021618,0.164444,0.927489,0.176645,0.108013,0.175303,0.111714,0.168949,0.107299,0.165371,0.108229,0.166752,0.112412,0.169284,0.108497,0.174078
1,100,0.007549,0.000177,0.005033,0.000191,0.003153,0.001004,0.003016,0.000618,0.003019,0.000166,0.0038,0.000161,0.003045,0.001114,0.003071,0.00068
21,100,0.006046,0.007774,0.072652,0.007277,0.008232,0.00891,0.008416,0.007795,0.008469,0.007076,0.008925,0.007484,0.008215,0.0083,0.008204,0.007961
41,100,0.008116,0.027225,0.193721,0.026693,0.02139,0.02891,0.020503,0.027809,0.021136,0.02731,0.021875,0.027361,0.020593,0.028005,0.020646,0.027861
61,100,0.011326,0.061278,0.308832,0.060014,0.042141,0.062134,0.042685,0.061789,0.042749,0.059362,0.043141,0.060234,0.042471,0.062184,0.042927,0.060919
81,100,0.01553,0.105786,0.728219,0.108321,0.073724,0.115012,0.073088,0.113751,0.075391,0.106475,0.073985,0.108608,0.073142,0.112854,0.073811,0.112834
101,100,0.021271,0.164029,2.32891,0.160299,0.108592,0.174408,0.107955,0.173718,0.107492,0.167037,0.108675,0.167099,0.113035,0.167739,0.107246,0.17326
1,100,0.007051,0.000164,0.004841,0.00018,0.003462,0.001025,0.003367,0.000615,0.003442,0.000155,0.004299,0.000153,0.003446,0.001127,0.003384,0.000681
21,100,0.028086,0.014551,0.081857,0.007281,0.028875,0.022432,0.028905,0.021104,0.019619,0.015657,0.0175,0.011451,0.027554,0.021691,0.026985,0.021265
41,100,0.032642,0.054124,0.208892,0.02685,0.06363,0.074556,0.064323,0.074016,0.051213,0.053934,0.038943,0.041207,0.063265,0.075731,0.064692,0.071417
61,100,0.042057,0.124198,0.36058,0.060624,0.100031,0.132924,0.100349,0.132207,0.098811,0.127692,0.075603,0.092862,0.098425,0.133836,0.099696,0.131709
81,100,0.112708,0.321922,0.865792,0.108313,0.211965,0.297971,0.309003,0.42006,0.254417,0.338542,0.119633,0.16307,0.208688,0.288259,0.220855,0.295199
101,100,0.218112,0.65634,1.0867,0.166584,0.517532,0.735719,0.521034,0.745285,0.518567,0.701588,0.181672,0.257439,0.518697,0.741494,0.513128,0.733128
1,100,0.009508,0.000195,0.004743,0.000183,0.003225,0.001112,0.003331,0.000657,0.003155,0.000153,0.003934,0.000168,0.003171,0.001196,0.003214,0.000747
21,100,0.007209,0.007264,0.071264,0.007223,0.008759,0.008295,0.008538,0.007959,0.008381,0.00784,0.009069,0.007443,0.008459,0.009108,0.008645,0.007784
41,100,0.008473,0.026788,0.180502,0.027228,0.021445,0.028641,0.021456,0.028502,0.021577,0.027378,0.021533,0.027134,0.02115,0.028599,0.021227,0.028002
61,100,0.012147,0.061676,0.375436,0.060273,0.045991,0.063461,0.04617,0.065788,0.045082,0.060633,0.043987,0.061128,0.043459,0.06436,0.042949,0.06291
81,100,0.017275,0.106448,0.634581,0.110574,0.075425,0.114929,0.075622,0.113616,0.073525,0.109097,0.073901,0.108825,0.073676,0.114434,0.073157,0.11282
101,100,0.021877,0.163793,1.29559,0.16684,0.111894,0.174428,0.110929,0.173686,0.108156,0.166821,0.112143,0.167266,0.110679,0.175194,0.110901,0.173931
1,100,0.015421,0.000285,0.006321,0.000275,0.005094,0.001434,0.005166,0.000884,0.005186,0.000234,0.006221,0.000235,0.005148,0.001585,0.006654,0.00096
21,100,0.497574,0.054985,0.022593,0.007422,0.009867,0.009942,0.009535,0.008412,0.009013,0.007447,0.010395,0.007426,0.009201,0.009812,0.009134,0.008725
41,100,0.51458,0.207776,0.105284,0.02782,0.023597,0.030812,0.023385,0.029426,0.022322,0.027515,0.023365,0.02739,0.023031,0.030087,0.022642,0.028341
61,100,0.761166,0.526175,0.154609,0.060355,0.045166,0.065602,0.045773,0.064951,0.044359,0.061102,0.046012,0.061687,0.045403,0.071048,0.045894,0.062834
81,100,0.637743,0.808938,0.2445,0.108687,0.074679,0.11568,0.074397,0.113654,0.074929,0.108726,0.075932,0.108838,0.075301,0.116391,0.074122,0.114302
101,100,0.781766,1.31525,0.299563,0.163797,0.111032,0.175675,0.115419,0.166704,0.111025,0.163913,0.11143,0.163556,0.113302,0.179903,0.115335,0.18174
1,100,0.029423,0.000368,0.004403,0.000193,0.007559,0.00197,0.00754,0.001193,0.007526,0.000338,0.006981,0.000233,0.007511,0.00208,0.007373,0.001324
21,100,0.937612,0.067804,0.017734,0.007289,0.010229,0.009743,0.009973,0.008613,0.009112,0.007418,0.010264,0.007366,0.009152,0.00998,0.009016,0.008663
41,100,1.07331,0.259337,0.060476,0.027517,0.023388,0.031045,0.022073,0.029436,0.023357,0.026237,0.023997,0.02733,0.021735,0.030651,0.021937,0.029277
61,100,1.09279,0.590722,0.167411,0.060551,0.044845,0.066532,0.045839,0.065376,0.044499,0.061987,0.045669,0.061319,0.045774,0.065962,0.045962,0.064085
81,100,0.924829,0.918165,0.239854,0.108096,0.07606,0.113512,0.074269,0.114706,0.07422,0.108537,0.075185,0.107719,0.074128,0.115821,0.073278,0.114175
101,100,1.16617,1.48217,0.307576,0.166927,0.109827,0.178072,0.109644,0.176788,0.109255,0.167157,0.115046,0.161954,0.110217,0.188582,0.110436,0.175726
1,100,0.016843,0.000251,0.006585,0.000285,0.006081,0.001723,0.006079,0.00106,0.006128,0.00025,0.006467,0.00023,0.006119,0.001862,0.006011,0.001131
21,100,0.608066,0.0561,0.019278,0.007206,0.009645,0.009623,0.009617,0.008489,0.009805,0.007131,0.010081,0.007393,0.009794,0.009328,0.009655,0.008434
41,100,0.619695,0.197659,0.056743,0.026324,0.021727,0.02986,0.022491,0.028157,0.021735,0.026611,0.022009,0.026575,0.021749,0.029405,0.021238,0.028308
61,100,0.579437,0.422803,0.123036,0.058947,0.0444,0.064816,0.043596,0.06397,0.044614,0.061516,0.047596,0.063802,0.049,0.066254,0.045841,0.066141
81,100,0.671967,0.757259,0.186707,0.104962,0.075294,0.11597,0.07466,0.113846,0.074352,0.108522,0.074907,0.10839,0.074715,0.116165,0.076339,0.113934
101,100,0.729912,1.15121,0.272327,0.16581,0.111711,0.186737,0.115028,0.169618,0.113698,0.162398,0.110835,0.167433,0.109652,0.188402,0.108596,0.174749
1,100,0.015351,0.000276,0.003534,0.000185,0.003466,0.001001,0.003488,0.000573,0.00345,0.000151,0.003567,0.000158,0.003478,0.001035,0.003451,0.000613
21,100,0.039402,0.018563,0.056379,0.007638,0.014478,0.01366,0.015249,0.01252,0.014169,0.011747,0.018234,0.012271,0.014476,0.013464,0.014273,0.013063
41,100,0.046916,0.067778,0.178881,0.027134,0.036904,0.043374,0.033987,0.043187,0.034036,0.042549,0.039199,0.041486,0.036176,0.042554,0.035458,0.043495
61,100,0.061797,0.154403,0.34685,0.059001,0.073926,0.10019,0.074273,0.094746,0.070848,0.093962,0.076051,0.092521,0.071746,0.097016,0.072514,0.098286
81,100,0.075978,0.269357,0.707084,0.108925,0.115685,0.17451,0.114912,0.173307,0.115282,0.165079,0.116919,0.167025,0.107223,0.184273,0.111847,0.172102
101,100,0.09285,0.404194,0.627665,0.1645,0.177943,0.272431,0.179767,0.266337,0.184377,0.249799,0.1824,0.269892,0.177522,0.26341,0.176278,0.267386
1,100,0.009024,0.000201,0.005059,0.00018,0.003235,0.003002,0.003228,0.000658,0.003182,0.00015,0.004471,0.000151,0.00317,0.001205,0.003107,0.000731
21,100,0.013863,0.011249,0.068776,0.007325,0.013443,0.013721,0.013912,0.012412,0.013391,0.012057,0.016269,0.011464,0.013787,0.012726,0.013687,0.012177
41,100,0.017085,0.040239,0.173683,0.027243,0.032466,0.04429,0.033999,0.043191,0.034613,0.043811,0.036639,0.041802,0.034241,0.044249,0.032576,0.043397
61,100,0.01928,0.097132,0.29791,0.061398,0.070263,0.09744,0.071609,0.095818,0.070139,0.093945,0.07447,0.094624,0.073277,0.096357,0.069875,0.099151
81,100,0.033797,0.160998,0.724116,0.107172,0.114039,0.173903,0.113104,0.173615,0.118155,0.175124,0.119778,0.163555,0.11276,0.172104,0.117985,0.173954
101,100,0.043136,0.245903,1.36591,0.166461,0.17396,0.267988,0.178777,0.267564,0.177602,0.256801,0.182412,0.253264,0.176706,0.255428,0.174316,0.261503
1,100,0.019305,0.000267,0.003487,0.000187,0.003434,0.001134,0.003421,0.000652,0.003496,0.000154,0.0035,0.000158,0.003454,0.001232,0.003497,0.000736
21,100,0.016097,0.010876,0.05901,0.007238,0.008614,0.008506,0.008853,0.007581,0.00848,0.007214,0.009802,0.007221,0.008664,0.008739,0.008567,0.007803
41,100,0.016434,0.039102,0.178447,0.026282,0.021156,0.028348,0.021118,0.027429,0.020893,0.02643,0.022133,0.026422,0.020651,0.027913,0.021141,0.027414
61,100,0.023396,0.092003,0.294432,0.06343,0.046976,0.065344,0.045017,0.065267,0.045046,0.061398,0.045865,0.061551,0.043638,0.064209,0.044984,0.063237
81,100,0.035489,0.161168,0.73452,0.116602,0.073559,0.114082,0.074178,0.120215,0.0744,0.106733,0.074047,0.108708,0.072733,0.112433,0.075276,0.112699
101,100,0.044613,0.2462,0.835242,0.167288,0.109544,0.173686,0.108151,0.174223,0.108052,0.167469,0.110106,0.166753,0.107826,0.173508,0.10779,0.173545
1,100,0.015986,0.000245,0.003076,0.000175,0.002984,0.001414,0.002903,0.000798,0.00304,0.000151,0.003001,0.000152,0.003016,0.001525,0.002938,0.000866
21,100,0.115821,0.029295,0.072439,0.007022,0.013633,0.013125,0.014276,0.01203,0.013268,0.01127,0.016042,0.011625,0.013451,0.01309,0.013091,0.0131
41,100,0.219931,0.135878,0.180332,0.026805,0.03254,0.04422,0.034041,0.045132,0.033369,0.043666,0.03784,0.041878,0.034069,0.043872,0.034507,0.042866
61,100,0.157092,0.24752,0.292186,0.061546,0.071282,0.099137,0.072888,0.097596,0.071479,0.095342,0.073844,0.095007,0.07097,0.099453,0.071231,0.097096
81,100,0.185736,0.431029,0.588334,0.109174,0.118486,0.175571,0.119943,0.171512,0.413061,0.584792,0.118298,0.164765,0.118632,0.172964,0.12344,0.177969
101,100,0.086166,0.424608,0.906481,0.166888,0.585148,0.848535,0.575454,0.837627,0.577486,0.805119,0.175481,0.269016,0.573223,0.835619,0.571873,0.839563
1,100,0.031156,0.000359,0.006132,0.000274,0.006774,0.004274,0.007528,0.001189,0.006863,0.000318,0.005857,0.000241,0.005063,0.001626,0.005075,0.001001
21,100,0.606398,0.055642,0.021412,0.007502,0.009996,0.009467,0.00987,0.008227,0.008983,0.007467,0.010288,0.007229,0.009469,0.009309,0.009162,0.00842
41,100,0.485763,0.192131,0.057677,0.028122,0.022624,0.029919,0.022381,0.028558,0.02294,0.027301,0.023711,0.027012,0.02112,0.029855,0.021459,0.028059
61,100,0.56316,0.421274,0.10802,0.058263,0.043905,0.063882,0.043878,0.062286,0.045875,0.062109,0.049631,0.064091,0.045716,0.066052,0.045553,0.064167
81,100,0.536542,0.700115,0.166995,0.108105,0.074446,0.117322,0.074393,0.113941,0.076013,0.103864,0.074665,0.108873,0.073566,0.115436,0.07432,0.113343
101,100,0.674862,1.15014,0.269529,0.167052,0.108196,0.188213,0.109746,0.175246,0.108648,0.16583,0.109506,0.166872,0.108248,0.177058,0.108735,0.175488
1,100,0.007231,0.000178,0.0049,0.000182,0.003366,0.000951,0.003356,0.00058,0.003349,0.000153,0.004281,0.000152,0.00336,0.00101,0.003319,0.000661
21,100,0.007444,0.00739,0.048017,0.007554,0.008918,0.008526,0.008657,0.008,0.008597,0.00733,0.00976,0.007494,0.008727,0.008444,0.008645,0.007931
41,100,0.008923,0.026981,0.206107,0.027403,0.021532,0.029671,0.021229,0.028519,0.021349,0.027058,0.022467,0.027169,0.021283,0.028679,0.021021,0.027468
61,100,0.013049,0.061378,0.294376,0.061078,0.046474,0.062254,0.044397,0.063329,0.044482,0.061358,0.044683,0.061127,0.043638,0.063104,0.044537,0.061553
81,100,0.018754,0.106987,0.580639,0.108484,0.073052,0.112561,0.074175,0.112326,0.073922,0.108238,0.078276,0.10513,0.073412,0.111919,0.07596,0.108988
101,100,0.022107,0.164147,0.748197,0.167146,0.108424,0.174781,0.107935,0.172757,0.10765,0.165746,0.107282,0.164621,0.111448,0.177973,0.109083,0.173231
1,100,0.027708,0.000348,0.004291,0.000178,0.00839,0.002169,0.006388,0.000947,0.008402,0.000322,0.006845,0.000245,0.006441,0.001744,0.006352,0.001099
21,100,0.456579,0.051816,0.028283,0.007386,0.009445,0.009633,0.009456,0.008575,0.00897,0.007347,0.010146,0.007474,0.009199,0.009786,0.009267,0.008609
41,100,0.404769,0.180639,0.14376,0.027065,0.022752,0.030381,0.022092,0.028839,0.02165,0.027446,0.02394,0.027186,0.022361,0.030329,0.022005,0.029015
61,100,0.427093,0.401551,0.220148,0.061431,0.045438,0.065103,0.04557,0.069062,0.046903,0.06067,0.04565,0.061548,0.044527,0.065057,0.045281,0.065025
81,100,0.588184,0.754322,0.275019,0.107957,0.0746,0.115681,0.073371,0.113571,0.074113,0.108127,0.075247,0.109464,0.074671,0.114792,0.071887,0.11115
101,100,0.646703,1.15042,0.529013,0.166395,0.10979,0.178141,0.115289,0.168555,0.113308,0.160694,0.109812,0.167302,0.10832,0.176922,0.10936,0.175599
1,100,0.028824,0.000355,0.004663,0.000177,0.006878,0.001143,0.006948,0.000709,0.009028,0.000319,0.006968,0.00023,0.006672,0.001208,0.006613,0.000768
21,100,0.227409,0.037461,0.046085,0.007336,0.009887,0.009278,0.009873,0.008448,0.009345,0.007259,0.010268,0.007216,0.00952,0.009358,0.00947,0.009099
41,100,0.284866,0.148971,0.137859,0.026522,0.022762,0.029655,0.022186,0.028309,0.022158,0.027219,0.023339,0.027275,0.022066,0.030222,0.02155,0.031022
61,100,0.387201,0.373567,0.232838,0.061395,0.045259,0.067029,0.04609,0.065327,0.045413,0.05939,0.045107,0.060058,0.043704,0.063574,0.043338,0.06171
81,100,0.359873,0.580488,0.317623,0.110398,0.077234,0.117171,0.074497,0.113997,0.075094,0.107706,0.075211,0.109072,0.074397,0.11537,0.074078,0.113447
101,100,0.406446,0.904432,0.572364,0.166611,0.109308,0.176628,0.110573,0.174421,0.109365,0.165507,0.109724,0.166859,0.109232,0.18777,0.109234,0.175148
1,100,0.014131,0.000278,0.003482,0.000185,0.003455,0.001423,0.003432,0.000795,0.00344,0.000152,0.003469,0.00016,0.003428,0.001517,0.003465,0.00088
21,100,0.041708,0.018419,0.059338,0.007569,0.015133,0.013037,0.014548,0.012259,0.013895,0.011287,0.017801,0.011834,0.014343,0.013903,0.014876,0.012184
41,100,0.046659,0.066713,0.202789,0.027191,0.031988,0.046339,0.034866,0.043973,0.034102,0.042079,0.037523,0.043472,0.036472,0.043578,0.036498,0.043147
61,100,0.062028,0.15349,0.305749,0.061207,0.073274,0.098352,0.07138,0.097547,0.072664,0.093398,0.074891,0.093975,0.071126,0.099362,0.072336,0.097729
81,100,0.080491,0.268459,0.787955,0.107906,0.113385,0.182406,0.114552,0.17413,0.119498,0.167473,0.123362,0.168461,0.112748,0.182275,0.118694,0.173855
101,100,0.1006,0.411236,1.56722,0.164215,0.17118,0.264186,0.174466,0.276363,0.173907,0.250775,0.182484,0.251475,0.18272,0.263024,0.176962,0.268486
1,100,0.018004,0.000254,0.003504,0.000184,0.003406,0.000971,0.003381,0.000572,0.003415,0.000169,0.003459,0.000155,0.003398,0.001023,0.003441,0.000655
21,100,0.02908,0.014675,0.078693,0.007309,0.026756,0.021454,0.025911,0.020638,0.026544,0.019247,0.01838,0.011168,0.02654,0.022012,0.026828,0.020963
41,100,0.031998,0.054101,0.192773,0.02785,0.064185,0.074278,0.064602,0.073552,0.063727,0.070142,0.038406,0.042244,0.063633,0.072743,0.063382,0.075406
61,100,0.043303,0.123319,0.339834,0.061602,0.128863,0.167091,0.130046,0.164769,0.128658,0.159778,0.074001,0.093178,0.126703,0.166506,0.128822,0.169255
81,100,0.19138,0.430454,0.82808,0.108689,0.164539,0.236038,0.168799,0.230331,0.165884,0.224773,0.127077,0.164126,0.165024,0.235937,0.165893,0.23421
101,100,0.287382,0.74041,1.22866,0.16644,0.244772,0.358972,0.241554,0.365766,0.240745,0.339516,0.181418,0.256206,0.247316,0.356027,0.246512,0.353969
1,100,0.009772,0.000183,0.005119,0.000189,0.003442,0.00165,0.005936,0.000903,0.007534,0.000158,0.004518,0.000167,0.003476,0.001685,0.003501,0.00099
21,100,0.014671,0.01119,0.06433,0.007045,0.01507,0.013294,0.016477,0.012036,0.014452,0.011447,0.017714,0.011498,0.014512,0.01415,0.014866,0.012298
41,100,0.017502,0.040515,0.195384,0.029046,0.036854,0.044164,0.036968,0.04321,0.034848,0.041976,0.038079,0.041283,0.035921,0.042686,0.036167,0.043042
61,100,0.024615,0.092117,0.292762,0.061138,0.073004,0.099559,0.07365,0.096679,0.073165,0.095435,0.074878,0.093531,0.073095,0.097007,0.073026,0.098342
81,100,0.03446,0.161645,0.878361,0.109682,0.119052,0.175212,0.121667,0.173504,0.121619,0.166513,0.121782,0.167397,0.117652,0.185364,0.120595,0.170337
101,100,0.045258,0.247028,0.872583,0.17085,0.176385,0.268166,0.178828,0.280537,0.183055,0.260863,0.185371,0.262624,0.18583,0.267614,0.174913,0.268058
1,100,0.020511,0.000257,0.006419,0.000275,0.005718,0.004663,0.005759,0.000863,0.005771,0.000243,0.006284,0.000246,0.005785,0.001486,0.00573,0.000957
21,100,0.399197,0.048477,0.023551,0.006977,0.010004,0.009533,0.00988,0.008402,0.009165,0.00723,0.010363,0.007227,0.009287,0.009726,0.009452,0.008439
41,100,0.397705,0.172337,0.101601,0.027298,0.022531,0.029919,0.022785,0.028724,0.022043,0.026646,0.023503,0.026679,0.022047,0.0302,0.022793,0.029594
61,100,0.445266,0.405125,0.192103,0.061596,0.045898,0.066992,0.045867,0.064867,0.044434,0.06158,0.046271,0.061474,0.04497,0.066997,0.044938,0.064619
81,100,0.652858,0.809244,0.295906,0.107908,0.074645,0.116074,0.074451,0.114636,0.075624,0.108984,0.075421,0.109689,0.074231,0.115563,0.075965,0.110286
101,100,0.545287,1.06951,0.353774,0.178492,0.110814,0.179476,0.110933,0.175127,0.109713,0.166042,0.110943,0.167532,0.108537,0.178432,0.111552,0.173753
1,100,0.017526,0.000272,0.006539,0.000276,0.005401,0.0015,0.005471,0.000899,0.005422,0.000235,0.006328,0.000236,0.005382,0.001614,0.005444,0.001028
21,100,0.631089,0.055797,0.018462,0.00736,0.010044,0.009861,0.009744,0.008754,0.009479,0.007889,0.010439,0.007187,0.00989,0.00964,0.009647,0.009002
41,100,0.696386,0.217405,0.05074,0.027518,0.023365,0.030293,0.022862,0.029035,0.022222,0.027007,0.023543,0.027301,0.022788,0.030829,0.022232,0.028851
61,100,0.764147,0.49532,0.159799,0.05993,0.043912,0.065769,0.046093,0.06502,0.045042,0.061077,0.046125,0.060756,0.046366,0.066693,0.045069,0.065092
81,100,0.654642,0.796889,0.167297,0.102513,0.07353,0.115285,0.073304,0.113482,0.073803,0.110827,0.078976,0.104686,0.074056,0.116155,0.074723,0.114296
101,100,0.838568,1.31716,0.307926,0.167356,0.10969,0.178507,0.109996,0.175861,0.11099,0.164594,0.109806,0.167954,0.114255,0.172555,0.1095,0.17598
1,100,0.014649,0.000263,0.003236,0.000179,0.003219,0.000974,0.003101,0.000585,0.003169,0.00015,0.003205,0.000151,0.003167,0.001096,0.003157,0.00068
21,100,0.029545,0.014813,0.083523,0.007307,0.013703,0.013445,0.01349,0.012019,0.013743,0.011264,0.015966,0.011441,0.013738,0.012965,0.01301,0.012245
41,100,0.033652,0.053773,0.205316,0.027246,0.03507,0.042979,0.033111,0.043326,0.034255,0.042142,0.036294,0.042471,0.03492,0.042938,0.03339,0.042131
61,100,0.043502,0.1243,0.292197,0.060106,0.073134,0.100201,0.073467,0.095821,0.071015,0.095548,0.073534,0.094101,0.072106,0.096995,0.071838,0.097592
81,100,0.054676,0.214726,0.61076,0.108409,0.118071,0.175059,0.118414,0.172279,0.118899,0.16689,0.120559,0.167607,0.121369,0.171205,0.117601,0.173752
101,100,0.072715,0.329209,1.01291,0.167166,0.177088,0.262473,0.175352,0.262166,0.173838,0.25204,0.175882,0.252834,0.174919,0.264917,0.176367,0.266488
