BA,1,100,4,0.032255,0.031824,0.000279
KCU,1,100,3,0.009429,0.008892,0.000261
BA,21,100,11,0.308399,0.27859,0.029291
KCU,21,100,1,0.017663,0.007769,0.005401
BA,41,100,13,0.534061,0.39763,0.135709
KCU,41,100,1,0.072818,0.021842,0.02641
BA,61,100,11,0.645636,0.312405,0.332502
KCU,61,100,1,0.169468,0.043775,0.060461
BA,81,100,13,1.20689,0.517013,0.688967
KCU,81,100,1,0.294156,0.073279,0.106136
BA,101,100,12,1.44798,0.478669,0.968454
KCU,101,100,1,0.446896,0.10558,0.164503
BA,1,100,4,0.029275,0.028757,0.000375
KCU,1,100,3,0.009523,0.008872,0.000313
BA,21,100,13,0.434846,0.386929,0.047284
KCU,21,100,1,0.022882,0.008725,0.007542
BA,41,100,12,0.470997,0.311626,0.158725
KCU,41,100,1,0.072764,0.021605,0.026572
BA,61,100,12,0.710585,0.347845,0.361927
KCU,61,100,1,0.158705,0.04286,0.059936
BA,81,100,12,1.04153,0.407049,0.633291
KCU,81,100,1,0.291829,0.073198,0.10557
BA,101,100,13,1.59104,0.542131,1.04798
KCU,101,100,1,0.459769,0.106633,0.176803
BA,1,100,3,0.016137,0.015772,0.000268
KCU,1,100,1,0.003723,0.003425,0.000161
BA,21,100,6,0.091918,0.069916,0.021768
KCU,21,100,1,0.022067,0.008418,0.00745
BA,41,100,6,0.154873,0.075486,0.07908
KCU,41,100,1,0.071851,0.020742,0.026681
BA,61,100,7,0.331257,0.119518,0.211305
KCU,61,100,1,0.158607,0.042729,0.059625
BA,81,100,4,0.263701,0.052368,0.211083
KCU,81,100,1,0.289038,0.070844,0.106205
BA,101,100,6,0.618723,0.134321,0.483997
KCU,101,100,1,0.443155,0.105132,0.163692
BA,1,100,2,0.00811,0.00789,0.000171
KCU,1,100,1,0.003251,0.002975,0.00015
BA,21,100,3,0.02545,0.014552,0.01077
KCU,21,100,2,0.037826,0.013245,0.012047
BA,41,100,3,0.05731,0.017724,0.039476
KCU,41,100,2,0.125568,0.033297,0.041203
BA,61,100,3,0.115261,0.024515,0.090591
KCU,61,100,2,0.277129,0.068661,0.091862
BA,81,100,3,0.19139,0.03271,0.158514
KCU,81,100,2,0.483472,0.115546,0.164371
BA,101,100,3,0.287119,0.044809,0.242141
KCU,101,100,2,0.756841,0.174383,0.250922
BA,1,100,3,0.017105,0.016724,0.000267
KCU,1,100,2,0.005702,0.005241,0.000231
BA,21,100,9,0.181408,0.148483,0.032532
KCU,21,100,1,0.022419,0.008818,0.007194
BA,41,100,9,0.282731,0.163655,0.118599
KCU,41,100,1,0.072683,0.021326,0.026634
BA,61,100,10,0.526249,0.223849,0.301751
KCU,61,100,1,0.159474,0.044159,0.059289
BA,81,100,10,0.791071,0.253321,0.537053
KCU,81,100,1,0.291637,0.07249,0.106518
BA,101,100,10,1.11758,0.309612,0.807258
KCU,101,100,1,0.446199,0.106548,0.163598
BA,1,100,2,0.007158,0.006931,0.000177
KCU,1,100,1,0.003464,0.003154,0.000157
BA,21,100,2,0.014803,0.007115,0.007638
KCU,21,100,1,0.022843,0.008152,0.007163
BA,41,100,2,0.03492,0.008473,0.02638
KCU,41,100,1,0.071452,0.02032,0.02656
BA,61,100,2,0.072862,0.013231,0.05955
KCU,61,100,1,0.157205,0.0418,0.0589
BA,81,100,2,0.122449,0.016563,0.105794
KCU,81,100,1,0.27574,0.071504,0.105885
BA,101,100,2,0.183363,0.021408,0.161865
KCU,101,100,1,0.446342,0.106415,0.164382
BA,1,100,4,0.027857,0.027374,0.000343
KCU,1,100,3,0.009385,0.008696,0.000327
BA,21,100,13,0.429658,0.379927,0.048598
KCU,21,100,1,0.023506,0.008812,0.007208
BA,41,100,13,0.548728,0.374984,0.171329
KCU,41,100,1,0.077845,0.021024,0.026426
BA,61,100,12,0.724595,0.359273,0.364511
KCU,61,100,1,0.171439,0.043665,0.059244
BA,81,100,13,1.16457,0.476337,0.687314
KCU,81,100,1,0.275735,0.072457,0.105393
BA,101,100,13,1.59892,0.547009,1.05096
KCU,101,100,1,0.445511,0.106562,0.163261
BA,1,100,3,0.015741,0.015385,0.000262
KCU,1,100,1,0.003286,0.00298,0.000151
BA,21,100,6,0.085393,0.063568,0.021594
KCU,21,100,2,0.036608,0.012969,0.010713
BA,41,100,6,0.148893,0.070114,0.078516
KCU,41,100,2,0.122537,0.032229,0.040658
BA,61,100,6,0.260448,0.080209,0.17987
KCU,61,100,2,0.278082,0.068408,0.092754
BA,81,100,6,0.417682,0.102731,0.314573
KCU,81,100,2,0.466076,0.114224,0.168704
BA,101,100,6,0.615071,0.131166,0.483518
KCU,101,100,2,0.762591,0.17804,0.249276
BA,1,100,2,0.009768,0.009537,0.000177
KCU,1,100,1,0.003209,0.002905,0.000151
BA,21,100,2,0.014527,0.007244,0.007232
KCU,21,100,1,0.021731,0.008142,0.00714
BA,41,100,2,0.034645,0.008476,0.026109
KCU,41,100,1,0.072895,0.020765,0.027013
BA,61,100,2,0.071472,0.011458,0.059935
KCU,61,100,1,0.15258,0.040086,0.057658
BA,81,100,2,0.122583,0.01675,0.105746
KCU,81,100,1,0.276323,0.072482,0.104913
BA,101,100,2,0.182751,0.021131,0.161533
KCU,101,100,1,0.445677,0.104991,0.164267
BA,1,100,3,0.014785,0.014435,0.000256
KCU,1,100,2,0.005768,0.00529,0.000234
BA,21,100,10,0.231666,0.194588,0.036154
KCU,21,100,1,0.023002,0.009119,0.007202
BA,41,100,10,0.336676,0.204526,0.131635
KCU,41,100,1,0.076534,0.021129,0.026632
BA,61,100,9,0.456573,0.185829,0.270144
KCU,61,100,1,0.159202,0.044014,0.059202
BA,81,100,9,0.702047,0.226104,0.475333
KCU,81,100,1,0.282206,0.075255,0.102668
BA,101,100,9,0.988016,0.260664,0.726709
KCU,101,100,1,0.44608,0.110505,0.159337
BA,1,100,3,0.01659,0.016214,0.000267
KCU,1,100,1,0.003436,0.00316,0.00015
BA,21,100,5,0.058915,0.040635,0.018101
KCU,21,100,2,0.037321,0.013455,0.010777
BA,41,100,5,0.112475,0.045887,0.066365
KCU,41,100,2,0.119686,0.032968,0.040692
BA,61,100,4,0.161353,0.039956,0.121185
KCU,61,100,2,0.281372,0.067879,0.100192
BA,81,100,4,0.263615,0.051966,0.211413
KCU,81,100,2,0.466267,0.114594,0.161329
BA,101,100,5,0.503723,0.099158,0.404243
KCU,101,100,2,0.761625,0.178,0.249868
BA,1,100,3,0.014336,0.013987,0.000254
KCU,1,100,1,0.003699,0.00342,0.000152
BA,21,100,5,0.059554,0.040931,0.018445
KCU,21,100,2,0.036787,0.013787,0.011566
BA,41,100,5,0.111044,0.045594,0.065243
KCU,41,100,2,0.125751,0.034728,0.039899
BA,61,100,5,0.208562,0.058568,0.149703
KCU,61,100,2,0.285653,0.070921,0.097747
BA,81,100,5,0.332795,0.072206,0.260276
KCU,81,100,2,0.491756,0.118417,0.162717
BA,101,100,5,0.503115,0.099205,0.403591
KCU,101,100,2,0.769264,0.177931,0.25499
BA,1,100,4,0.033902,0.033364,0.000381
KCU,1,100,3,0.008702,0.007999,0.000334
BA,21,100,14,0.55002,0.498454,0.050855
KCU,21,100,1,0.022794,0.009167,0.007213
BA,41,100,16,0.895317,0.684098,0.210356
KCU,41,100,1,0.075519,0.020858,0.026228
BA,61,100,15,1.07161,0.620741,0.449843
KCU,61,100,1,0.158793,0.04356,0.059483
BA,81,100,15,1.50823,0.712791,0.794346
KCU,81,100,1,0.280182,0.072966,0.104353
BA,101,100,15,2.00618,0.793902,1.21119
KCU,101,100,1,0.444377,0.10565,0.162239
BA,1,100,3,0.015831,0.015483,0.000254
KCU,1,100,2,0.005907,0.005414,0.000235
BA,21,100,13,0.466606,0.418964,0.047021
KCU,21,100,1,0.023137,0.009242,0.007327
BA,41,100,13,0.583745,0.410966,0.172061
KCU,41,100,1,0.074601,0.02164,0.028169
BA,61,100,13,0.84151,0.45024,0.390402
KCU,61,100,1,0.163899,0.04352,0.064241
BA,81,100,13,1.19061,0.501595,0.688083
KCU,81,100,1,0.282347,0.072694,0.105712
BA,101,100,15,1.99929,0.786871,1.21133
KCU,101,100,1,0.447448,0.107052,0.163
BA,1,100,2,0.007034,0.006802,0.000183
KCU,1,100,1,0.003365,0.003087,0.000152
BA,21,100,2,0.01435,0.007033,0.007265
KCU,21,100,1,0.021751,0.008092,0.007224
BA,41,100,2,0.035074,0.008511,0.026496
KCU,41,100,1,0.076295,0.020747,0.026197
BA,61,100,2,0.071192,0.011696,0.059417
KCU,61,100,1,0.157609,0.041779,0.059966
BA,81,100,2,0.122153,0.016583,0.105483
KCU,81,100,1,0.281137,0.071162,0.105892
BA,101,100,2,0.181612,0.020959,0.160563
KCU,101,100,1,0.450299,0.106908,0.166254
BA,1,100,4,0.025966,0.025449,0.000377
KCU,1,100,3,0.009219,0.008538,0.000331
BA,21,100,9,0.186319,0.152353,0.033561
KCU,21,100,1,0.023169,0.009503,0.007226
BA,41,100,9,0.291223,0.171386,0.119344
KCU,41,100,1,0.073357,0.022214,0.026315
BA,61,100,10,0.559824,0.257924,0.301242
KCU,61,100,1,0.156825,0.042262,0.058544
BA,81,100,9,0.696864,0.2213,0.474957
KCU,81,100,1,0.282808,0.073421,0.105032
BA,101,100,9,0.98853,0.259753,0.728122
KCU,101,100,1,0.450338,0.107366,0.165522
BA,1,100,4,0.026848,0.026322,0.000385
KCU,1,100,3,0.009245,0.008592,0.000317
BA,21,100,17,0.789517,0.72604,0.062612
KCU,21,100,1,0.022727,0.009086,0.007454
BA,41,100,16,0.870398,0.6584,0.211092
KCU,41,100,1,0.077487,0.021244,0.026409
BA,61,100,16,1.2148,0.729015,0.484697
KCU,61,100,1,0.159121,0.04364,0.059837
BA,81,100,17,1.77821,0.875081,0.901881
KCU,81,100,1,0.281463,0.072431,0.104767
BA,101,100,16,2.16155,0.866043,1.29432
KCU,101,100,1,0.446378,0.106329,0.162902
BA,1,100,3,0.016685,0.016329,0.000262
KCU,1,100,2,0.005692,0.005184,0.000241
BA,21,100,19,1.08144,1.00877,0.070691
KCU,21,100,1,0.023693,0.008936,0.007223
BA,41,100,20,1.45008,1.18207,0.26516
KCU,41,100,1,0.072639,0.02126,0.026494
BA,61,100,20,1.84784,1.2406,0.605833
KCU,61,100,1,0.158817,0.044216,0.058488
BA,81,100,19,2.85156,1.84364,1.00655
KCU,81,100,1,0.281878,0.074693,0.103334
BA,101,100,19,2.79246,1.25325,1.53779
KCU,101,100,1,0.453199,0.107874,0.167545
BA,1,100,3,0.014807,0.014451,0.000264
KCU,1,100,1,0.003707,0.003393,0.000162
BA,21,100,6,0.086024,0.063693,0.022092
KCU,21,100,1,0.022597,0.00861,0.007557
BA,41,100,6,0.148676,0.069668,0.078735
KCU,41,100,1,0.07681,0.020562,0.026893
BA,61,100,4,0.162936,0.042062,0.120639
KCU,61,100,1,0.158436,0.042384,0.059867
BA,81,100,4,0.268851,0.057225,0.211389
KCU,81,100,1,0.281797,0.071871,0.10613
BA,101,100,5,0.505519,0.100416,0.404788
KCU,101,100,1,0.441439,0.105926,0.164039
BA,1,100,3,0.017682,0.017311,0.000276
KCU,1,100,2,0.005937,0.005428,0.000242
BA,21,100,18,0.906809,0.838641,0.066235
KCU,21,100,1,0.02263,0.008999,0.007217
BA,41,100,18,1.14758,0.908623,0.237901
KCU,41,100,1,0.078305,0.021919,0.026728
BA,61,100,18,1.46176,0.914865,0.545618
KCU,61,100,1,0.160553,0.043986,0.060626
BA,81,100,18,1.94745,0.992454,0.953704
KCU,81,100,1,0.282708,0.07235,0.105576
BA,101,100,18,2.54795,1.08825,1.45839
KCU,101,100,1,0.447466,0.1095,0.161517
BA,1,100,3,0.015773,0.015422,0.000258
KCU,1,100,1,0.003262,0.002984,0.000152
BA,21,100,5,0.060363,0.042122,0.018054
KCU,21,100,2,0.036608,0.013181,0.011476
BA,41,100,5,0.113161,0.046755,0.066166
KCU,41,100,2,0.12348,0.033171,0.040525
BA,61,100,4,0.15953,0.039261,0.120033
KCU,61,100,2,0.269561,0.067722,0.095779
BA,81,100,5,0.34206,0.077013,0.264739
KCU,81,100,2,0.487552,0.119188,0.159186
BA,101,100,5,0.504058,0.099274,0.404449
KCU,101,100,2,0.767676,0.178145,0.253591
BA,1,100,4,0.034272,0.033765,0.000351
KCU,1,100,2,0.007922,0.007461,0.000231
BA,21,100,5,0.060212,0.041313,0.01869
KCU,21,100,1,0.02305,0.009437,0.00704
BA,41,100,5,0.113736,0.047003,0.066494
KCU,41,100,1,0.073411,0.021443,0.02644
BA,61,100,5,0.204663,0.058745,0.145657
KCU,61,100,1,0.159597,0.044074,0.059375
BA,81,100,5,0.342325,0.078332,0.263684
KCU,81,100,1,0.283109,0.075723,0.103148
BA,101,100,5,0.502237,0.098822,0.403081
KCU,101,100,1,0.446965,0.106153,0.163825
BA,1,100,3,0.014458,0.014111,0.000252
KCU,1,100,1,0.00368,0.003403,0.000151
BA,21,100,6,0.095528,0.073675,0.02162
KCU,21,100,1,0.022262,0.008592,0.007212
BA,41,100,6,0.154151,0.075038,0.078833
KCU,41,100,1,0.072326,0.021429,0.026459
BA,61,100,6,0.266626,0.08717,0.1791
KCU,61,100,1,0.157925,0.043416,0.058321
BA,81,100,6,0.429318,0.112026,0.316906
KCU,81,100,1,0.287425,0.071612,0.105136
BA,101,100,6,0.621085,0.136124,0.484549
KCU,101,100,1,0.445359,0.105912,0.162878
BA,1,100,2,0.007489,0.00726,0.000177
KCU,1,100,1,0.003724,0.003417,0.000154
BA,21,100,7,0.118648,0.092725,0.025645
KCU,21,100,1,0.02315,0.008505,0.00717
BA,41,100,6,0.1488,0.069979,0.078374
KCU,41,100,1,0.07758,0.020854,0.026535
BA,61,100,3,0.114596,0.023749,0.0907
KCU,61,100,1,0.170413,0.042774,0.059758
BA,81,100,3,0.191635,0.033345,0.158131
KCU,81,100,1,0.288643,0.072173,0.10581
BA,101,100,3,0.283453,0.041765,0.241523
KCU,101,100,1,0.445625,0.109458,0.159395
BA,1,100,2,0.006725,0.006489,0.000185
KCU,1,100,1,0.00342,0.003131,0.000155
BA,21,100,2,0.013927,0.00671,0.007166
KCU,21,100,1,0.022534,0.00834,0.007567
BA,41,100,2,0.036329,0.008667,0.027601
KCU,41,100,1,0.073238,0.021183,0.026603
BA,61,100,2,0.072928,0.011961,0.060884
KCU,61,100,1,0.161929,0.044346,0.061108
BA,81,100,2,0.12411,0.016629,0.107391
KCU,81,100,1,0.295875,0.072645,0.108658
BA,101,100,2,0.185855,0.021644,0.164126
KCU,101,100,1,0.452206,0.108697,0.167421
BA,1,100,3,0.016138,0.015785,0.000249
KCU,1,100,2,0.005603,0.005142,0.000232
BA,21,100,11,0.291987,0.250809,0.040635
KCU,21,100,1,0.022769,0.008959,0.007398
BA,41,100,12,0.483636,0.321097,0.161856
KCU,41,100,1,0.07432,0.021655,0.027132
BA,61,100,11,0.652052,0.310248,0.341079
KCU,61,100,1,0.175276,0.043951,0.061368
BA,81,100,13,1.17558,0.475416,0.699236
KCU,81,100,1,0.297224,0.074673,0.107958
BA,101,100,13,1.61639,0.543878,1.07159
KCU,101,100,1,0.45415,0.110296,0.164662
BA,1,100,3,0.016736,0.016371,0.00027
KCU,1,100,2,0.005999,0.005521,0.000244
BA,21,100,10,0.265677,0.228039,0.037151
KCU,21,100,1,0.022957,0.009023,0.00735
BA,41,100,10,0.377798,0.239407,0.137801
KCU,41,100,1,0.073922,0.021442,0.027077
BA,61,100,10,0.591696,0.277258,0.313745
KCU,61,100,1,0.176548,0.044198,0.061955
BA,81,100,10,0.838945,0.299368,0.538878
KCU,81,100,1,0.282425,0.073836,0.108832
BA,101,100,10,1.17591,0.352371,0.822857
KCU,101,100,1,0.456141,0.111897,0.163865
BA,1,100,2,0.007733,0.007497,0.000184
KCU,1,100,1,0.003712,0.003427,0.000159
BA,21,100,5,0.065835,0.047108,0.018534
KCU,21,100,1,0.022626,0.008804,0.007088
BA,41,100,4,0.085514,0.031029,0.054295
KCU,41,100,1,0.074479,0.02191,0.027411
BA,61,100,6,0.264734,0.086385,0.178009
KCU,61,100,1,0.158491,0.042942,0.059423
BA,81,100,5,0.358028,0.084271,0.273442
KCU,81,100,1,0.294437,0.073992,0.108971
BA,101,100,7,0.752713,0.177928,0.574328
KCU,101,100,1,0.451892,0.114694,0.158262
BA,1,100,4,0.030833,0.030302,0.000381
KCU,1,100,3,0.008099,0.007402,0.000322
BA,21,100,18,1.08207,1.01366,0.067426
KCU,21,100,1,0.023165,0.009249,0.00732
BA,41,100,19,1.4331,1.17251,0.259422
KCU,41,100,1,0.079896,0.022131,0.027184
BA,61,100,19,1.84723,1.25547,0.590395
KCU,61,100,1,0.163192,0.044958,0.061502
BA,81,100,18,2.13952,1.16684,0.971373
KCU,81,100,1,0.292687,0.07306,0.106539
BA,101,100,19,3.32903,1.76092,1.56672
KCU,101,100,1,0.453908,0.114013,0.161273
BA,1,100,2,0.007701,0.007474,0.000175
KCU,1,100,1,0.00373,0.003452,0.00015
BA,21,100,2,0.014789,0.007436,0.007303
KCU,21,100,1,0.022855,0.008724,0.007404
BA,41,100,2,0.035941,0.008876,0.026998
KCU,41,100,1,0.079059,0.020595,0.027188
BA,61,100,2,0.07427,0.012643,0.061535
KCU,61,100,1,0.162327,0.044301,0.060445
BA,81,100,2,0.124338,0.016914,0.107336
KCU,81,100,1,0.297273,0.075006,0.106354
BA,101,100,2,0.186152,0.021618,0.164444
KCU,101,100,1,0.451166,0.107299,0.165371
BA,1,100,2,0.007776,0.007549,0.000177
KCU,1,100,1,0.003312,0.003019,0.000166
BA,21,100,2,0.013872,0.006046,0.007774
KCU,21,100,1,0.022356,0.008469,0.007076
BA,41,100,2,0.035407,0.008116,0.027225
KCU,41,100,1,0.073809,0.021136,0.02731
BA,61,100,2,0.072687,0.011326,0.061278
KCU,61,100,1,0.168806,0.042749,0.059362
BA,81,100,2,0.121403,0.01553,0.105786
KCU,81,100,1,0.281893,0.075391,0.106475
BA,101,100,2,0.185386,0.021271,0.164029
KCU,101,100,1,0.454119,0.107492,0.167037
BA,1,100,2,0.007265,0.007051,0.000164
KCU,1,100,1,0.003765,0.003442,0.000155
BA,21,100,4,0.042776,0.028086,0.014551
KCU,21,100,3,0.053031,0.019619,0.015657
BA,41,100,4,0.086963,0.032642,0.054124
KCU,41,100,3,0.179015,0.051213,0.053934
BA,61,100,4,0.166484,0.042057,0.124198
KCU,61,100,3,0.396486,0.098811,0.127692
BA,81,100,6,0.435004,0.112708,0.321922
KCU,81,100,5,1.06184,0.254417,0.338542
BA,101,100,8,0.874982,0.218112,0.65634
KCU,101,100,7,2.22262,0.518567,0.701588
BA,1,100,2,0.009757,0.009508,0.000195
KCU,1,100,1,0.00346,0.003155,0.000153
BA,21,100,2,0.014528,0.007209,0.007264
KCU,21,100,1,0.023882,0.008381,0.00784
BA,41,100,2,0.035332,0.008473,0.026788
KCU,41,100,1,0.074243,0.021577,0.027378
BA,61,100,2,0.073919,0.012147,0.061676
KCU,61,100,1,0.163486,0.045082,0.060633
BA,81,100,2,0.123806,0.017275,0.106448
KCU,81,100,1,0.282236,0.073525,0.109097
BA,101,100,2,0.185763,0.021877,0.163793
KCU,101,100,1,0.441038,0.108156,0.166821
BA,1,100,3,0.015812,0.015421,0.000285
KCU,1,100,2,0.005659,0.005186,0.000234
BA,21,100,15,0.55378,0.497574,0.054985
KCU,21,100,1,0.02409,0.009013,0.007447
BA,41,100,15,0.723356,0.51458,0.207776
KCU,41,100,1,0.080199,0.022322,0.027515
BA,61,100,17,1.28854,0.761166,0.526175
KCU,61,100,1,0.175122,0.044359,0.061102
BA,81,100,15,1.44777,0.637743,0.808938
KCU,81,100,1,0.283252,0.074929,0.108726
BA,101,100,16,2.09815,0.781766,1.31525
KCU,101,100,1,0.464218,0.111025,0.163913
BA,1,100,4,0.029952,0.029423,0.000368
KCU,1,100,3,0.008247,0.007526,0.000338
BA,21,100,18,1.0069,0.937612,0.067804
KCU,21,100,1,0.022976,0.009112,0.007418
BA,41,100,19,1.33558,1.07331,0.259337
KCU,41,100,1,0.075083,0.023357,0.026237
BA,61,100,19,1.68488,1.09279,0.590722
KCU,61,100,1,0.163702,0.044499,0.061987
BA,81,100,17,1.84423,0.924829,0.918165
KCU,81,100,1,0.28208,0.07422,0.108537
BA,101,100,18,2.64967,1.16617,1.48217
KCU,101,100,1,0.451205,0.109255,0.167157
BA,1,100,3,0.017187,0.016843,0.000251
KCU,1,100,2,0.00661,0.006128,0.00025
BA,21,100,15,0.665447,0.608066,0.0561
KCU,21,100,1,0.024492,0.009805,0.007131
BA,41,100,15,0.818193,0.619695,0.197659
KCU,41,100,1,0.072998,0.021735,0.026611
BA,61,100,14,1.00319,0.579437,0.422803
KCU,61,100,1,0.174938,0.044614,0.061516
BA,81,100,14,1.43023,0.671967,0.757259
KCU,81,100,1,0.283428,0.074352,0.108522
BA,101,100,14,1.88213,0.729912,1.15121
KCU,101,100,1,0.450208,0.113698,0.162398
BA,1,100,3,0.015728,0.015351,0.000276
KCU,1,100,1,0.003762,0.00345,0.000151
BA,21,100,5,0.058178,0.039402,0.018563
KCU,21,100,2,0.037576,0.014169,0.011747
BA,41,100,5,0.114933,0.046916,0.067778
KCU,41,100,2,0.12786,0.034036,0.042549
BA,61,100,5,0.216518,0.061797,0.154403
KCU,61,100,2,0.282791,0.070848,0.093962
BA,81,100,5,0.345646,0.075978,0.269357
KCU,81,100,2,0.493177,0.115282,0.165079
BA,101,100,5,0.497369,0.09285,0.404194
KCU,101,100,2,0.769573,0.184377,0.249799
BA,1,100,2,0.009295,0.009024,0.000201
KCU,1,100,1,0.003483,0.003182,0.00015
BA,21,100,3,0.025205,0.013863,0.011249
KCU,21,100,2,0.036782,0.013391,0.012057
BA,41,100,3,0.057425,0.017085,0.040239
KCU,41,100,2,0.131358,0.034613,0.043811
BA,61,100,3,0.116571,0.01928,0.097132
KCU,61,100,2,0.285001,0.070139,0.093945
BA,81,100,3,0.194961,0.033797,0.160998
KCU,81,100,2,0.480014,0.118155,0.175124
BA,101,100,3,0.289204,0.043136,0.245903
KCU,101,100,2,0.770247,0.177602,0.256801
BA,1,100,3,0.019672,0.019305,0.000267
KCU,1,100,1,0.003817,0.003496,0.000154
BA,21,100,3,0.027065,0.016097,0.010876
KCU,21,100,1,0.022127,0.00848,0.007214
BA,41,100,3,0.055642,0.016434,0.039102
KCU,41,100,1,0.071928,0.020893,0.02643
BA,61,100,3,0.115549,0.023396,0.092003
KCU,61,100,1,0.163574,0.045046,0.061398
BA,81,100,3,0.196823,0.035489,0.161168
KCU,81,100,1,0.28143,0.0744,0.106733
BA,101,100,3,0.290987,0.044613,0.2462
KCU,101,100,1,0.450388,0.108052,0.167469
BA,1,100,3,0.016324,0.015986,0.000245
KCU,1,100,1,0.003342,0.00304,0.000151
BA,21,100,8,0.145483,0.115821,0.029295
KCU,21,100,2,0.037827,0.013268,0.01127
BA,41,100,10,0.356392,0.219931,0.135878
KCU,41,100,2,0.129081,0.033369,0.043666
BA,61,100,8,0.40513,0.157092,0.24752
KCU,61,100,2,0.287875,0.071479,0.095342
BA,81,100,8,0.617326,0.185736,0.431029
KCU,81,100,9,1.82302,0.413061,0.584792
BA,101,100,5,0.511081,0.086166,0.424608
KCU,101,100,8,2.50685,0.577486,0.805119
BA,1,100,4,0.031669,0.031156,0.000359
KCU,1,100,3,0.007551,0.006863,0.000318
BA,21,100,15,0.662837,0.606398,0.055642
KCU,21,100,1,0.022875,0.008983,0.007467
BA,41,100,14,0.678765,0.485763,0.192131
KCU,41,100,1,0.080481,0.02294,0.027301
BA,61,100,14,0.989842,0.56316,0.421274
KCU,61,100,1,0.179273,0.045875,0.062109
BA,81,100,13,1.2376,0.536542,0.700115
KCU,81,100,1,0.280407,0.076013,0.103864
BA,101,100,14,1.82602,0.674862,1.15014
KCU,101,100,1,0.448804,0.108648,0.16583
BA,1,100,2,0.007459,0.007231,0.000178
KCU,1,100,1,0.003661,0.003349,0.000153
BA,21,100,2,0.014892,0.007444,0.00739
KCU,21,100,1,0.022467,0.008597,0.00733
BA,41,100,2,0.035974,0.008923,0.026981
KCU,41,100,1,0.073884,0.021349,0.027058
BA,61,100,2,0.074511,0.013049,0.061378
KCU,61,100,1,0.162613,0.044482,0.061358
BA,81,100,2,0.125824,0.018754,0.106987
KCU,81,100,1,0.281506,0.073922,0.108238
BA,101,100,2,0.186345,0.022107,0.164147
KCU,101,100,1,0.446672,0.10765,0.165746
BA,1,100,4,0.028199,0.027708,0.000348
KCU,1,100,3,0.009063,0.008402,0.000322
BA,21,100,14,0.5096,0.456579,0.051816
KCU,21,100,1,0.022907,0.00897,0.007347
BA,41,100,13,0.586231,0.404769,0.180639
KCU,41,100,1,0.079425,0.02165,0.027446
BA,61,100,13,0.829576,0.427093,0.401551
KCU,61,100,1,0.165484,0.046903,0.06067
BA,81,100,14,1.3435,0.588184,0.754322
KCU,81,100,1,0.281959,0.074113,0.108127
BA,101,100,14,1.7981,0.646703,1.15042
KCU,101,100,1,0.447515,0.113308,0.160694
BA,1,100,4,0.029328,0.028824,0.000355
KCU,1,100,3,0.009694,0.009028,0.000319
BA,21,100,10,0.265369,0.227409,0.037461
KCU,21,100,1,0.023284,0.009345,0.007259
BA,41,100,11,0.434518,0.284866,0.148971
KCU,41,100,1,0.074515,0.022158,0.027219
BA,61,100,12,0.761567,0.387201,0.373567
KCU,61,100,1,0.173794,0.045413,0.05939
BA,81,100,11,0.941139,0.359873,0.580488
KCU,81,100,1,0.282933,0.075094,0.107706
BA,101,100,11,1.31167,0.406446,0.904432
KCU,101,100,1,0.448883,0.109365,0.165507
BA,1,100,3,0.014504,0.014131,0.000278
KCU,1,100,1,0.003743,0.00344,0.000152
BA,21,100,5,0.060341,0.041708,0.018419
KCU,21,100,2,0.038437,0.013895,0.011287
BA,41,100,5,0.113588,0.046659,0.066713
KCU,41,100,2,0.127768,0.034102,0.042079
BA,61,100,5,0.215835,0.062028,0.15349
KCU,61,100,2,0.27316,0.072664,0.093398
BA,81,100,5,0.349267,0.080491,0.268459
KCU,81,100,2,0.495012,0.119498,0.167473
BA,101,100,5,0.512167,0.1006,0.411236
KCU,101,100,2,0.748342,0.173907,0.250775
BA,1,100,3,0.018359,0.018004,0.000254
KCU,1,100,1,0.003741,0.003415,0.000169
BA,21,100,4,0.043907,0.02908,0.014675
KCU,21,100,4,0.069255,0.026544,0.019247
BA,41,100,4,0.086294,0.031998,0.054101
KCU,41,100,4,0.228517,0.063727,0.070142
BA,61,100,4,0.166849,0.043303,0.123319
KCU,61,100,4,0.510142,0.128658,0.159778
BA,81,100,8,0.622386,0.19138,0.430454
KCU,81,100,3,0.66721,0.165884,0.224773
BA,101,100,9,1.02842,0.287382,0.74041
KCU,101,100,3,1.04443,0.240745,0.339516
BA,1,100,2,0.010013,0.009772,0.000183
KCU,1,100,1,0.007851,0.007534,0.000158
BA,21,100,3,0.025958,0.014671,0.01119
KCU,21,100,2,0.039362,0.014452,0.011447
BA,41,100,3,0.058145,0.017502,0.040515
KCU,41,100,2,0.124202,0.034848,0.041976
BA,61,100,3,0.116892,0.024615,0.092117
KCU,61,100,2,0.288714,0.073165,0.095435
BA,81,100,3,0.196266,0.03446,0.161645
KCU,81,100,2,0.5047,0.121619,0.166513
BA,101,100,3,0.292449,0.045258,0.247028
KCU,101,100,2,0.783656,0.183055,0.260863
BA,1,100,3,0.020881,0.020511,0.000257
KCU,1,100,2,0.006254,0.005771,0.000243
BA,21,100,13,0.448377,0.399197,0.048477
KCU,21,100,1,0.023927,0.009165,0.00723
BA,41,100,13,0.570805,0.397705,0.172337
KCU,41,100,1,0.077602,0.022043,0.026646
BA,61,100,13,0.851319,0.445266,0.405125
KCU,61,100,1,0.175945,0.044434,0.06158
BA,81,100,15,1.46317,0.652858,0.809244
KCU,81,100,1,0.300072,0.075624,0.108984
BA,101,100,13,1.61572,0.545287,1.06951
KCU,101,100,1,0.45567,0.109713,0.166042
BA,1,100,3,0.017903,0.017526,0.000272
KCU,1,100,2,0.005915,0.005422,0.000235
BA,21,100,15,0.689035,0.631089,0.055797
KCU,21,100,1,0.025069,0.009479,0.007889
BA,41,100,16,0.914793,0.696386,0.217405
KCU,41,100,1,0.079867,0.022222,0.027007
BA,61,100,16,1.2652,0.764147,0.49532
KCU,61,100,1,0.163621,0.045042,0.061077
BA,81,100,15,1.45263,0.654642,0.796889
KCU,81,100,1,0.282964,0.073803,0.110827
BA,101,100,16,2.15689,0.838568,1.31716
KCU,101,100,1,0.454751,0.11099,0.164594
BA,1,100,3,0.015005,0.014649,0.000263
KCU,1,100,1,0.00347,0.003169,0.00015
BA,21,100,4,0.044516,0.029545,0.014813
KCU,21,100,2,0.0385,0.013743,0.011264
BA,41,100,4,0.087612,0.033652,0.053773
KCU,41,100,2,0.127538,0.034255,0.042142
BA,61,100,4,0.168042,0.043502,0.1243
KCU,61,100,2,0.274224,0.071015,0.095548
BA,81,100,4,0.269628,0.054676,0.214726
KCU,81,100,2,0.493566,0.118899,0.16689
BA,101,100,4,0.402182,0.072715,0.329209
KCU,101,100,2,0.760561,0.173838,0.25204
