KCF,1,90,2,600,2,0.006814,0.006371,0.000235
KCHOG,1,90,2,600,2,0.007162,0.005448,0.001473
KCF,21,90,2,600,1,0.044254,0.03392,0.005475
KCHOG,21,90,2,600,1,0.021344,0.008991,0.00755
KCF,41,90,2,600,1,0.191387,0.138939,0.027398
KCHOG,41,90,2,600,1,0.073847,0.021285,0.02505
KCF,61,90,2,600,1,0.462198,0.358539,0.053052
KCHOG,61,90,2,600,1,0.151255,0.039816,0.049892
KCF,81,90,2,600,1,0.774824,0.60748,0.080093
KCHOG,81,90,2,600,1,0.235186,0.063281,0.083441
KCF,101,90,2,600,1,1.50124,1.23798,0.122944
KCHOG,101,90,2,600,1,0.372504,0.099701,0.130901
KCF,1,90,2,600,1,0.003991,0.00372,0.00014
KCHOG,1,90,2,600,3,0.008923,0.007005,0.001638
KCF,21,90,2,600,1,0.039494,0.027328,0.005888
KCHOG,21,90,2,600,1,0.020984,0.007604,0.007273
KCF,41,90,2,600,1,0.192888,0.142241,0.02329
KCHOG,41,90,2,600,1,0.067064,0.021205,0.024941
KCF,61,90,2,600,1,0.450978,0.353813,0.04985
KCHOG,61,90,2,600,1,0.139758,0.040332,0.053085
KCF,81,90,2,600,1,0.606098,0.440965,0.084544
KCHOG,81,90,2,600,1,0.241076,0.065629,0.092513
KCF,101,90,2,600,1,1.13713,0.86807,0.129063
KCHOG,101,90,2,600,1,0.375288,0.095045,0.137721
KCF,1,90,2,600,1,0.003921,0.003675,0.000138
KCHOG,1,90,2,600,3,0.007752,0.005962,0.001511
KCF,21,90,2,600,1,0.038769,0.028101,0.005654
KCHOG,21,90,2,600,1,0.021168,0.00792,0.007275
KCF,41,90,2,600,1,0.163581,0.113013,0.023436
KCHOG,41,90,2,600,1,0.072856,0.021146,0.024959
KCF,61,90,2,600,1,0.300231,0.191873,0.048486
KCHOG,61,90,2,600,1,0.139767,0.041286,0.051884
KCF,81,90,2,600,1,0.534451,0.370283,0.083748
KCHOG,81,90,2,600,1,0.234207,0.06503,0.089677
KCF,101,90,2,600,1,0.99179,0.722103,0.128266
KCHOG,101,90,2,600,1,0.379871,0.095125,0.147249
KCF,1,90,2,600,1,0.004682,0.004404,0.000144
KCHOG,1,90,2,600,1,0.003691,0.002736,0.000824
KCF,21,90,2,600,1,0.102593,0.091195,0.006123
KCHOG,21,90,2,600,2,0.031796,0.012021,0.010323
KCF,41,90,2,600,1,0.398952,0.355921,0.02214
KCHOG,41,90,2,600,2,0.113681,0.032202,0.036017
KCF,61,90,2,600,1,0.598535,0.503109,0.048848
KCHOG,61,90,2,600,2,0.247701,0.064401,0.079982
KCF,81,90,2,600,1,1.28061,1.11787,0.084128
KCHOG,81,90,2,600,2,0.408075,0.102864,0.135957
KCF,101,90,2,600,1,2.55801,2.25182,0.142613
KCHOG,101,90,2,600,2,0.640164,0.159007,0.206809
KCF,1,90,2,600,1,0.003103,0.002859,0.00014
KCHOG,1,90,2,600,1,0.003905,0.002841,0.000936
KCF,21,90,2,600,1,0.083248,0.07148,0.006503
KCHOG,21,90,2,600,1,0.02064,0.007558,0.006777
KCF,41,90,2,600,1,0.314567,0.266217,0.021377
KCHOG,41,90,2,600,1,0.070854,0.020267,0.023699
KCF,61,90,2,600,1,0.525549,0.432099,0.047512
KCHOG,61,90,2,600,1,0.147204,0.038955,0.053107
KCF,81,90,2,600,1,0.893053,0.730647,0.083385
KCHOG,81,90,2,600,1,0.227656,0.061856,0.086946
KCF,101,90,2,600,1,2.8118,2.55149,0.122721
KCHOG,101,90,2,600,1,0.370555,0.094585,0.138133
KCF,1,90,2,600,1,0.003212,0.002965,0.000138
KCHOG,1,90,2,600,1,0.003684,0.00292,0.000636
KCF,21,90,2,600,1,0.078163,0.066626,0.006245
KCHOG,21,90,2,600,1,0.024053,0.009259,0.008518
KCF,41,90,2,600,1,0.387055,0.328381,0.026762
KCHOG,41,90,2,600,1,0.086327,0.024656,0.029143
KCF,61,90,2,600,1,0.589142,0.477364,0.056245
KCHOG,61,90,2,600,1,0.140816,0.04214,0.051745
KCF,81,90,2,600,1,0.968323,0.784332,0.085778
KCHOG,81,90,2,600,1,0.236552,0.064198,0.090841
KCF,101,90,2,600,1,1.26137,0.977161,0.124072
KCHOG,101,90,2,600,1,0.366502,0.094074,0.13619
KCF,1,90,2,600,1,0.003099,0.002833,0.00014
KCHOG,1,90,2,600,1,0.003706,0.002826,0.000753
KCF,21,90,2,600,1,0.09421,0.083572,0.005558
KCHOG,21,90,2,600,2,0.030522,0.011854,0.009419
KCF,41,90,2,600,1,0.409714,0.362606,0.020761
KCHOG,41,90,2,600,2,0.11581,0.034961,0.034861
KCF,61,90,2,600,1,0.605026,0.508237,0.052375
KCHOG,61,90,2,600,2,0.244725,0.066921,0.077394
KCF,81,90,2,600,1,0.999085,0.837407,0.083148
KCHOG,81,90,2,600,2,0.400969,0.100581,0.133562
KCF,101,90,2,600,1,2.55444,2.25874,0.136688
KCHOG,101,90,2,600,2,0.629352,0.153682,0.205969
KCF,1,90,2,600,1,0.003942,0.003698,0.000141
KCHOG,1,90,2,600,2,0.006333,0.005726,0.000419
KCF,21,90,2,600,1,0.050342,0.039592,0.005725
KCHOG,21,90,2,600,1,0.021019,0.007806,0.007468
KCF,41,90,2,600,1,0.312384,0.262292,0.022565
KCHOG,41,90,2,600,1,0.06737,0.021367,0.025237
KCF,61,90,2,600,1,0.481723,0.387909,0.047469
KCHOG,61,90,2,600,1,0.151936,0.042369,0.050585
KCF,81,90,2,600,1,0.918869,0.737274,0.083426
KCHOG,81,90,2,600,1,0.247602,0.0626,0.088097
KCF,101,90,2,600,1,1.53198,1.23525,0.131105
KCHOG,101,90,2,600,1,0.360574,0.099548,0.127225
KCF,1,90,2,600,1,0.004128,0.003887,0.00014
KCHOG,1,90,2,600,1,0.003747,0.002717,0.000908
KCF,21,90,2,600,1,0.081429,0.070806,0.005545
KCHOG,21,90,2,600,1,0.018323,0.007248,0.00613
KCF,41,90,2,600,1,0.352746,0.303543,0.022352
KCHOG,41,90,2,600,1,0.073489,0.020198,0.026923
KCF,61,90,2,600,1,0.560463,0.464708,0.049523
KCHOG,61,90,2,600,1,0.15359,0.040902,0.052748
KCF,81,90,2,600,1,1.08919,0.903649,0.085527
KCHOG,81,90,2,600,1,0.231612,0.063062,0.088876
KCF,101,90,2,600,1,2.46796,2.1726,0.13527
KCHOG,101,90,2,600,1,0.370104,0.093655,0.136596
KCF,1,90,2,600,1,0.004203,0.003935,0.000154
KCHOG,1,90,2,600,2,0.006593,0.006053,0.000317
KCF,21,90,2,600,1,0.058128,0.04715,0.005599
KCHOG,21,90,2,600,1,0.020829,0.007938,0.007789
KCF,41,90,2,600,1,0.162248,0.119456,0.02213
KCHOG,41,90,2,600,1,0.07098,0.020434,0.024488
KCF,61,90,2,600,1,0.268492,0.17436,0.048316
KCHOG,61,90,2,600,1,0.141141,0.04077,0.053254
KCF,81,90,2,600,1,1.02688,0.846415,0.08363
KCHOG,81,90,2,600,1,0.252722,0.064314,0.089716
KCF,101,90,2,600,1,2.11963,1.85002,0.129593
KCHOG,101,90,2,600,1,0.389168,0.095934,0.134071
KCF,1,90,2,600,1,0.0031,0.002859,0.00014
KCHOG,1,90,2,600,1,0.003733,0.002835,0.000775
KCF,21,90,2,600,1,0.095394,0.083878,0.006354
KCHOG,21,90,2,600,1,0.019644,0.007952,0.006624
KCF,41,90,2,600,1,0.353902,0.311196,0.022233
KCHOG,41,90,2,600,1,0.063343,0.020293,0.023034
KCF,61,90,2,600,1,0.545519,0.449257,0.052125
KCHOG,61,90,2,600,1,0.136673,0.039389,0.051585
KCF,81,90,2,600,1,1.04486,0.862524,0.083793
KCHOG,81,90,2,600,1,0.251529,0.063276,0.089974
KCF,101,90,2,600,1,2.43587,2.14066,0.136024
KCHOG,101,90,2,600,1,0.387168,0.095455,0.133075
KCF,1,90,2,600,1,0.004171,0.003904,0.000152
KCHOG,1,90,2,600,2,0.007155,0.005821,0.001134
KCF,21,90,2,600,1,0.040399,0.029384,0.005821
KCHOG,21,90,2,600,1,0.021657,0.008045,0.007427
KCF,41,90,2,600,1,0.162611,0.113878,0.022008
KCHOG,41,90,2,600,1,0.064582,0.020475,0.024
KCF,61,90,2,600,1,0.439248,0.343726,0.048909
KCHOG,61,90,2,600,1,0.142311,0.040967,0.053802
KCF,81,90,2,600,1,1.12316,0.959722,0.084006
KCHOG,81,90,2,600,1,0.236938,0.064069,0.091603
KCF,101,90,2,600,1,2.43183,2.13323,0.136916
KCHOG,101,90,2,600,1,0.392302,0.09697,0.135251
KCF,1,90,2,600,1,0.002733,0.002471,0.00014
KCHOG,1,90,2,600,1,0.002943,0.002422,0.000402
KCF,21,90,2,600,1,0.081381,0.070473,0.005836
KCHOG,21,90,2,600,1,0.019445,0.007282,0.007131
KCF,41,90,2,600,1,0.312518,0.26824,0.022926
KCHOG,41,90,2,600,1,0.066966,0.019803,0.026807
KCF,61,90,2,600,1,0.581897,0.470873,0.050442
KCHOG,61,90,2,600,1,0.154673,0.04076,0.053054
KCF,81,90,2,600,1,0.924299,0.733152,0.087176
KCHOG,81,90,2,600,1,0.25999,0.065844,0.092137
KCF,101,90,2,600,1,3.22714,2.92026,0.141092
KCHOG,101,90,2,600,1,0.389052,0.095841,0.133994
KCF,1,90,2,600,1,0.003062,0.002822,0.00014
KCHOG,1,90,2,600,1,0.00407,0.00289,0.001057
KCF,21,90,2,600,1,0.07999,0.069281,0.00555
KCHOG,21,90,2,600,2,0.030808,0.011948,0.009953
KCF,41,90,2,600,1,0.416701,0.374263,0.02228
KCHOG,41,90,2,600,2,0.111159,0.031968,0.037474
KCF,61,90,2,600,1,0.568112,0.474545,0.048125
KCHOG,61,90,2,600,2,0.241482,0.069488,0.073258
KCF,81,90,2,600,1,1.0063,0.839356,0.08373
KCHOG,81,90,2,600,2,0.40052,0.103677,0.129757
KCF,101,90,2,600,1,2.60854,2.3417,0.135064
KCHOG,101,90,2,600,3,0.856046,0.207563,0.274043
KCF,1,90,2,600,1,0.004221,0.003974,0.000142
KCHOG,1,90,2,600,1,0.003889,0.002818,0.000947
KCF,21,90,2,600,1,0.087946,0.076642,0.006283
KCHOG,21,90,2,600,1,0.018638,0.007219,0.006502
KCF,41,90,2,600,1,0.408731,0.367637,0.021232
KCHOG,41,90,2,600,1,0.068602,0.019821,0.022645
KCF,61,90,2,600,1,0.595607,0.489169,0.048624
KCHOG,61,90,2,600,1,0.149968,0.039907,0.051188
KCF,81,90,2,600,1,1.09557,0.906595,0.08745
KCHOG,81,90,2,600,1,0.234718,0.064706,0.089602
KCF,101,90,2,600,1,2.4287,2.12521,0.139853
KCHOG,101,90,2,600,1,0.395701,0.097846,0.136541
KCF,1,90,2,600,1,0.004212,0.003938,0.000143
KCHOG,1,90,2,600,1,0.003708,0.002573,0.001011
KCF,21,90,2,600,1,0.105033,0.094084,0.005787
KCHOG,21,90,2,600,1,0.018718,0.007246,0.006521
KCF,41,90,2,600,1,0.403191,0.359356,0.022623
KCHOG,41,90,2,600,1,0.073389,0.021042,0.02461
KCF,61,90,2,600,1,0.559228,0.447072,0.051206
KCHOG,61,90,2,600,1,0.143215,0.041271,0.053653
KCF,81,90,2,600,1,1.1306,0.947752,0.084195
KCHOG,81,90,2,600,1,0.230417,0.062732,0.088171
KCF,101,90,2,600,1,1.70883,1.42635,0.120757
KCHOG,101,90,2,600,1,0.386178,0.095144,0.133231
KCF,1,90,2,600,1,0.004033,0.003759,0.000143
KCHOG,1,90,2,600,3,0.008709,0.006681,0.001747
KCF,21,90,2,600,1,0.058573,0.047956,0.005628
KCHOG,21,90,2,600,1,0.019611,0.007595,0.007107
KCF,41,90,2,600,1,0.385854,0.341438,0.023243
KCHOG,41,90,2,600,1,0.072534,0.021408,0.024457
KCF,61,90,2,600,1,0.4591,0.3632,0.049137
KCHOG,61,90,2,600,1,0.139037,0.040325,0.052485
KCF,81,90,2,600,1,0.632054,0.470054,0.083
KCHOG,81,90,2,600,1,0.231482,0.063612,0.088137
KCF,101,90,2,600,1,1.23801,0.954481,0.122457
KCHOG,101,90,2,600,1,0.387537,0.09772,0.131711
KCF,1,90,2,600,1,0.003962,0.003716,0.000141
KCHOG,1,90,2,600,3,0.009254,0.0072,0.001747
KCF,21,90,2,600,1,0.056819,0.046186,0.00563
KCHOG,21,90,2,600,1,0.019884,0.007836,0.007155
KCF,41,90,2,600,1,0.356841,0.306716,0.022746
KCHOG,41,90,2,600,1,0.071059,0.020419,0.023946
KCF,61,90,2,600,1,0.494267,0.389232,0.04693
KCHOG,61,90,2,600,1,0.132527,0.038241,0.050708
KCF,81,90,2,600,1,0.529501,0.369378,0.082065
KCHOG,81,90,2,600,1,0.227578,0.0618,0.087495
KCF,101,90,2,600,1,1.14758,0.866927,0.123964
KCHOG,101,90,2,600,1,0.387597,0.094498,0.135186
KCF,1,90,2,600,1,0.00284,0.002567,0.000145
KCHOG,1,90,2,600,1,0.003597,0.002606,0.000863
KCF,21,90,2,600,1,0.085574,0.074042,0.006289
KCHOG,21,90,2,600,2,0.031821,0.011517,0.010241
KCF,41,90,2,600,1,0.285072,0.243502,0.021557
KCHOG,41,90,2,600,2,0.107984,0.03066,0.034128
KCF,61,90,2,600,1,0.492851,0.399209,0.048132
KCHOG,61,90,2,600,2,0.237844,0.064696,0.07463
KCF,81,90,2,600,1,1.01852,0.838067,0.083357
KCHOG,81,90,2,600,2,0.379689,0.094324,0.132395
KCF,101,90,2,600,1,3.51988,3.2238,0.135911
KCHOG,101,90,2,600,2,0.624185,0.151727,0.204696
KCF,1,90,2,600,1,0.004246,0.003972,0.000152
KCHOG,1,90,2,600,1,0.003658,0.002576,0.000957
KCF,21,90,2,600,1,0.07369,0.06302,0.005634
KCHOG,21,90,2,600,1,0.019451,0.007141,0.006399
KCF,41,90,2,600,1,0.303845,0.262437,0.021725
KCHOG,41,90,2,600,1,0.06167,0.019549,0.022504
KCF,61,90,2,600,1,0.513453,0.420701,0.047599
KCHOG,61,90,2,600,1,0.146279,0.038381,0.050372
KCF,81,90,2,600,1,1.1767,0.999064,0.082543
KCHOG,81,90,2,600,1,0.223924,0.060413,0.085813
KCF,101,90,2,600,1,2.2858,1.99974,0.132572
KCHOG,101,90,2,600,1,0.349097,0.089434,0.130969
KCF,1,90,2,600,1,0.004226,0.003968,0.000152
KCHOG,1,90,2,600,1,0.003473,0.002635,0.000722
KCF,21,90,2,600,1,0.07746,0.066921,0.005741
KCHOG,21,90,2,600,1,0.017613,0.006642,0.006041
KCF,41,90,2,600,1,0.315695,0.267387,0.023028
KCHOG,41,90,2,600,1,0.057233,0.017688,0.020776
KCF,61,90,2,600,1,0.498826,0.408633,0.046414
KCHOG,61,90,2,600,1,0.140027,0.037224,0.048611
KCF,81,90,2,600,1,1.53083,1.36803,0.086151
KCHOG,81,90,2,600,1,0.225483,0.060516,0.086088
KCF,101,90,2,600,1,3.62913,3.36665,0.134387
KCHOG,101,90,2,600,1,0.381551,0.092565,0.139005
KCF,1,90,2,600,1,0.00389,0.003647,0.000139
KCHOG,1,90,2,600,2,0.006503,0.005383,0.000907
KCF,21,90,2,600,1,0.051383,0.03958,0.005698
KCHOG,21,90,2,600,1,0.019119,0.007416,0.006845
KCF,41,90,2,600,1,0.234028,0.193812,0.02077
KCHOG,41,90,2,600,1,0.066191,0.018954,0.022667
KCF,61,90,2,600,1,0.467204,0.375219,0.047467
KCHOG,61,90,2,600,1,0.135316,0.039144,0.050966
KCF,81,90,2,600,1,0.946539,0.792074,0.077198
KCHOG,81,90,2,600,1,0.229939,0.06213,0.088779
KCF,101,90,2,600,1,1.95334,1.65675,0.136626
KCHOG,101,90,2,600,1,0.377784,0.091852,0.132172
KCF,1,90,2,600,1,0.003981,0.003744,0.000138
KCHOG,1,90,2,600,1,0.003682,0.002838,0.000714
KCF,21,90,2,600,1,0.112851,0.102436,0.005438
KCHOG,21,90,2,600,1,0.018025,0.007038,0.00628
KCF,41,90,2,600,1,0.332039,0.288983,0.023415
KCHOG,41,90,2,600,1,0.060003,0.018643,0.021893
KCF,61,90,2,600,1,0.482413,0.390867,0.047255
KCHOG,61,90,2,600,1,0.146417,0.038368,0.050792
KCF,81,90,2,600,1,1.0452,0.883686,0.08612
KCHOG,81,90,2,600,1,0.240018,0.060892,0.084894
KCF,101,90,2,600,1,1.97806,1.70338,0.127084
KCHOG,101,90,2,600,1,0.368338,0.090545,0.126711
KCF,1,90,2,600,1,0.002995,0.002732,0.000141
KCHOG,1,90,2,600,1,0.003576,0.00272,0.000748
KCF,21,90,2,600,1,0.067554,0.056918,0.00553
KCHOG,21,90,2,600,2,0.030431,0.011264,0.009195
KCF,41,90,2,600,1,0.312967,0.272784,0.020953
KCHOG,41,90,2,600,2,0.09802,0.029422,0.032538
KCF,61,90,2,600,1,0.513062,0.411599,0.046277
KCHOG,61,90,2,600,2,0.224482,0.053548,0.072458
KCF,81,90,2,600,1,0.899849,0.741575,0.080822
KCHOG,81,90,2,600,2,0.383914,0.094819,0.129003
KCF,101,90,2,600,1,2.19341,1.91124,0.124819
KCHOG,101,90,2,600,2,0.609321,0.147805,0.201046
KCF,1,90,2,600,1,0.00305,0.002776,0.000173
KCHOG,1,90,2,600,1,0.003696,0.002776,0.000794
KCF,21,90,2,600,1,0.064815,0.053932,0.005666
KCHOG,21,90,2,600,1,0.01921,0.007724,0.006445
KCF,41,90,2,600,1,0.316129,0.276214,0.020326
KCHOG,41,90,2,600,1,0.059452,0.018723,0.021603
KCF,61,90,2,600,1,0.543174,0.43744,0.04832
KCHOG,61,90,2,600,1,0.136008,0.039196,0.050996
KCF,81,90,2,600,1,1.65185,1.49123,0.082168
KCHOG,81,90,2,600,1,0.231309,0.062244,0.088775
KCF,101,90,2,600,1,1.74885,1.45681,0.141488
KCHOG,101,90,2,600,1,0.386007,0.09484,0.133533
KCF,1,90,2,600,2,0.005823,0.005379,0.000217
KCHOG,1,90,2,600,2,0.006195,0.004627,0.001343
KCF,21,90,2,600,1,0.036058,0.025294,0.00571
KCHOG,21,90,2,600,1,0.020337,0.008137,0.007171
KCF,41,90,2,600,1,0.178281,0.135818,0.022028
KCHOG,41,90,2,600,1,0.067422,0.021493,0.025034
KCF,61,90,2,600,1,0.386625,0.297099,0.046174
KCHOG,61,90,2,600,1,0.138173,0.039914,0.052099
KCF,81,90,2,600,1,0.524577,0.342189,0.084221
KCHOG,81,90,2,600,1,0.229054,0.061704,0.088332
KCF,101,90,2,600,1,1.1333,0.850845,0.126964
KCHOG,101,90,2,600,1,0.382811,0.094118,0.132675
KCF,1,90,2,600,1,0.003156,0.002894,0.000136
KCHOG,1,90,2,600,1,0.003663,0.002832,0.000711
KCF,21,90,2,600,1,0.084439,0.072746,0.005886
KCHOG,21,90,2,600,2,0.031986,0.011994,0.009707
KCF,41,90,2,600,1,0.355401,0.311387,0.023019
KCHOG,41,90,2,600,2,0.113123,0.033647,0.034581
KCF,61,90,2,600,1,0.479762,0.385334,0.047398
KCHOG,61,90,2,600,2,0.242199,0.062838,0.081701
KCF,81,90,2,600,1,1.9143,1.74053,0.080381
KCHOG,81,90,2,600,2,0.385629,0.096156,0.12841
KCF,101,90,2,600,1,3.49171,3.23359,0.131154
KCHOG,101,90,2,600,2,0.615028,0.1492,0.20167
KCF,1,90,2,600,1,0.004464,0.004188,0.000146
KCHOG,1,90,2,600,1,0.004253,0.002931,0.001193
KCF,21,90,2,600,1,0.092578,0.081297,0.005899
KCHOG,21,90,2,600,1,0.0199,0.007149,0.006713
KCF,41,90,2,600,1,0.303729,0.262814,0.021292
KCHOG,41,90,2,600,1,0.066385,0.019002,0.022423
KCF,61,90,2,600,1,1.08855,0.997031,0.046711
KCHOG,61,90,2,600,1,0.130457,0.037429,0.049156
KCF,81,90,2,600,1,1.5501,1.36151,0.094807
KCHOG,81,90,2,600,1,0.22156,0.059913,0.084725
KCF,101,90,2,600,1,2.8602,2.57228,0.132689
KCHOG,101,90,2,600,1,0.381048,0.094606,0.12999
KCF,1,90,2,600,1,0.004298,0.004022,0.000148
KCHOG,1,90,2,600,3,0.009764,0.007784,0.00166
KCF,21,90,2,600,1,0.038553,0.027661,0.005732
KCHOG,21,90,2,600,1,0.019724,0.007812,0.007005
KCF,41,90,2,600,1,0.144252,0.103501,0.021956
KCHOG,41,90,2,600,1,0.062351,0.019757,0.023164
KCF,61,90,2,600,1,0.404779,0.314981,0.04607
KCHOG,61,90,2,600,1,0.131919,0.038132,0.049827
KCF,81,90,2,600,1,0.518558,0.358684,0.081815
KCHOG,81,90,2,600,1,0.236278,0.061771,0.096784
KCF,101,90,2,600,1,0.880962,0.604915,0.122812
KCHOG,101,90,2,600,1,0.379383,0.092704,0.132033
KCF,1,90,2,600,1,0.004297,0.004018,0.000147
KCHOG,1,90,2,600,1,0.003754,0.002819,0.000806
KCF,21,90,2,600,1,0.087613,0.076906,0.005642
KCHOG,21,90,2,600,1,0.018869,0.006883,0.006217
KCF,41,90,2,600,1,0.371327,0.328779,0.021683
KCHOG,41,90,2,600,1,0.063473,0.019056,0.024423
KCF,61,90,2,600,1,0.505428,0.415456,0.045389
KCHOG,61,90,2,600,1,0.126951,0.037264,0.046719
KCF,81,90,2,600,1,1.4038,1.24176,0.086239
KCHOG,81,90,2,600,1,0.219975,0.059451,0.084165
KCF,101,90,2,600,1,2.03766,1.77553,0.133076
KCHOG,101,90,2,600,1,0.364622,0.08914,0.126255
KCF,1,90,2,600,2,0.005435,0.005031,0.000217
KCHOG,1,90,2,600,2,0.005602,0.004241,0.00115
KCF,21,90,2,600,1,0.035706,0.024194,0.005508
KCHOG,21,90,2,600,1,0.01882,0.0071,0.006908
KCF,41,90,2,600,1,0.146044,0.102581,0.023571
KCHOG,41,90,2,600,1,0.061826,0.019066,0.022946
KCF,61,90,2,600,1,0.331324,0.240534,0.046334
KCHOG,61,90,2,600,1,0.135367,0.038221,0.05149
KCF,81,90,2,600,1,0.46853,0.312509,0.07999
KCHOG,81,90,2,600,1,0.222044,0.0608,0.085049
KCF,101,90,2,600,1,0.718886,0.461415,0.125769
KCHOG,101,90,2,600,1,0.343912,0.088058,0.128406
KCF,1,90,2,600,1,0.004234,0.003961,0.000139
KCHOG,1,90,2,600,1,0.003322,0.002471,0.00075
KCF,21,90,2,600,1,0.096964,0.086385,0.005697
KCHOG,21,90,2,600,1,0.01796,0.006833,0.006295
KCF,41,90,2,600,1,0.341605,0.301316,0.021109
KCHOG,41,90,2,600,1,0.060706,0.018695,0.022362
KCF,61,90,2,600,1,0.488027,0.394593,0.048253
KCHOG,61,90,2,600,1,0.141357,0.037211,0.048569
KCF,81,90,2,600,1,1.54319,1.3787,0.086839
KCHOG,81,90,2,600,1,0.234081,0.063429,0.089987
KCF,101,90,2,600,1,2.99839,2.73749,0.128651
KCHOG,101,90,2,600,1,0.383192,0.096697,0.128991
KCF,1,90,2,600,1,0.002854,0.002591,0.000146
KCHOG,1,90,2,600,1,0.003424,0.002549,0.000752
KCF,21,90,2,600,1,0.080738,0.07015,0.005627
KCHOG,21,90,2,600,2,0.030644,0.010864,0.009631
KCF,41,90,2,600,1,0.326054,0.278872,0.021483
KCHOG,41,90,2,600,2,0.115635,0.034469,0.035974
KCF,61,90,2,600,1,0.512821,0.407323,0.047859
KCHOG,61,90,2,600,2,0.238202,0.063007,0.077218
KCF,81,90,2,600,1,1.74914,1.57125,0.081582
KCHOG,81,90,2,600,2,0.397267,0.097529,0.133996
KCF,101,90,2,600,1,3.36754,3.07733,0.13533
KCHOG,101,90,2,600,2,0.606606,0.145414,0.199348
KCF,1,90,2,600,1,0.004171,0.003881,0.00015
KCHOG,1,90,2,600,3,0.009504,0.007571,0.001616
KCF,21,90,2,600,1,0.04453,0.03367,0.005606
KCHOG,21,90,2,600,1,0.01992,0.007608,0.00724
KCF,41,90,2,600,1,0.20712,0.158672,0.023453
KCHOG,41,90,2,600,1,0.068579,0.019629,0.023261
KCF,61,90,2,600,1,0.40254,0.310509,0.047521
KCHOG,61,90,2,600,1,0.132115,0.0379,0.050112
KCF,81,90,2,600,1,0.805191,0.645011,0.08232
KCHOG,81,90,2,600,1,0.222455,0.060894,0.085263
KCF,101,90,2,600,1,1.07947,0.841831,0.112075
KCHOG,101,90,2,600,1,0.351794,0.089997,0.131602
KCF,1,90,2,600,1,0.004113,0.003869,0.000143
KCHOG,1,90,2,600,1,0.003541,0.002566,0.000846
KCF,21,90,2,600,1,0.08753,0.076583,0.005842
KCHOG,21,90,2,600,5,0.066332,0.024228,0.019783
KCF,41,90,2,600,1,0.306711,0.266803,0.020715
KCHOG,41,90,2,600,5,0.219238,0.063452,0.073626
KCF,61,90,2,600,1,0.491776,0.396811,0.04288
KCHOG,61,90,2,600,5,0.477609,0.12634,0.16217
KCF,81,90,2,600,1,1.36934,1.19514,0.083063
KCHOG,81,90,2,600,4,0.676159,0.165911,0.216958
KCF,101,90,2,600,1,2.33439,2.07714,0.129648
KCHOG,101,90,2,600,3,0.815831,0.195856,0.263654
KCF,1,90,2,600,1,0.003926,0.003686,0.000139
KCHOG,1,90,2,600,2,0.006362,0.005794,0.000381
KCF,21,90,2,600,1,0.05792,0.047485,0.005504
KCHOG,21,90,2,600,1,0.019165,0.00727,0.00723
KCF,41,90,2,600,1,0.177954,0.138608,0.020497
KCHOG,41,90,2,600,1,0.065072,0.018424,0.022443
KCF,61,90,2,600,1,0.316965,0.230292,0.044589
KCHOG,61,90,2,600,1,0.123411,0.030611,0.046686
KCF,81,90,2,600,1,0.871644,0.71723,0.079934
KCHOG,81,90,2,600,1,0.234806,0.06186,0.081642
KCF,101,90,2,600,1,1.32973,1.05143,0.124895
KCHOG,101,90,2,600,1,0.352636,0.091215,0.13198
KCF,1,90,2,600,2,0.005372,0.004947,0.000215
KCHOG,1,90,2,600,2,0.00606,0.004458,0.001389
KCF,21,90,2,600,1,0.040303,0.029625,0.005728
KCHOG,21,90,2,600,1,0.020263,0.007458,0.006975
KCF,41,90,2,600,1,0.156584,0.113809,0.022105
KCHOG,41,90,2,600,1,0.071952,0.020489,0.024654
KCF,61,90,2,600,1,0.402873,0.29572,0.048622
KCHOG,61,90,2,600,1,0.135481,0.038942,0.051052
KCF,81,90,2,600,1,0.45536,0.279452,0.081192
KCHOG,81,90,2,600,1,0.228037,0.062053,0.087588
KCF,101,90,2,600,1,1.7594,1.49809,0.128782
KCHOG,101,90,2,600,1,0.347216,0.089812,0.129357
KCF,1,90,2,600,1,0.002944,0.002678,0.000145
KCHOG,1,90,2,600,1,0.003602,0.002661,0.000842
KCF,21,90,2,600,1,0.092702,0.08224,0.005643
KCHOG,21,90,2,600,4,0.058032,0.023112,0.016886
KCF,41,90,2,600,1,0.326958,0.283707,0.022394
KCHOG,41,90,2,600,4,0.201591,0.062682,0.061161
KCF,61,90,2,600,1,0.604541,0.507584,0.049812
KCHOG,61,90,2,600,4,0.427861,0.119115,0.135429
KCF,81,90,2,600,1,1.12764,0.966713,0.081257
KCHOG,81,90,2,600,5,0.882572,0.224391,0.276231
KCF,101,90,2,600,1,2.20322,1.92176,0.125529
KCHOG,101,90,2,600,4,1.0548,0.262122,0.344393
KCF,1,90,2,600,1,0.002875,0.002609,0.000141
KCHOG,1,90,2,600,1,0.003525,0.002606,0.000796
KCF,21,90,2,600,1,0.081268,0.069453,0.005638
KCHOG,21,90,2,600,3,0.041563,0.015141,0.01294
KCF,41,90,2,600,1,0.31609,0.268761,0.02113
KCHOG,41,90,2,600,2,0.101899,0.028509,0.03279
KCF,61,90,2,600,1,0.521317,0.431429,0.045067
KCHOG,61,90,2,600,2,0.241241,0.062965,0.078388
KCF,81,90,2,600,1,1.32433,1.16465,0.081328
KCHOG,81,90,2,600,2,0.366648,0.094177,0.128575
KCF,101,90,2,600,1,4.21422,3.94759,0.135233
KCHOG,101,90,2,600,2,0.60342,0.146551,0.197987
KCF,1,90,2,600,1,0.002867,0.002578,0.000135
KCHOG,1,90,2,600,1,0.003372,0.002533,0.000714
KCF,21,90,2,600,1,0.083822,0.071778,0.005848
KCHOG,21,90,2,600,2,0.030416,0.010998,0.010679
KCF,41,90,2,600,1,0.233242,0.190972,0.02288
KCHOG,41,90,2,600,2,0.103083,0.029662,0.032082
KCF,61,90,2,600,1,0.49638,0.393936,0.04669
KCHOG,61,90,2,600,2,0.230477,0.061771,0.073089
KCF,81,90,2,600,1,0.853366,0.691274,0.083205
KCHOG,81,90,2,600,2,0.395799,0.09762,0.133014
KCF,101,90,2,600,1,3.34902,3.04882,0.143121
KCHOG,101,90,2,600,2,0.586141,0.147114,0.202264
KCF,1,90,2,600,1,0.004348,0.004095,0.000147
KCHOG,1,90,2,600,1,0.00394,0.002849,0.000969
KCF,21,90,2,600,1,0.106754,0.096142,0.005548
KCHOG,21,90,2,600,1,0.018716,0.007153,0.006649
KCF,41,90,2,600,1,0.306063,0.265033,0.021052
KCHOG,41,90,2,600,1,0.06612,0.019094,0.021925
KCF,61,90,2,600,1,0.480829,0.387928,0.046944
KCHOG,61,90,2,600,1,0.132568,0.038329,0.049705
KCF,81,90,2,600,1,0.887109,0.725701,0.082224
KCHOG,81,90,2,600,1,0.229914,0.060583,0.091903
KCF,101,90,2,600,1,1.69332,1.43767,0.127001
KCHOG,101,90,2,600,1,0.374237,0.093515,0.126699
KCF,1,90,2,600,1,0.004348,0.004096,0.000149
KCHOG,1,90,2,600,1,0.003996,0.002868,0.000998
KCF,21,90,2,600,1,0.071032,0.060166,0.005784
KCHOG,21,90,2,600,1,0.018903,0.007444,0.006447
KCF,41,90,2,600,1,0.296813,0.2569,0.020243
KCHOG,41,90,2,600,1,0.062928,0.019604,0.023103
KCF,61,90,2,600,1,0.485028,0.381771,0.04687
KCHOG,61,90,2,600,1,0.144684,0.038283,0.050015
KCF,81,90,2,600,1,1.43443,1.25497,0.083903
KCHOG,81,90,2,600,1,0.221909,0.05981,0.085138
KCF,101,90,2,600,1,3.80598,3.55248,0.134843
KCHOG,101,90,2,600,1,0.347611,0.089738,0.129271
KCF,1,90,2,600,2,0.00609,0.005672,0.000222
KCHOG,1,90,2,600,2,0.005913,0.004913,0.000778
KCF,21,90,2,600,1,0.040315,0.028645,0.005464
KCHOG,21,90,2,600,1,0.019727,0.00779,0.007003
KCF,41,90,2,600,1,0.181494,0.138083,0.023849
KCHOG,41,90,2,600,1,0.063054,0.02002,0.023351
KCF,61,90,2,600,1,0.416567,0.305723,0.05343
KCHOG,61,90,2,600,1,0.13306,0.04239,0.04689
KCF,81,90,2,600,1,0.93628,0.774095,0.082404
KCHOG,81,90,2,600,1,0.226663,0.061573,0.087091
KCF,101,90,2,600,1,1.49482,1.20894,0.12842
KCHOG,101,90,2,600,1,0.377164,0.095229,0.128196
KCF,1,90,2,600,1,0.003114,0.00285,0.000141
KCHOG,1,90,2,600,1,0.003694,0.002817,0.000755
KCF,21,90,2,600,1,0.090417,0.079606,0.00578
KCHOG,21,90,2,600,2,0.032057,0.011469,0.010784
KCF,41,90,2,600,1,0.262349,0.215821,0.021255
KCHOG,41,90,2,600,2,0.111042,0.032656,0.034295
KCF,61,90,2,600,1,0.502146,0.397099,0.048265
KCHOG,61,90,2,600,3,0.318878,0.091709,0.099338
KCF,81,90,2,600,1,1.04086,0.879368,0.080476
KCHOG,81,90,2,600,2,0.391236,0.0997,0.128525
KCF,101,90,2,600,1,2.33586,2.0498,0.132587
KCHOG,101,90,2,600,2,0.579356,0.144437,0.200447
KCF,1,90,2,600,2,0.005487,0.005041,0.000236
KCHOG,1,90,2,600,2,0.005982,0.00459,0.001201
KCF,21,90,2,600,1,0.051659,0.039968,0.005403
KCHOG,21,90,2,600,1,0.020155,0.007791,0.007483
KCF,41,90,2,600,1,0.159677,0.112523,0.021553
KCHOG,41,90,2,600,1,0.061925,0.019371,0.02297
KCF,61,90,2,600,1,0.399138,0.29609,0.047052
KCHOG,61,90,2,600,1,0.133485,0.038413,0.050723
KCF,81,90,2,600,1,0.842366,0.663464,0.082888
KCHOG,81,90,2,600,1,0.24245,0.060969,0.086522
KCF,101,90,2,600,1,0.991248,0.708551,0.126397
KCHOG,101,90,2,600,1,0.360254,0.092606,0.134853
KCF,1,90,2,600,1,0.003202,0.002926,0.000145
KCHOG,1,90,2,600,1,0.003872,0.002926,0.000813
KCF,21,90,2,600,1,0.08639,0.075296,0.005859
KCHOG,21,90,2,600,2,0.031308,0.011931,0.009848
KCF,41,90,2,600,1,0.326527,0.284465,0.021782
KCHOG,41,90,2,600,2,0.108804,0.030904,0.034641
KCF,61,90,2,600,1,0.535715,0.429284,0.048577
KCHOG,61,90,2,600,2,0.244356,0.066867,0.076434
KCF,81,90,2,600,1,1.04155,0.86062,0.083903
KCHOG,81,90,2,600,2,0.403433,0.099733,0.135984
KCF,101,90,2,600,1,2.02485,1.76138,0.128437
KCHOG,101,90,2,600,2,0.631528,0.158647,0.202228
KCF,1,90,2,600,1,0.004391,0.004128,0.000144
KCHOG,1,90,2,600,1,0.003934,0.002902,0.000895
KCF,21,90,2,600,1,0.075748,0.064644,0.006024
KCHOG,21,90,2,600,1,0.019368,0.007742,0.006642
KCF,41,90,2,600,1,0.323305,0.278678,0.024353
KCHOG,41,90,2,600,1,0.062316,0.01955,0.022542
KCF,61,90,2,600,1,0.620542,0.507367,0.051135
KCHOG,61,90,2,600,1,0.147562,0.043569,0.054921
KCF,81,90,2,600,1,1.02095,0.851012,0.085544
KCHOG,81,90,2,600,1,0.240367,0.066334,0.091408
KCF,101,90,2,600,1,3.0445,2.77219,0.135142
KCHOG,101,90,2,600,1,0.38946,0.103666,0.142192
KCF,1,90,2,600,1,0.003353,0.003081,0.000148
KCHOG,1,90,2,600,1,0.004171,0.002954,0.001078
KCF,21,90,2,600,1,0.107079,0.095178,0.006436
KCHOG,21,90,2,600,2,0.033832,0.012954,0.011451
KCF,41,90,2,600,1,0.481636,0.429083,0.023782
KCHOG,41,90,2,600,2,0.128668,0.038308,0.039896
KCF,61,90,2,600,1,0.694673,0.577017,0.05211
KCHOG,61,90,2,600,2,0.258995,0.068641,0.083106
KCF,81,90,2,600,1,1.30539,1.12431,0.091124
KCHOG,81,90,2,600,2,0.41948,0.10427,0.139359
KCF,101,90,2,600,1,3.46153,3.18452,0.140589
KCHOG,101,90,2,600,2,0.655365,0.160717,0.213425
KCF,1,90,2,600,1,0.004452,0.004173,0.000166
KCHOG,1,90,2,600,1,0.003977,0.002905,0.000939
KCF,21,90,2,600,1,0.129482,0.117851,0.006394
KCHOG,21,90,2,600,1,0.019755,0.007977,0.006698
KCF,41,90,2,600,1,0.32377,0.267895,0.02651
KCHOG,41,90,2,600,1,0.066824,0.021202,0.024502
KCF,61,90,2,600,1,0.628636,0.526691,0.052291
KCHOG,61,90,2,600,1,0.160274,0.042378,0.054724
KCF,81,90,2,600,1,1.15669,0.970349,0.082382
KCHOG,81,90,2,600,1,0.230538,0.063078,0.088605
KCF,101,90,2,600,1,1.73325,1.47229,0.12987
KCHOG,101,90,2,600,1,0.375852,0.10489,0.132209
KCF,1,90,2,600,2,0.006087,0.005637,0.000233
KCHOG,1,90,2,600,2,0.006459,0.004846,0.001386
KCF,21,90,2,600,1,0.052695,0.041941,0.005665
KCHOG,21,90,2,600,1,0.021381,0.008675,0.007633
KCF,41,90,2,600,1,0.163823,0.118995,0.023231
KCHOG,41,90,2,600,1,0.076728,0.022042,0.026274
KCF,61,90,2,600,1,0.458988,0.358685,0.050695
KCHOG,61,90,2,600,1,0.146745,0.042879,0.055531
KCF,81,90,2,600,1,0.577999,0.410063,0.085229
KCHOG,81,90,2,600,1,0.232991,0.063426,0.090105
KCF,101,90,2,600,1,1.14173,0.876713,0.129387
KCHOG,101,90,2,600,1,0.367965,0.095941,0.137101
