BA,1,100,2,600,3,0.013607,0.01339,0.000154
KC,1,100,2,600,2,0.005105,0.004764,0.000176
BA,21,100,2,600,13,0.312534,0.284682,0.027441
KC,21,100,2,600,1,0.034291,0.024117,0.004508
BA,41,100,2,600,12,0.36027,0.256159,0.103581
KC,41,100,2,600,1,0.092036,0.052396,0.018515
BA,61,100,2,600,12,0.511239,0.298534,0.211974
KC,61,100,2,600,1,0.181541,0.090913,0.042083
BA,81,100,2,600,12,0.597316,0.297298,0.299366
KC,81,100,2,600,1,0.336003,0.197621,0.066407
BA,101,100,2,600,12,0.949053,0.399389,0.5484
KC,101,100,2,600,1,0.765729,0.563972,0.09321
BA,1,100,2,600,4,0.015814,0.015551,0.000184
KC,1,100,2,600,1,0.003028,0.002856,0.0001
BA,21,100,2,600,15,0.337455,0.310007,0.02698
KC,21,100,2,600,1,0.021125,0.013815,0.00382
BA,41,100,2,600,15,0.433391,0.334752,0.097968
KC,41,100,2,600,1,0.131981,0.099574,0.018944
BA,61,100,2,600,16,0.813936,0.534233,0.278705
KC,61,100,2,600,1,0.357046,0.282729,0.038899
BA,81,100,2,600,17,1.21553,0.690446,0.523841
KC,81,100,2,600,1,0.354138,0.206296,0.061657
BA,101,100,2,600,15,1.09173,0.503056,0.58765
KC,101,100,2,600,1,0.442195,0.237494,0.093318
BA,1,100,2,600,4,0.017299,0.017029,0.000183
KC,1,100,2,600,1,0.003006,0.002836,9.8e-05
BA,21,100,2,600,14,0.330777,0.304429,0.025372
KC,21,100,2,600,1,0.020002,0.012568,0.003937
BA,41,100,2,600,14,0.408576,0.31526,0.092582
KC,41,100,2,600,1,0.067647,0.036667,0.015129
BA,61,100,2,600,14,0.566125,0.365123,0.20019
KC,61,100,2,600,1,0.152513,0.08591,0.0319
BA,81,100,2,600,14,0.768638,0.41493,0.352795
KC,81,100,2,600,1,0.255992,0.128522,0.055517
BA,101,100,2,600,14,1.02491,0.475553,0.548393
KC,101,100,2,600,1,0.430691,0.225196,0.093576
BA,1,100,2,600,2,0.004575,0.004447,9.6e-05
KC,1,100,2,600,1,0.00338,0.003208,9.8e-05
BA,21,100,2,600,3,0.015102,0.009682,0.005355
KC,21,100,2,600,1,0.061199,0.053114,0.003891
BA,41,100,2,600,3,0.033009,0.013279,0.019611
KC,41,100,2,600,1,0.172779,0.142262,0.014823
BA,61,100,2,600,3,0.063683,0.020368,0.043179
KC,61,100,2,600,1,0.361653,0.293779,0.032639
BA,81,100,2,600,3,0.103744,0.028418,0.075176
KC,81,100,2,600,1,0.849541,0.722761,0.055015
BA,101,100,2,600,3,0.156601,0.038518,0.117927
KC,101,100,2,600,1,3.107,2.89988,0.096109
BA,1,100,2,600,3,0.012155,0.011936,0.000147
KC,1,100,2,600,1,0.002346,0.002175,9.9e-05
BA,21,100,2,600,5,0.039556,0.030504,0.008934
KC,21,100,2,600,1,0.043707,0.035614,0.004006
BA,41,100,2,600,8,0.136165,0.081692,0.054161
KC,41,100,2,600,1,0.333799,0.303267,0.014997
BA,61,100,2,600,8,0.22559,0.111145,0.114034
KC,61,100,2,600,1,0.432973,0.366047,0.032219
BA,81,100,2,600,8,0.337774,0.137897,0.199458
KC,81,100,2,600,1,1.11837,0.99175,0.055883
BA,101,100,2,600,9,0.555528,0.205884,0.349088
KC,101,100,2,600,1,2.36689,2.16336,0.093085
BA,1,100,2,600,3,0.009613,0.009422,0.000134
KC,1,100,2,600,1,0.002383,0.002211,9.9e-05
BA,21,100,2,600,3,0.016388,0.01043,0.005902
KC,21,100,2,600,1,0.042129,0.034488,0.004137
BA,41,100,2,600,3,0.033702,0.013906,0.019693
KC,41,100,2,600,1,0.351742,0.321754,0.016523
BA,61,100,2,600,3,0.077342,0.024845,0.052364
KC,61,100,2,600,1,0.558926,0.477769,0.03939
BA,81,100,2,600,3,0.126684,0.035013,0.091518
KC,81,100,2,600,1,1.12201,0.970592,0.068189
BA,101,100,2,600,3,0.189414,0.04524,0.144004
KC,101,100,2,600,1,0.632201,0.386901,0.111871
BA,1,100,2,600,3,0.009208,0.009003,0.000149
KC,1,100,2,600,1,0.00234,0.002171,9.8e-05
BA,21,100,2,600,4,0.025658,0.018416,0.007158
KC,21,100,2,600,1,0.047392,0.039629,0.004245
BA,41,100,2,600,4,0.049663,0.023213,0.026284
KC,41,100,2,600,1,0.174404,0.142656,0.015997
BA,61,100,2,600,4,0.109959,0.040088,0.06967
KC,61,100,2,600,1,0.670154,0.595764,0.039335
BA,81,100,2,600,4,0.175738,0.053893,0.121644
KC,81,100,2,600,1,0.949847,0.806622,0.068305
BA,101,100,2,600,4,0.218995,0.062002,0.156768
KC,101,100,2,600,1,1.00523,0.803607,0.089562
BA,1,100,2,600,4,0.019186,0.018908,0.000194
KC,1,100,2,600,1,0.003042,0.002864,9.7e-05
BA,21,100,2,600,9,0.111155,0.09409,0.016803
KC,21,100,2,600,1,0.032204,0.024536,0.004156
BA,41,100,2,600,9,0.177221,0.115432,0.059238
KC,41,100,2,600,1,0.156331,0.125461,0.01713
BA,61,100,2,600,9,0.272462,0.142877,0.12913
KC,61,100,2,600,1,0.238217,0.170304,0.032561
BA,81,100,2,600,8,0.348861,0.144916,0.203432
KC,81,100,2,600,1,0.372342,0.262346,0.056144
BA,101,100,2,600,9,0.560261,0.206282,0.353405
KC,101,100,2,600,1,0.809747,0.614406,0.086138
BA,1,100,2,600,2,0.004591,0.004471,8.8e-05
KC,1,100,2,600,1,0.003135,0.002962,0.000101
BA,21,100,2,600,4,0.025237,0.017938,0.007217
KC,21,100,2,600,1,0.067704,0.060216,0.003967
BA,41,100,2,600,3,0.033651,0.013889,0.019648
KC,41,100,2,600,1,0.189512,0.159131,0.014639
BA,61,100,2,600,5,0.121824,0.049697,0.071878
KC,61,100,2,600,1,0.316465,0.24878,0.03266
BA,81,100,2,600,6,0.240133,0.088842,0.150942
KC,81,100,2,600,1,0.649289,0.533056,0.055934
BA,101,100,2,600,3,0.156127,0.038371,0.117597
KC,101,100,2,600,1,1.2071,1.00802,0.088034
BA,1,100,2,600,4,0.017262,0.016986,0.000195
KC,1,100,2,600,1,0.00307,0.0029,9.8e-05
BA,21,100,2,600,7,0.072513,0.059815,0.012516
KC,21,100,2,600,1,0.028619,0.02113,0.003962
BA,41,100,2,600,8,0.139847,0.086838,0.052671
KC,41,100,2,600,1,0.120119,0.089622,0.014781
BA,61,100,2,600,7,0.188008,0.087251,0.10041
KC,61,100,2,600,1,0.178022,0.110438,0.032844
BA,81,100,2,600,8,0.342026,0.139077,0.202426
KC,81,100,2,600,1,0.456109,0.330062,0.055992
BA,101,100,2,600,8,0.48229,0.169779,0.311993
KC,101,100,2,600,1,2.23134,2.01421,0.106466
BA,1,100,2,600,3,0.009631,0.00943,0.000141
KC,1,100,2,600,1,0.002362,0.002182,0.000114
BA,21,100,2,600,3,0.016146,0.00968,0.00641
KC,21,100,2,600,1,0.096379,0.0888,0.004039
BA,41,100,2,600,3,0.033987,0.01439,0.019519
KC,41,100,2,600,1,0.346132,0.315752,0.01498
BA,61,100,2,600,3,0.062877,0.019925,0.042809
KC,61,100,2,600,1,0.581345,0.51451,0.032213
BA,81,100,2,600,3,0.102724,0.027602,0.074995
KC,81,100,2,600,1,0.653006,0.537348,0.055674
BA,101,100,2,600,3,0.153238,0.03715,0.115926
KC,101,100,2,600,1,1.5114,1.30816,0.092843
BA,1,100,2,600,4,0.017447,0.017182,0.000177
KC,1,100,2,600,1,0.00305,0.002877,0.0001
BA,21,100,2,600,12,0.226844,0.202761,0.023199
KC,21,100,2,600,1,0.021729,0.014308,0.00387
BA,41,100,2,600,12,0.297754,0.21724,0.080078
KC,41,100,2,600,1,0.143998,0.113664,0.014837
BA,61,100,2,600,11,0.369624,0.214227,0.154834
KC,61,100,2,600,1,0.210106,0.140599,0.035209
BA,81,100,2,600,11,0.629124,0.295687,0.332764
KC,81,100,2,600,1,0.539594,0.396831,0.067132
BA,101,100,2,600,11,0.804831,0.320576,0.483557
KC,101,100,2,600,1,1.31264,1.12148,0.08259
BA,1,100,2,600,3,0.009355,0.009168,0.000132
KC,1,100,2,600,1,0.002131,0.001961,9.9e-05
BA,21,100,2,600,3,0.015363,0.009958,0.005349
KC,21,100,2,600,1,0.037987,0.030045,0.004462
BA,41,100,2,600,3,0.031947,0.01241,0.019441
KC,41,100,2,600,1,0.372495,0.34268,0.014581
BA,61,100,2,600,3,0.06237,0.01964,0.04262
KC,61,100,2,600,1,0.47135,0.405081,0.031837
BA,81,100,2,600,3,0.102238,0.027314,0.07479
KC,81,100,2,600,1,1.04057,0.914784,0.056075
BA,101,100,2,600,3,0.15254,0.03624,0.116143
KC,101,100,2,600,1,1.76262,1.56058,0.090523
BA,1,100,2,600,3,0.009828,0.00962,0.000153
KC,1,100,2,600,1,0.002387,0.002218,9.7e-05
BA,21,100,2,600,4,0.025278,0.018056,0.007135
KC,21,100,2,600,1,0.040308,0.032882,0.003948
BA,41,100,2,600,4,0.049371,0.02317,0.026055
KC,41,100,2,600,1,0.231236,0.200759,0.014892
BA,61,100,2,600,4,0.092346,0.034596,0.057559
KC,61,100,2,600,1,0.44676,0.379746,0.032328
BA,81,100,2,600,4,0.144555,0.044231,0.100145
KC,81,100,2,600,1,1.41227,1.27978,0.062215
BA,101,100,2,600,5,0.278942,0.082309,0.196223
KC,101,100,2,600,1,1.90321,1.69101,0.099541
BA,1,100,2,600,2,0.004854,0.004732,8.9e-05
KC,1,100,2,600,1,0.003233,0.003058,0.000103
BA,21,100,2,600,2,0.008636,0.005011,0.00359
KC,21,100,2,600,1,0.07819,0.070643,0.003998
BA,41,100,2,600,2,0.020382,0.007004,0.013304
KC,41,100,2,600,1,0.177139,0.146604,0.014705
BA,61,100,2,600,2,0.039432,0.010399,0.028947
KC,61,100,2,600,1,0.307215,0.239254,0.032844
BA,81,100,2,600,2,0.065311,0.014361,0.050851
KC,81,100,2,600,1,0.517263,0.399083,0.054259
BA,101,100,2,600,2,0.097874,0.019028,0.078741
KC,101,100,2,600,1,2.43751,2.23341,0.094402
BA,1,100,2,600,2,0.004535,0.004416,8.7e-05
KC,1,100,2,600,1,0.003207,0.003036,0.000101
BA,21,100,2,600,2,0.008232,0.004605,0.003592
KC,21,100,2,600,1,0.055092,0.046799,0.004755
BA,41,100,2,600,2,0.020044,0.006571,0.013396
KC,41,100,2,600,1,0.191737,0.158021,0.017608
BA,61,100,2,600,2,0.039218,0.009989,0.029137
KC,61,100,2,600,1,0.311581,0.242812,0.032529
BA,81,100,2,600,2,0.064761,0.013848,0.050812
KC,81,100,2,600,1,0.594285,0.470293,0.056617
BA,101,100,2,600,2,0.097826,0.018571,0.079162
KC,101,100,2,600,1,1.65295,1.44033,0.100122
BA,1,100,2,600,4,0.016981,0.016702,0.000192
KC,1,100,2,600,1,0.003084,0.002911,0.000104
BA,21,100,2,600,12,0.201484,0.178248,0.022823
KC,21,100,2,600,1,0.022465,0.01499,0.003954
BA,41,100,2,600,14,0.38988,0.295255,0.093899
KC,41,100,2,600,1,0.133339,0.104337,0.015324
BA,61,100,2,600,13,0.465335,0.277175,0.187401
KC,61,100,2,600,1,0.222747,0.155316,0.032129
BA,81,100,2,600,15,0.816619,0.434573,0.381022
KC,81,100,2,600,1,0.335497,0.210435,0.056465
BA,101,100,2,600,14,0.988387,0.436667,0.550726
KC,101,100,2,600,1,0.476797,0.274012,0.08998
BA,1,100,2,600,4,0.017788,0.017508,0.000196
KC,1,100,2,600,1,0.00299,0.002809,0.000108
BA,21,100,2,600,16,0.421593,0.391092,0.029302
KC,21,100,2,600,1,0.030471,0.022987,0.003948
BA,41,100,2,600,16,0.540489,0.432447,0.107169
KC,41,100,2,600,1,0.123842,0.092304,0.015364
BA,61,100,2,600,15,0.647342,0.430213,0.216235
KC,61,100,2,600,1,0.220215,0.146651,0.038219
BA,81,100,2,600,14,0.765598,0.410593,0.354128
KC,81,100,2,600,1,0.315543,0.198497,0.052799
BA,101,100,2,600,14,1.02434,0.47449,0.548881
KC,101,100,2,600,1,0.508127,0.311013,0.086766
BA,1,100,2,600,3,0.009795,0.009604,0.000132
KC,1,100,2,600,1,0.002187,0.002014,9.9e-05
BA,21,100,2,600,5,0.034475,0.025417,0.00893
KC,21,100,2,600,1,0.042992,0.035284,0.004185
BA,41,100,2,600,5,0.066914,0.033519,0.033183
KC,41,100,2,600,1,0.250686,0.21976,0.014925
BA,61,100,2,600,5,0.119611,0.047299,0.072073
KC,61,100,2,600,1,0.284753,0.216915,0.032805
BA,81,100,2,600,5,0.190378,0.063065,0.127017
KC,81,100,2,600,1,0.545175,0.41867,0.055799
BA,101,100,2,600,5,0.279345,0.083027,0.196029
KC,101,100,2,600,1,0.832391,0.629901,0.089657
BA,1,100,2,600,2,0.005961,0.005818,0.000107
KC,1,100,2,600,1,0.003084,0.002912,9.9e-05
BA,21,100,2,600,2,0.008163,0.004546,0.003582
KC,21,100,2,600,1,0.042322,0.034832,0.003985
BA,41,100,2,600,2,0.01967,0.006356,0.013245
KC,41,100,2,600,1,0.245304,0.213977,0.015653
BA,61,100,2,600,2,0.039104,0.00989,0.029137
KC,61,100,2,600,1,0.3258,0.258277,0.032387
BA,81,100,2,600,2,0.064768,0.014031,0.050647
KC,81,100,2,600,1,0.587037,0.466649,0.05666
BA,101,100,2,600,2,0.096828,0.018435,0.078301
KC,101,100,2,600,1,0.966653,0.760013,0.096762
BA,1,100,2,600,2,0.004244,0.004116,9.6e-05
KC,1,100,2,600,1,0.003233,0.003061,0.0001
BA,21,100,2,600,2,0.008137,0.004489,0.003615
KC,21,100,2,600,1,0.061746,0.053821,0.004376
BA,41,100,2,600,2,0.019965,0.006527,0.013361
KC,41,100,2,600,1,0.181486,0.150587,0.014744
BA,61,100,2,600,2,0.038891,0.009848,0.028954
KC,61,100,2,600,1,0.303331,0.234674,0.03334
BA,81,100,2,600,2,0.065178,0.01437,0.050718
KC,81,100,2,600,1,0.804674,0.684364,0.056527
BA,101,100,2,600,2,0.097223,0.018451,0.078673
KC,101,100,2,600,1,1.02379,0.827183,0.086572
BA,1,100,2,600,4,0.016948,0.016663,0.000202
KC,1,100,2,600,1,0.002965,0.002794,9.9e-05
BA,21,100,2,600,12,0.204776,0.182073,0.021734
KC,21,100,2,600,1,0.027493,0.020026,0.003944
BA,41,100,2,600,11,0.243654,0.169597,0.073486
KC,41,100,2,600,1,0.145964,0.115684,0.014243
BA,61,100,2,600,10,0.314189,0.169618,0.144006
KC,61,100,2,600,1,0.238242,0.170709,0.032318
BA,81,100,2,600,10,0.463388,0.209682,0.25303
KC,81,100,2,600,1,0.355957,0.241143,0.051114
BA,101,100,2,600,11,0.731052,0.299505,0.430804
KC,101,100,2,600,1,0.768601,0.558431,0.099993
BA,1,100,2,600,2,0.004858,0.004738,8.8e-05
KC,1,100,2,600,1,0.003146,0.002975,0.0001
BA,21,100,2,600,2,0.008713,0.005087,0.00359
KC,21,100,2,600,1,0.049597,0.041915,0.003968
BA,41,100,2,600,2,0.020334,0.00697,0.013295
KC,41,100,2,600,1,0.167932,0.137055,0.014744
BA,61,100,2,600,2,0.039202,0.010239,0.028879
KC,61,100,2,600,1,0.313264,0.245279,0.032833
BA,81,100,2,600,2,0.065022,0.014402,0.050523
KC,81,100,2,600,1,0.621725,0.502015,0.056038
BA,101,100,2,600,2,0.09723,0.018754,0.078383
KC,101,100,2,600,1,1.81667,1.60569,0.101626
BA,1,100,2,600,3,0.01009,0.009883,0.000149
KC,1,100,2,600,1,0.002332,0.002161,9.9e-05
BA,21,100,2,600,4,0.031111,0.022061,0.00894
KC,21,100,2,600,1,0.055238,0.046021,0.004872
BA,41,100,2,600,4,0.061814,0.028668,0.032926
KC,41,100,2,600,1,0.178083,0.142904,0.018511
BA,61,100,2,600,4,0.111203,0.040212,0.07079
KC,61,100,2,600,1,0.345659,0.263937,0.039423
BA,81,100,2,600,4,0.146982,0.045849,0.100885
KC,81,100,2,600,1,0.47069,0.350413,0.056497
BA,101,100,2,600,4,0.216326,0.059597,0.156487
KC,101,100,2,600,1,1.73594,1.53173,0.09383
BA,1,100,2,600,3,0.009398,0.009183,0.00016
KC,1,100,2,600,1,0.002318,0.002147,9.9e-05
BA,21,100,2,600,10,0.156495,0.138234,0.017953
KC,21,100,2,600,1,0.060856,0.053368,0.003962
BA,41,100,2,600,10,0.218826,0.152206,0.066083
KC,41,100,2,600,1,0.196298,0.164835,0.015627
BA,61,100,2,600,9,0.284664,0.150453,0.133706
KC,61,100,2,600,1,0.320705,0.258643,0.032615
BA,81,100,2,600,10,0.473179,0.222216,0.250367
KC,81,100,2,600,1,0.695326,0.575662,0.055944
BA,101,100,2,600,9,0.560385,0.206266,0.353557
KC,101,100,2,600,1,2.2567,2.05479,0.091508
BA,1,100,2,600,3,0.010709,0.010509,0.000141
KC,1,100,2,600,2,0.004536,0.004249,0.000152
BA,21,100,2,600,13,0.277407,0.251495,0.024868
KC,21,100,2,600,1,0.019835,0.012211,0.004039
BA,41,100,2,600,13,0.362317,0.274221,0.087475
KC,41,100,2,600,1,0.074457,0.040423,0.018059
BA,61,100,2,600,14,0.564267,0.355173,0.208239
KC,61,100,2,600,1,0.151204,0.084335,0.032027
BA,81,100,2,600,13,0.688329,0.357584,0.329584
KC,81,100,2,600,1,0.266888,0.14614,0.056587
BA,101,100,2,600,13,1.10852,0.494632,0.61298
KC,101,100,2,600,1,0.738147,0.515686,0.093932
BA,1,100,2,600,3,0.010247,0.01005,0.000142
KC,1,100,2,600,1,0.002394,0.002226,9.8e-05
BA,21,100,2,600,4,0.024672,0.017474,0.007117
KC,21,100,2,600,1,0.041719,0.034158,0.004046
BA,41,100,2,600,4,0.048926,0.022545,0.026266
KC,41,100,2,600,1,0.259185,0.228911,0.014743
BA,61,100,2,600,4,0.089667,0.032437,0.057072
KC,61,100,2,600,1,0.402893,0.341897,0.032152
BA,81,100,2,600,4,0.143241,0.043833,0.099243
KC,81,100,2,600,1,0.826414,0.709593,0.061762
BA,101,100,2,600,4,0.213651,0.058284,0.155184
KC,101,100,2,600,1,1.71386,1.51696,0.085498
BA,1,100,2,600,2,0.00486,0.004731,9.7e-05
KC,1,100,2,600,1,0.003278,0.003105,0.0001
BA,21,100,2,600,2,0.00915,0.005018,0.004101
KC,21,100,2,600,1,0.071683,0.063952,0.004012
BA,41,100,2,600,2,0.019664,0.006684,0.012921
KC,41,100,2,600,1,0.3707,0.338006,0.017197
BA,61,100,2,600,2,0.047041,0.012241,0.034728
KC,61,100,2,600,1,0.327326,0.24611,0.03911
BA,81,100,2,600,2,0.077926,0.016847,0.06098
KC,81,100,2,600,1,1.71088,1.56518,0.068326
BA,101,100,2,600,2,0.118383,0.022726,0.095552
KC,101,100,2,600,1,1.02251,0.819152,0.087315
BA,1,100,2,600,4,0.017391,0.017111,0.000186
KC,1,100,2,600,1,0.003216,0.00304,9.8e-05
BA,21,100,2,600,15,0.346371,0.31728,0.027973
KC,21,100,2,600,1,0.020303,0.012834,0.004173
BA,41,100,2,600,14,0.391053,0.294026,0.093972
KC,41,100,2,600,1,0.092991,0.062889,0.013991
BA,61,100,2,600,15,0.608768,0.391194,0.216627
KC,61,100,2,600,1,0.155503,0.087603,0.032708
BA,81,100,2,600,14,0.75754,0.400221,0.356351
KC,81,100,2,600,1,0.244444,0.124438,0.056174
BA,101,100,2,600,15,1.11451,0.494862,0.604812
KC,101,100,2,600,1,0.506623,0.295889,0.099872
BA,1,100,2,600,2,0.004508,0.004368,0.000108
KC,1,100,2,600,1,0.003143,0.002958,0.000111
BA,21,100,2,600,2,0.008332,0.004715,0.003583
KC,21,100,2,600,1,0.071022,0.06341,0.004091
BA,41,100,2,600,2,0.022461,0.006768,0.015632
KC,41,100,2,600,1,0.247859,0.218888,0.015309
BA,61,100,2,600,2,0.039086,0.010268,0.028718
KC,61,100,2,600,1,0.305673,0.237527,0.03315
BA,81,100,2,600,2,0.064811,0.014285,0.050439
KC,81,100,2,600,1,0.576287,0.460792,0.051645
BA,101,100,2,600,2,0.097368,0.018662,0.078607
KC,101,100,2,600,1,2.10657,1.89157,0.105047
BA,1,100,2,600,3,0.010481,0.010281,0.000137
KC,1,100,2,600,2,0.004271,0.003981,0.000158
BA,21,100,2,600,15,0.364713,0.334406,0.029139
KC,21,100,2,600,1,0.019591,0.011955,0.004091
BA,41,100,2,600,15,0.466574,0.365071,0.10069
KC,41,100,2,600,1,0.09182,0.063155,0.015096
BA,61,100,2,600,17,0.781269,0.534215,0.245986
KC,61,100,2,600,1,0.166688,0.099157,0.032351
BA,81,100,2,600,16,0.944596,0.541086,0.402459
KC,81,100,2,600,1,0.277175,0.157289,0.056145
BA,101,100,2,600,15,1.12766,0.539253,0.587407
KC,101,100,2,600,1,0.429621,0.232627,0.086382
BA,1,100,2,600,2,0.004537,0.0044,0.0001
KC,1,100,2,600,1,0.003309,0.003137,0.000104
BA,21,100,2,600,2,0.008274,0.004642,0.003596
KC,21,100,2,600,1,0.074259,0.066035,0.004707
BA,41,100,2,600,2,0.019946,0.006524,0.01335
KC,41,100,2,600,1,0.18821,0.157165,0.015114
BA,61,100,2,600,2,0.038937,0.010101,0.02876
KC,61,100,2,600,1,0.304206,0.236169,0.032958
BA,81,100,2,600,2,0.064537,0.014071,0.050371
KC,81,100,2,600,1,0.930803,0.80792,0.056885
BA,101,100,2,600,2,0.097037,0.018767,0.078196
KC,101,100,2,600,1,2.23523,2.02927,0.095937
BA,1,100,2,600,3,0.009542,0.009337,0.000149
KC,1,100,2,600,1,0.002212,0.002043,9.9e-05
BA,21,100,2,600,4,0.024371,0.017158,0.007122
KC,21,100,2,600,1,0.060842,0.052911,0.004454
BA,41,100,2,600,4,0.04813,0.022016,0.025979
KC,41,100,2,600,1,0.280937,0.248861,0.016641
BA,61,100,2,600,4,0.109345,0.039411,0.069752
KC,61,100,2,600,1,0.432532,0.351856,0.039288
BA,81,100,2,600,4,0.144614,0.044412,0.100025
KC,81,100,2,600,1,0.873372,0.747768,0.062648
BA,101,100,2,600,4,0.216529,0.059581,0.156748
KC,101,100,2,600,1,2.30166,2.07009,0.121646
BA,1,100,2,600,4,0.018385,0.018118,0.000183
KC,1,100,2,600,1,0.003105,0.002926,0.000108
BA,21,100,2,600,14,0.305364,0.279056,0.025298
KC,21,100,2,600,1,0.02649,0.018982,0.003971
BA,41,100,2,600,17,0.589402,0.470165,0.115992
KC,41,100,2,600,1,0.120292,0.0889,0.015374
BA,61,100,2,600,13,0.507321,0.319105,0.18741
KC,61,100,2,600,1,0.220731,0.153018,0.03265
BA,81,100,2,600,14,0.785142,0.430197,0.354004
KC,81,100,2,600,1,0.314804,0.195204,0.055773
BA,101,100,2,600,15,1.14146,0.552046,0.588347
KC,101,100,2,600,1,0.459822,0.266699,0.083767
BA,1,100,2,600,2,0.004739,0.004609,9.7e-05
KC,1,100,2,600,1,0.003211,0.003038,0.0001
BA,21,100,2,600,6,0.050817,0.03989,0.010763
KC,21,100,2,600,1,0.045695,0.03829,0.003854
BA,41,100,2,600,6,0.091358,0.050875,0.040181
KC,41,100,2,600,1,0.183139,0.152451,0.014539
BA,61,100,2,600,6,0.153697,0.066698,0.086668
KC,61,100,2,600,1,0.323099,0.254749,0.033005
BA,81,100,2,600,5,0.190097,0.06384,0.125985
KC,81,100,2,600,1,0.850373,0.713508,0.073349
BA,101,100,2,600,5,0.279874,0.083098,0.19648
KC,101,100,2,600,1,2.12505,1.92006,0.096264
BA,1,100,2,600,4,0.016379,0.016083,0.000205
KC,1,100,2,600,1,0.003104,0.002926,0.000105
BA,21,100,2,600,8,0.091278,0.076131,0.01491
KC,21,100,2,600,1,0.027289,0.019671,0.004041
BA,41,100,2,600,9,0.17661,0.1164,0.059814
KC,41,100,2,600,1,0.096351,0.065568,0.014666
BA,61,100,2,600,8,0.227889,0.112387,0.115089
KC,61,100,2,600,1,0.202121,0.136848,0.030049
BA,81,100,2,600,8,0.350866,0.148542,0.201871
KC,81,100,2,600,1,0.29125,0.172542,0.056858
BA,101,100,2,600,8,0.493848,0.180163,0.313203
KC,101,100,2,600,1,0.971474,0.768547,0.096982
BA,1,100,2,600,3,0.010497,0.010293,0.00014
KC,1,100,2,600,2,0.004159,0.003876,0.00015
BA,21,100,2,600,13,0.255965,0.23197,0.023563
KC,21,100,2,600,1,0.024911,0.017394,0.003959
BA,41,100,2,600,14,0.394702,0.30133,0.092729
KC,41,100,2,600,1,0.089793,0.057315,0.016628
BA,61,100,2,600,12,0.51685,0.30513,0.210995
KC,61,100,2,600,1,0.199608,0.124033,0.039661
BA,81,100,2,600,14,0.82654,0.428453,0.397243
KC,81,100,2,600,1,0.260552,0.141323,0.056885
BA,101,100,2,600,12,0.822877,0.352746,0.469537
KC,101,100,2,600,1,0.825533,0.639248,0.080036
BA,1,100,2,600,3,0.009857,0.009652,0.000144
KC,1,100,2,600,1,0.002317,0.002139,0.000105
BA,21,100,2,600,4,0.025209,0.017925,0.00719
KC,21,100,2,600,1,0.056017,0.048415,0.00407
BA,41,100,2,600,4,0.050773,0.024067,0.026548
KC,41,100,2,600,1,0.175675,0.146804,0.015249
BA,61,100,2,600,7,0.189375,0.087979,0.101048
KC,61,100,2,600,1,0.356939,0.283124,0.038483
BA,81,100,2,600,8,0.344092,0.141784,0.201867
KC,81,100,2,600,1,0.729394,0.611424,0.056413
BA,101,100,2,600,7,0.413101,0.140287,0.272435
KC,101,100,2,600,1,1.39554,1.21591,0.086648
BA,1,100,2,600,3,0.008833,0.008634,0.000146
KC,1,100,2,600,1,0.002241,0.002069,0.0001
BA,21,100,2,600,5,0.035409,0.025815,0.009475
KC,21,100,2,600,1,0.062433,0.054877,0.003922
BA,41,100,2,600,4,0.050102,0.023469,0.026507
KC,41,100,2,600,1,0.185353,0.154465,0.015122
BA,61,100,2,600,4,0.090503,0.032788,0.057573
KC,61,100,2,600,1,0.321202,0.253721,0.032378
BA,81,100,2,600,4,0.145782,0.044836,0.100812
KC,81,100,2,600,1,1.00007,0.872171,0.066239
BA,101,100,2,600,4,0.215111,0.058813,0.156157
KC,101,100,2,600,1,2.15328,1.96003,0.085764
BA,1,100,2,600,3,0.011878,0.011671,0.000144
KC,1,100,2,600,1,0.002203,0.002029,9.9e-05
BA,21,100,2,600,4,0.024929,0.017663,0.007181
KC,21,100,2,600,1,0.043971,0.036415,0.00404
BA,41,100,2,600,4,0.049411,0.022827,0.026467
KC,41,100,2,600,1,0.170056,0.139621,0.014691
BA,61,100,2,600,4,0.091325,0.033647,0.057541
KC,61,100,2,600,1,0.30546,0.237448,0.032786
BA,81,100,2,600,4,0.145873,0.045035,0.100703
KC,81,100,2,600,1,0.815197,0.697578,0.056164
BA,101,100,2,600,4,0.216044,0.059524,0.156383
KC,101,100,2,600,1,2.58057,2.37731,0.096798
BA,1,100,2,600,2,0.006105,0.005953,0.000107
KC,1,100,2,600,1,0.003384,0.003193,0.000119
BA,21,100,2,600,2,0.008606,0.004988,0.003586
KC,21,100,2,600,1,0.044568,0.036556,0.004493
BA,41,100,2,600,2,0.020148,0.006767,0.013324
KC,41,100,2,600,1,0.183256,0.151228,0.016163
BA,61,100,2,600,2,0.039522,0.010497,0.02897
KC,61,100,2,600,1,0.287936,0.225435,0.032871
BA,81,100,2,600,2,0.065095,0.014473,0.050562
KC,81,100,2,600,1,0.763222,0.645015,0.056392
BA,101,100,2,600,2,0.098067,0.019172,0.078842
KC,101,100,2,600,1,0.914384,0.717555,0.086596
BA,1,100,2,600,2,0.004494,0.004364,9.8e-05
KC,1,100,2,600,1,0.003227,0.003054,0.000101
BA,21,100,2,600,2,0.008515,0.004913,0.00357
KC,21,100,2,600,1,0.039583,0.031843,0.004233
BA,41,100,2,600,2,0.019925,0.006657,0.013201
KC,41,100,2,600,1,0.173287,0.142363,0.014962
BA,61,100,2,600,2,0.039613,0.010491,0.029069
KC,61,100,2,600,1,0.295443,0.222508,0.037836
BA,81,100,2,600,2,0.065383,0.014544,0.050787
KC,81,100,2,600,1,0.788215,0.663546,0.063016
BA,101,100,2,600,2,0.118258,0.022778,0.095424
KC,101,100,2,600,1,1.85312,1.61696,0.105986
BA,1,100,2,600,3,0.010159,0.009951,0.000148
KC,1,100,2,600,2,0.004419,0.004125,0.000152
BA,21,100,2,600,10,0.14221,0.123252,0.018137
KC,21,100,2,600,1,0.025319,0.017688,0.003958
BA,41,100,2,600,10,0.205267,0.136392,0.066313
KC,41,100,2,600,1,0.104401,0.073194,0.015302
BA,61,100,2,600,11,0.370677,0.211336,0.158881
KC,61,100,2,600,1,0.174008,0.105721,0.032998
BA,81,100,2,600,11,0.53392,0.244851,0.279308
KC,81,100,2,600,1,0.367612,0.249106,0.056597
BA,101,100,2,600,9,0.565123,0.210333,0.35441
KC,101,100,2,600,1,1.01073,0.815544,0.086814
BA,1,100,2,600,3,0.009979,0.00979,0.000133
KC,1,100,2,600,1,0.002424,0.002238,0.000109
BA,21,100,2,600,4,0.023468,0.016251,0.007131
KC,21,100,2,600,1,0.042513,0.03481,0.003956
BA,41,100,2,600,4,0.047616,0.021274,0.026216
KC,41,100,2,600,1,0.160877,0.13307,0.014154
BA,61,100,2,600,5,0.118564,0.046552,0.071841
KC,61,100,2,600,1,0.290403,0.228252,0.032706
BA,81,100,2,600,4,0.145862,0.044617,0.101106
KC,81,100,2,600,1,0.889931,0.774419,0.053826
BA,101,100,2,600,4,0.216324,0.05824,0.157929
KC,101,100,2,600,1,1.33699,1.13225,0.094926
BA,1,100,2,600,3,0.011872,0.011666,0.000141
KC,1,100,2,600,2,0.004178,0.003882,0.000152
BA,21,100,2,600,11,0.164514,0.14402,0.020192
KC,21,100,2,600,1,0.026864,0.019446,0.003932
BA,41,100,2,600,11,0.24104,0.169031,0.071609
KC,41,100,2,600,1,0.206197,0.174414,0.016231
BA,61,100,2,600,12,0.501604,0.291873,0.209031
KC,61,100,2,600,1,0.38713,0.312692,0.03894
BA,81,100,2,600,10,0.560672,0.250584,0.309623
KC,81,100,2,600,1,0.381844,0.239506,0.068003
BA,101,100,2,600,11,0.72886,0.296508,0.431875
KC,101,100,2,600,1,0.716878,0.522691,0.085911
BA,1,100,2,600,3,0.009865,0.009671,0.000139
KC,1,100,2,600,1,0.002343,0.002172,0.0001
BA,21,100,2,600,4,0.026027,0.018799,0.007138
KC,21,100,2,600,1,0.0472,0.039745,0.003971
BA,41,100,2,600,4,0.050343,0.02377,0.026441
KC,41,100,2,600,1,0.16297,0.13257,0.014538
BA,61,100,2,600,4,0.092825,0.035042,0.057642
KC,61,100,2,600,1,0.303985,0.24169,0.032766
BA,81,100,2,600,4,0.149012,0.047556,0.10132
KC,81,100,2,600,1,0.552972,0.444271,0.056154
BA,101,100,2,600,4,0.219762,0.061613,0.158005
KC,101,100,2,600,1,2.01134,1.80453,0.097136
BA,1,100,2,600,2,0.007314,0.007192,8.8e-05
KC,1,100,2,600,1,0.003303,0.003122,0.000111
BA,21,100,2,600,2,0.008339,0.004192,0.004116
KC,21,100,2,600,1,0.061068,0.053616,0.003956
BA,41,100,2,600,2,0.019993,0.006657,0.013274
KC,41,100,2,600,1,0.174437,0.143288,0.015142
BA,61,100,2,600,2,0.039299,0.010029,0.029206
KC,61,100,2,600,1,0.301504,0.233354,0.032852
BA,81,100,2,600,2,0.065031,0.014063,0.050914
KC,81,100,2,600,1,0.614744,0.495614,0.05658
BA,101,100,2,600,2,0.097473,0.018871,0.078547
KC,101,100,2,600,1,1.1416,0.945946,0.086771
BA,1,100,2,600,3,0.008945,0.008749,0.00014
KC,1,100,2,600,1,0.002357,0.002182,9.9e-05
BA,21,100,2,600,4,0.024552,0.017334,0.007132
KC,21,100,2,600,1,0.060346,0.052817,0.004055
BA,41,100,2,600,4,0.051109,0.024489,0.026499
KC,41,100,2,600,1,0.172003,0.140656,0.017641
BA,61,100,2,600,4,0.09125,0.033086,0.058028
KC,61,100,2,600,1,0.311296,0.243184,0.032911
BA,81,100,2,600,4,0.148267,0.046683,0.101433
KC,81,100,2,600,1,0.866259,0.747104,0.056915
BA,101,100,2,600,4,0.218619,0.060558,0.157911
KC,101,100,2,600,1,1.78243,1.57676,0.096779
BA,1,100,2,600,2,0.00677,0.006632,0.000105
KC,1,100,2,600,1,0.003246,0.003075,9.9e-05
BA,21,100,2,600,2,0.008792,0.004656,0.004105
KC,21,100,2,600,1,0.050087,0.04205,0.004544
BA,41,100,2,600,2,0.020021,0.006681,0.013288
KC,41,100,2,600,1,0.183136,0.154521,0.014922
BA,61,100,2,600,2,0.039649,0.010359,0.029238
KC,61,100,2,600,1,0.323331,0.250043,0.037987
BA,81,100,2,600,2,0.065617,0.014359,0.051205
KC,81,100,2,600,1,1.03095,0.90558,0.063209
BA,101,100,2,600,2,0.1106,0.022438,0.088073
KC,101,100,2,600,1,1.58502,1.3727,0.104359
BA,1,100,2,600,3,0.009524,0.009328,0.000143
KC,1,100,2,600,2,0.004341,0.00405,0.000169
BA,21,100,2,600,17,0.513465,0.481522,0.03135
KC,21,100,2,600,1,0.021231,0.013837,0.003895
BA,41,100,2,600,18,0.690693,0.566407,0.123383
KC,41,100,2,600,1,0.13235,0.101743,0.014832
BA,61,100,2,600,16,0.7029,0.475665,0.226334
KC,61,100,2,600,1,0.307299,0.246992,0.031426
BA,81,100,2,600,16,0.956633,0.556647,0.399018
KC,81,100,2,600,1,0.457134,0.340606,0.05551
BA,101,100,2,600,16,1.23094,0.6098,0.620175
KC,101,100,2,600,1,0.596982,0.403886,0.085882
