KCU,1,100,2,600,2,0.004392,0.004069,0.00015
KCUD,1,100,2,600,2,0.004883,0.004555,0.000151
KCU,21,100,2,600,1,0.016503,0.006835,0.004478
KCUD,21,100,2,600,1,0.017187,0.00755,0.004474
KCU,41,100,2,600,1,0.054172,0.017209,0.017705
KCUD,41,100,2,600,1,0.054478,0.017754,0.017436
KCU,61,100,2,600,1,0.093511,0.029674,0.029462
KCUD,61,100,2,600,1,0.095071,0.028508,0.031899
KCU,81,100,2,600,1,0.197615,0.054724,0.067827
KCUD,81,100,2,600,1,0.196916,0.055288,0.067414
KCU,101,100,2,600,1,0.247527,0.067197,0.085757
KCUD,101,100,2,600,1,0.247903,0.067868,0.085089
KCU,1,100,2,600,3,0.005791,0.005427,0.00017
KCUD,1,100,2,600,2,0.004625,0.004339,0.000138
KCU,21,100,2,600,1,0.013035,0.005685,0.003878
KCUD,21,100,2,600,1,0.015029,0.006599,0.003868
KCU,41,100,2,600,1,0.051044,0.017025,0.017629
KCUD,41,100,2,600,1,0.058232,0.018353,0.017658
KCU,61,100,2,600,1,0.108049,0.033516,0.038825
KCUD,61,100,2,600,1,0.109386,0.034749,0.039125
KCU,81,100,2,600,1,0.163427,0.045941,0.055856
KCUD,81,100,2,600,1,0.164365,0.046906,0.055521
KCU,101,100,2,600,1,0.251416,0.068506,0.08655
KCUD,101,100,2,600,1,0.252537,0.069377,0.087443
KCU,1,100,2,600,3,0.005058,0.004692,0.000172
KCUD,1,100,2,600,2,0.004712,0.004431,0.000131
KCU,21,100,2,600,1,0.013314,0.005934,0.0039
KCUD,21,100,2,600,1,0.013708,0.006334,0.003902
KCU,41,100,2,600,1,0.047614,0.014357,0.014407
KCUD,41,100,2,600,1,0.047996,0.01482,0.014389
KCU,61,100,2,600,1,0.089668,0.030067,0.030055
KCUD,61,100,2,600,1,0.090451,0.028889,0.032017
KCU,81,100,2,600,1,0.164568,0.046289,0.055973
KCUD,81,100,2,600,1,0.164464,0.047938,0.054259
KCU,101,100,2,600,1,0.253346,0.077344,0.079492
KCUD,101,100,2,600,1,0.251724,0.068853,0.086329
KCU,1,100,2,600,1,0.002179,0.002004,8.5e-05
KCUD,1,100,2,600,1,0.002626,0.002455,8.4e-05
KCU,21,100,2,600,2,0.021412,0.008465,0.006845
KCUD,21,100,2,600,2,0.022252,0.009657,0.005987
KCU,41,100,2,600,2,0.070528,0.022532,0.021881
KCUD,41,100,2,600,2,0.077143,0.023807,0.024242
KCU,61,100,2,600,2,0.164791,0.046236,0.049783
KCUD,61,100,2,600,2,0.165651,0.047589,0.049476
KCU,81,100,2,600,2,0.292067,0.077604,0.095943
KCUD,81,100,2,600,2,0.291235,0.079242,0.085895
KCU,101,100,2,600,2,0.439664,0.113791,0.132144
KCUD,101,100,2,600,2,0.439788,0.115102,0.131928
KCU,1,100,2,600,1,0.002294,0.002099,0.000106
KCUD,1,100,2,600,1,0.002278,0.002106,8.5e-05
KCU,21,100,2,600,1,0.013191,0.005531,0.004227
KCUD,21,100,2,600,1,0.013122,0.005946,0.003755
KCU,41,100,2,600,1,0.041332,0.013614,0.014298
KCUD,41,100,2,600,1,0.046672,0.014153,0.014233
KCU,61,100,2,600,1,0.088942,0.029511,0.030235
KCUD,61,100,2,600,1,0.089571,0.028077,0.032399
KCU,81,100,2,600,1,0.161779,0.045617,0.055588
KCUD,81,100,2,600,1,0.162398,0.046436,0.055457
KCU,101,100,2,600,1,0.248861,0.066982,0.085992
KCUD,101,100,2,600,1,0.249533,0.0681,0.085391
KCU,1,100,2,600,1,0.002314,0.00216,8.4e-05
KCUD,1,100,2,600,1,0.002337,0.002156,9.4e-05
KCU,21,100,2,600,1,0.014384,0.005509,0.004281
KCUD,21,100,2,600,1,0.01328,0.005937,0.003873
KCU,41,100,2,600,1,0.051123,0.016763,0.017796
KCUD,41,100,2,600,1,0.052253,0.017761,0.018098
KCU,61,100,2,600,1,0.119977,0.033082,0.038815
KCUD,61,100,2,600,1,0.121097,0.033785,0.038994
KCU,81,100,2,600,1,0.195278,0.054275,0.068013
KCUD,81,100,2,600,1,0.196068,0.055488,0.067616
KCU,101,100,2,600,1,0.252666,0.068916,0.086406
KCUD,101,100,2,600,1,0.250976,0.068598,0.086046
KCU,1,100,2,600,1,0.002298,0.002124,8.4e-05
KCUD,1,100,2,600,1,0.002299,0.002129,8.4e-05
KCU,21,100,2,600,2,0.021582,0.00892,0.005968
KCUD,21,100,2,600,2,0.024246,0.011571,0.006248
KCU,41,100,2,600,2,0.09294,0.029221,0.026796
KCUD,41,100,2,600,2,0.097737,0.031936,0.02789
KCU,61,100,2,600,2,0.195491,0.054017,0.065518
KCUD,61,100,2,600,2,0.199731,0.060488,0.057745
KCU,81,100,2,600,2,0.347772,0.093428,0.103897
KCUD,81,100,2,600,2,0.351312,0.096067,0.105151
KCU,101,100,2,600,2,0.451746,0.116687,0.133841
KCUD,101,100,2,600,2,0.451385,0.121509,0.133072
KCU,1,100,2,600,3,0.006173,0.005802,0.000178
KCUD,1,100,2,600,2,0.004879,0.004598,0.000139
KCU,21,100,2,600,1,0.014242,0.005722,0.003904
KCUD,21,100,2,600,1,0.014809,0.006304,0.003894
KCU,41,100,2,600,1,0.042183,0.014233,0.014311
KCUD,41,100,2,600,1,0.042821,0.014791,0.014404
KCU,61,100,2,600,1,0.089785,0.028258,0.031911
KCUD,61,100,2,600,1,0.091457,0.029293,0.032276
KCU,81,100,2,600,1,0.155047,0.046659,0.056315
KCUD,81,100,2,600,1,0.155271,0.047091,0.055883
KCU,101,100,2,600,1,0.250872,0.068191,0.086426
KCUD,101,100,2,600,1,0.252715,0.06908,0.086468
KCU,1,100,2,600,1,0.00226,0.002078,9.2e-05
KCUD,1,100,2,600,1,0.002754,0.002581,8.6e-05
KCU,21,100,2,600,1,0.012756,0.005389,0.003857
KCUD,21,100,2,600,1,0.013324,0.006189,0.00365
KCU,41,100,2,600,1,0.041797,0.013788,0.014391
KCUD,41,100,2,600,1,0.042275,0.014421,0.014322
KCU,61,100,2,600,1,0.10148,0.028053,0.032583
KCUD,61,100,2,600,1,0.101664,0.028643,0.032114
KCU,81,100,2,600,1,0.163027,0.04642,0.056259
KCUD,81,100,2,600,1,0.162678,0.050894,0.051455
KCU,101,100,2,600,1,0.248178,0.068061,0.086231
KCUD,101,100,2,600,1,0.247147,0.068259,0.085807
KCU,1,100,2,600,3,0.006273,0.005879,0.000183
KCUD,1,100,2,600,2,0.00498,0.004699,0.000131
KCU,21,100,2,600,1,0.014314,0.005803,0.003881
KCUD,21,100,2,600,1,0.013921,0.006535,0.003897
KCU,41,100,2,600,1,0.047242,0.014264,0.014263
KCUD,41,100,2,600,1,0.04789,0.014915,0.014284
KCU,61,100,2,600,1,0.089504,0.028357,0.031973
KCUD,61,100,2,600,1,0.090362,0.028952,0.032037
KCU,81,100,2,600,1,0.162693,0.046238,0.055885
KCUD,81,100,2,600,1,0.16371,0.047383,0.056008
KCU,101,100,2,600,1,0.248642,0.067093,0.086031
KCUD,101,100,2,600,1,0.248489,0.069734,0.083497
KCU,1,100,2,600,1,0.002314,0.00216,8.4e-05
KCUD,1,100,2,600,1,0.00231,0.002138,8.5e-05
KCU,21,100,2,600,1,0.012657,0.005393,0.003809
KCUD,21,100,2,600,1,0.013455,0.006342,0.003671
KCU,41,100,2,600,1,0.041514,0.013758,0.014305
KCUD,41,100,2,600,1,0.04292,0.014871,0.014666
KCU,61,100,2,600,1,0.093296,0.027269,0.037009
KCUD,61,100,2,600,1,0.089519,0.028426,0.031875
KCU,81,100,2,600,1,0.160301,0.045494,0.055629
KCUD,81,100,2,600,1,0.160257,0.050417,0.050743
KCU,101,100,2,600,1,0.247424,0.072107,0.079749
KCUD,101,100,2,600,1,0.247963,0.067597,0.085162
KCU,1,100,2,600,3,0.005862,0.005489,0.000178
KCUD,1,100,2,600,2,0.00482,0.00454,0.000131
KCU,21,100,2,600,1,0.013018,0.005688,0.00387
KCUD,21,100,2,600,1,0.014882,0.006393,0.003877
KCU,41,100,2,600,1,0.041499,0.014153,0.014043
KCUD,41,100,2,600,1,0.041887,0.014522,0.01411
KCU,61,100,2,600,1,0.106035,0.032751,0.038388
KCUD,61,100,2,600,1,0.106876,0.033647,0.038466
KCU,81,100,2,600,1,0.184307,0.056949,0.064966
KCUD,81,100,2,600,1,0.18481,0.055213,0.067488
KCU,101,100,2,600,1,0.249355,0.067458,0.086258
KCUD,101,100,2,600,1,0.250444,0.067939,0.085332
KCU,1,100,2,600,1,0.002069,0.001908,9.1e-05
KCUD,1,100,2,600,1,0.002044,0.001882,9.1e-05
KCU,21,100,2,600,1,0.012435,0.005158,0.003857
KCUD,21,100,2,600,1,0.012852,0.005575,0.003852
KCU,41,100,2,600,1,0.040814,0.013389,0.01411
KCUD,41,100,2,600,1,0.041309,0.013796,0.014122
KCU,61,100,2,600,1,0.088263,0.027327,0.032059
KCUD,61,100,2,600,1,0.099182,0.028198,0.030855
KCU,81,100,2,600,1,0.160844,0.046267,0.05485
KCUD,81,100,2,600,1,0.161812,0.045941,0.055596
KCU,101,100,2,600,1,0.249578,0.067561,0.086061
KCUD,101,100,2,600,1,0.248704,0.067277,0.085498
KCU,1,100,2,600,1,0.002359,0.002172,9.7e-05
KCUD,1,100,2,600,1,0.002314,0.002158,8.5e-05
KCU,21,100,2,600,2,0.021718,0.009095,0.005985
KCUD,21,100,2,600,2,0.02466,0.011122,0.005795
KCU,41,100,2,600,2,0.076871,0.024427,0.02152
KCUD,41,100,2,600,2,0.079447,0.022046,0.022481
KCU,61,100,2,600,2,0.151637,0.0432,0.049102
KCUD,61,100,2,600,2,0.164979,0.045329,0.049033
KCU,81,100,2,600,2,0.346096,0.091819,0.103407
KCUD,81,100,2,600,2,0.293534,0.080832,0.086265
KCU,101,100,2,600,3,0.612955,0.160693,0.181005
KCUD,101,100,2,600,2,0.415084,0.117003,0.133637
KCU,1,100,2,600,1,0.002293,0.002135,8.6e-05
KCUD,1,100,2,600,1,0.002853,0.002696,8.6e-05
KCU,21,100,2,600,1,0.012969,0.005387,0.003939
KCUD,21,100,2,600,1,0.013673,0.006162,0.003907
KCU,41,100,2,600,1,0.047742,0.014191,0.014533
KCUD,41,100,2,600,1,0.043417,0.015138,0.014439
KCU,61,100,2,600,1,0.090355,0.028053,0.032241
KCUD,61,100,2,600,1,0.090398,0.028919,0.032046
KCU,81,100,2,600,1,0.155692,0.046503,0.056589
KCUD,81,100,2,600,1,0.156388,0.047489,0.056012
KCU,101,100,2,600,1,0.249433,0.068594,0.086733
KCUD,101,100,2,600,1,0.249629,0.06897,0.086653
KCU,1,100,2,600,1,0.002124,0.001951,8.3e-05
KCUD,1,100,2,600,1,0.00261,0.002454,8.5e-05
KCU,21,100,2,600,1,0.01278,0.005299,0.00395
KCUD,21,100,2,600,1,0.013232,0.005757,0.003908
KCU,41,100,2,600,1,0.048239,0.014349,0.014938
KCUD,41,100,2,600,1,0.043676,0.015,0.014932
KCU,61,100,2,600,1,0.090383,0.027981,0.032584
KCUD,61,100,2,600,1,0.089916,0.028065,0.032116
KCU,81,100,2,600,1,0.160945,0.046202,0.056602
KCUD,81,100,2,600,1,0.161251,0.047207,0.05626
KCU,101,100,2,600,1,0.297475,0.082284,0.102793
KCUD,101,100,2,600,1,0.249137,0.06844,0.086633
KCU,1,100,2,600,3,0.005607,0.005215,0.000185
KCUD,1,100,2,600,2,0.004899,0.004601,0.000135
KCU,21,100,2,600,1,0.013238,0.005796,0.004174
KCUD,21,100,2,600,1,0.013783,0.006389,0.003902
KCU,41,100,2,600,1,0.043234,0.015507,0.013975
KCUD,41,100,2,600,1,0.043368,0.015112,0.014557
KCU,61,100,2,600,1,0.107671,0.029152,0.037347
KCUD,61,100,2,600,1,0.091456,0.03186,0.029809
KCU,81,100,2,600,1,0.1798,0.04808,0.056211
KCUD,81,100,2,600,1,0.180267,0.049154,0.056259
KCU,101,100,2,600,1,0.252411,0.068536,0.086593
KCUD,101,100,2,600,1,0.252646,0.069838,0.085615
KCU,1,100,2,600,3,0.005919,0.005534,0.000173
KCUD,1,100,2,600,2,0.00479,0.004513,0.000128
KCU,21,100,2,600,1,0.013267,0.005817,0.00418
KCUD,21,100,2,600,1,0.013962,0.006521,0.004167
KCU,41,100,2,600,1,0.049083,0.015072,0.014886
KCUD,41,100,2,600,1,0.049851,0.015764,0.014854
KCU,61,100,2,600,1,0.090512,0.02842,0.032602
KCUD,61,100,2,600,1,0.090851,0.029127,0.032187
KCU,81,100,2,600,1,0.154796,0.046676,0.056237
KCUD,81,100,2,600,1,0.155457,0.047228,0.056142
KCU,101,100,2,600,1,0.252157,0.068474,0.08699
KCUD,101,100,2,600,1,0.251994,0.069093,0.086386
KCU,1,100,2,600,1,0.00213,0.001943,9.2e-05
KCUD,1,100,2,600,1,0.002125,0.001954,8.4e-05
KCU,21,100,2,600,2,0.021861,0.008839,0.006577
KCUD,21,100,2,600,2,0.023932,0.010284,0.006894
KCU,41,100,2,600,2,0.07312,0.023622,0.022925
KCUD,41,100,2,600,2,0.074739,0.02555,0.022645
KCU,61,100,2,600,2,0.165206,0.0466,0.049613
KCUD,61,100,2,600,2,0.155288,0.047915,0.049679
KCU,81,100,2,600,2,0.290753,0.077734,0.086746
KCUD,81,100,2,600,2,0.29183,0.079531,0.086005
KCU,101,100,2,600,2,0.44754,0.116236,0.133758
KCUD,101,100,2,600,2,0.448295,0.1176,0.133586
KCU,1,100,2,600,1,0.002109,0.001936,8.4e-05
KCUD,1,100,2,600,1,0.002562,0.0024,9.2e-05
KCU,21,100,2,600,1,0.01371,0.005346,0.00374
KCUD,21,100,2,600,1,0.012957,0.005598,0.004133
KCU,41,100,2,600,1,0.041704,0.013962,0.01417
KCUD,41,100,2,600,1,0.047508,0.014272,0.01439
KCU,61,100,2,600,1,0.089934,0.028127,0.03215
KCUD,61,100,2,600,1,0.089922,0.028361,0.032091
KCU,81,100,2,600,1,0.154292,0.050171,0.052025
KCUD,81,100,2,600,1,0.15506,0.046846,0.056061
KCU,101,100,2,600,1,0.265476,0.067948,0.100364
KCUD,101,100,2,600,1,0.251504,0.068338,0.086319
KCU,1,100,2,600,1,0.002144,0.001988,8.3e-05
KCUD,1,100,2,600,1,0.003497,0.003338,8.6e-05
KCU,21,100,2,600,1,0.01398,0.005338,0.003918
KCUD,21,100,2,600,1,0.014418,0.005877,0.003871
KCU,41,100,2,600,1,0.042428,0.01427,0.01436
KCUD,41,100,2,600,1,0.042965,0.014618,0.014558
KCU,61,100,2,600,1,0.101289,0.027933,0.032273
KCUD,61,100,2,600,1,0.102448,0.029189,0.032156
KCU,81,100,2,600,1,0.154805,0.046175,0.05633
KCUD,81,100,2,600,1,0.155567,0.046787,0.056475
KCU,101,100,2,600,1,0.264935,0.067932,0.10049
KCUD,101,100,2,600,1,0.252454,0.069024,0.086438
KCU,1,100,2,600,3,0.005858,0.005488,0.000182
KCUD,1,100,2,600,2,0.004739,0.004472,0.000135
KCU,21,100,2,600,1,0.013115,0.005708,0.003918
KCUD,21,100,2,600,1,0.013863,0.006456,0.003903
KCU,41,100,2,600,1,0.043124,0.014708,0.014849
KCUD,41,100,2,600,1,0.043641,0.015371,0.014661
KCU,61,100,2,600,1,0.08958,0.028141,0.032137
KCUD,61,100,2,600,1,0.102366,0.029039,0.032574
KCU,81,100,2,600,1,0.154695,0.046302,0.05633
KCUD,81,100,2,600,1,0.15556,0.04728,0.056209
KCU,101,100,2,600,1,0.25059,0.067878,0.086466
KCUD,101,100,2,600,1,0.25214,0.06916,0.086354
KCU,1,100,2,600,1,0.002161,0.002007,8.4e-05
KCUD,1,100,2,600,1,0.002594,0.002438,8.5e-05
KCU,21,100,2,600,1,0.013923,0.005342,0.003896
KCUD,21,100,2,600,1,0.013222,0.005815,0.003892
KCU,41,100,2,600,1,0.042119,0.014539,0.013934
KCUD,41,100,2,600,1,0.047911,0.014512,0.014527
KCU,61,100,2,600,1,0.089336,0.027773,0.032093
KCUD,61,100,2,600,1,0.090081,0.028458,0.032103
KCU,81,100,2,600,1,0.153726,0.047763,0.053923
KCUD,81,100,2,600,1,0.154366,0.046221,0.056057
KCU,101,100,2,600,1,0.288922,0.084079,0.088955
KCUD,101,100,2,600,1,0.251509,0.068209,0.092952
KCU,1,100,2,600,1,0.002272,0.002098,8.3e-05
KCUD,1,100,2,600,1,0.002299,0.002111,8.4e-05
KCU,21,100,2,600,2,0.026997,0.011225,0.007481
KCUD,21,100,2,600,2,0.031779,0.014597,0.007302
KCU,41,100,2,600,2,0.09534,0.028836,0.028216
KCUD,41,100,2,600,2,0.09841,0.031895,0.028223
KCU,61,100,2,600,2,0.200376,0.055684,0.062082
KCUD,61,100,2,600,2,0.19569,0.062876,0.053244
KCU,81,100,2,600,2,0.284105,0.076772,0.086691
KCUD,81,100,2,600,2,0.286083,0.079216,0.086559
KCU,101,100,2,600,2,0.464553,0.123161,0.139874
KCUD,101,100,2,600,2,0.43619,0.1159,0.147135
KCU,1,100,2,600,1,0.002278,0.002109,8.3e-05
KCUD,1,100,2,600,1,0.002269,0.002098,8.4e-05
KCU,21,100,2,600,1,0.01282,0.005414,0.004165
KCUD,21,100,2,600,1,0.013429,0.006046,0.003895
KCU,41,100,2,600,1,0.046085,0.014837,0.015259
KCUD,41,100,2,600,1,0.048263,0.017256,0.015846
KCU,61,100,2,600,1,0.089445,0.027876,0.03212
KCUD,61,100,2,600,1,0.101923,0.028894,0.032161
KCU,81,100,2,600,1,0.155305,0.046837,0.056101
KCUD,81,100,2,600,1,0.173662,0.046992,0.056186
KCU,101,100,2,600,1,0.253711,0.068392,0.087216
KCUD,101,100,2,600,1,0.252972,0.071169,0.084098
KCU,1,100,2,600,2,0.003778,0.003496,0.000134
KCUD,1,100,2,600,2,0.004227,0.003938,0.00013
KCU,21,100,2,600,1,0.013537,0.006073,0.003925
KCUD,21,100,2,600,1,0.013937,0.006316,0.003901
KCU,41,100,2,600,1,0.048044,0.014647,0.014562
KCUD,41,100,2,600,1,0.04929,0.015602,0.014594
KCU,61,100,2,600,1,0.090452,0.028661,0.032412
KCUD,61,100,2,600,1,0.091025,0.029257,0.032501
KCU,81,100,2,600,1,0.205463,0.055423,0.067565
KCUD,81,100,2,600,1,0.206913,0.055216,0.068805
KCU,101,100,2,600,1,0.249642,0.068392,0.085677
KCUD,101,100,2,600,1,0.250042,0.06947,0.084931
KCU,1,100,2,600,1,0.002349,0.002193,8.5e-05
KCUD,1,100,2,600,1,0.002359,0.002188,8.5e-05
KCU,21,100,2,600,2,0.021477,0.009054,0.005771
KCUD,21,100,2,600,2,0.023789,0.011528,0.005663
KCU,41,100,2,600,2,0.074904,0.023407,0.02107
KCUD,41,100,2,600,2,0.079059,0.025951,0.022337
KCU,61,100,2,600,2,0.156172,0.045636,0.054123
KCUD,61,100,2,600,2,0.164402,0.052099,0.051617
KCU,81,100,2,600,2,0.337008,0.089957,0.10505
KCUD,81,100,2,600,2,0.31877,0.09355,0.10512
KCU,101,100,2,600,2,0.44444,0.123933,0.126348
KCUD,101,100,2,600,2,0.419404,0.114908,0.132092
KCU,1,100,2,600,1,0.002318,0.002164,8.5e-05
KCUD,1,100,2,600,1,0.002943,0.002762,8.4e-05
KCU,21,100,2,600,1,0.012728,0.005392,0.00388
KCUD,21,100,2,600,1,0.014853,0.006352,0.003884
KCU,41,100,2,600,1,0.05037,0.016471,0.017511
KCUD,41,100,2,600,1,0.057841,0.017991,0.017844
KCU,61,100,2,600,1,0.106814,0.032943,0.038857
KCUD,61,100,2,600,1,0.109359,0.033802,0.040459
KCU,81,100,2,600,1,0.186827,0.055323,0.06864
KCUD,81,100,2,600,1,0.187771,0.056435,0.068334
KCU,101,100,2,600,1,0.252942,0.068658,0.08689
KCUD,101,100,2,600,1,0.25253,0.068923,0.086538
KCU,1,100,2,600,3,0.006205,0.005835,0.000185
KCUD,1,100,2,600,2,0.004925,0.004663,0.000129
KCU,21,100,2,600,1,0.013441,0.006028,0.003903
KCUD,21,100,2,600,1,0.013916,0.006498,0.003893
KCU,41,100,2,600,1,0.043046,0.014779,0.014539
KCUD,41,100,2,600,1,0.048652,0.015234,0.014507
KCU,61,100,2,600,1,0.102763,0.028896,0.0325
KCUD,61,100,2,600,1,0.091568,0.029126,0.032803
KCU,81,100,2,600,1,0.156568,0.047302,0.056593
KCUD,81,100,2,600,1,0.155723,0.051334,0.052069
KCU,101,100,2,600,1,0.252081,0.068816,0.086473
KCUD,101,100,2,600,1,0.252832,0.069178,0.086714
KCU,1,100,2,600,1,0.002301,0.002127,8.5e-05
KCUD,1,100,2,600,1,0.003058,0.002877,9.2e-05
KCU,21,100,2,600,1,0.012998,0.005501,0.003949
KCUD,21,100,2,600,1,0.013678,0.006222,0.003922
KCU,41,100,2,600,1,0.04201,0.014472,0.014008
KCUD,41,100,2,600,1,0.043042,0.014899,0.014541
KCU,61,100,2,600,1,0.089876,0.030764,0.0296
KCUD,61,100,2,600,1,0.090717,0.031085,0.030063
KCU,81,100,2,600,1,0.154701,0.046208,0.056242
KCUD,81,100,2,600,1,0.155733,0.047425,0.055992
KCU,101,100,2,600,1,0.251585,0.069451,0.086758
KCUD,101,100,2,600,1,0.24872,0.06941,0.086305
KCU,1,100,2,600,2,0.003554,0.003261,0.000129
KCUD,1,100,2,600,2,0.004187,0.003904,0.000125
KCU,21,100,2,600,1,0.01322,0.00576,0.003922
KCUD,21,100,2,600,1,0.013904,0.00648,0.003897
KCU,41,100,2,600,1,0.043065,0.01479,0.014474
KCUD,41,100,2,600,1,0.049935,0.015663,0.015028
KCU,61,100,2,600,1,0.090517,0.028453,0.032522
KCUD,61,100,2,600,1,0.091277,0.029203,0.032318
KCU,81,100,2,600,1,0.15499,0.046948,0.05588
KCUD,81,100,2,600,1,0.156111,0.047541,0.056371
KCU,101,100,2,600,1,0.253021,0.068697,0.086937
KCUD,101,100,2,600,1,0.253518,0.07238,0.084082
KCU,1,100,2,600,1,0.002119,0.001963,8.3e-05
KCUD,1,100,2,600,1,0.002577,0.002407,8.3e-05
KCU,21,100,2,600,1,0.012716,0.00526,0.003938
KCUD,21,100,2,600,1,0.013124,0.005699,0.003911
KCU,41,100,2,600,1,0.042643,0.014252,0.014896
KCUD,41,100,2,600,1,0.048675,0.01503,0.014614
KCU,61,100,2,600,1,0.090003,0.027936,0.032652
KCUD,61,100,2,600,1,0.090318,0.028474,0.032308
KCU,81,100,2,600,1,0.15461,0.046215,0.056313
KCUD,81,100,2,600,1,0.154277,0.046438,0.055977
KCU,101,100,2,600,1,0.299023,0.079562,0.104643
KCUD,101,100,2,600,1,0.289901,0.080033,0.094873
KCU,1,100,2,600,1,0.002142,0.00199,8.2e-05
KCUD,1,100,2,600,1,0.002164,0.001998,8.2e-05
KCU,21,100,2,600,2,0.021176,0.008492,0.005976
KCUD,21,100,2,600,2,0.022787,0.009632,0.005753
KCU,41,100,2,600,2,0.094145,0.027982,0.028829
KCUD,41,100,2,600,2,0.087872,0.029143,0.027105
KCU,61,100,2,600,2,0.195672,0.05439,0.059982
KCUD,61,100,2,600,2,0.184693,0.056284,0.059983
KCU,81,100,2,600,2,0.341987,0.091455,0.116806
KCUD,81,100,2,600,2,0.343932,0.093756,0.105425
KCU,101,100,2,600,2,0.446853,0.115939,0.133414
KCUD,101,100,2,600,2,0.447754,0.117251,0.133331
KCU,1,100,2,600,3,0.00602,0.005634,0.000173
KCUD,1,100,2,600,2,0.004664,0.004389,0.000128
KCU,21,100,2,600,1,0.013208,0.005756,0.003925
KCUD,21,100,2,600,1,0.01504,0.006489,0.003863
KCU,41,100,2,600,1,0.042783,0.014542,0.014566
KCUD,41,100,2,600,1,0.048845,0.015383,0.014596
KCU,61,100,2,600,1,0.090206,0.028375,0.032343
KCUD,61,100,2,600,1,0.091338,0.029275,0.032522
KCU,81,100,2,600,1,0.155458,0.046926,0.056257
KCUD,81,100,2,600,1,0.156012,0.047518,0.056341
KCU,101,100,2,600,1,0.252962,0.069194,0.086795
KCUD,101,100,2,600,1,0.252345,0.071029,0.084452
KCU,1,100,2,600,1,0.002126,0.001971,8.5e-05
KCUD,1,100,2,600,1,0.004014,0.00384,8.5e-05
KCU,21,100,2,600,5,0.049628,0.019766,0.013265
KCUD,21,100,2,600,2,0.022854,0.010129,0.00602
KCU,41,100,2,600,5,0.165827,0.05282,0.047385
KCUD,41,100,2,600,2,0.081015,0.025592,0.023206
KCU,61,100,2,600,5,0.359431,0.106529,0.104286
KCUD,61,100,2,600,2,0.168238,0.048433,0.050098
KCU,81,100,2,600,3,0.470905,0.126119,0.142166
KCUD,81,100,2,600,2,0.285584,0.077706,0.08597
KCU,101,100,2,600,5,0.945043,0.253397,0.286084
KCUD,101,100,2,600,2,0.443328,0.121539,0.128494
KCU,1,100,2,600,3,0.006549,0.006158,0.000179
KCUD,1,100,2,600,2,0.005249,0.004943,0.000153
KCU,21,100,2,600,1,0.013284,0.005911,0.003898
KCUD,21,100,2,600,1,0.014299,0.006896,0.003886
KCU,41,100,2,600,1,0.043379,0.014893,0.014783
KCUD,41,100,2,600,1,0.049594,0.016003,0.014832
KCU,61,100,2,600,1,0.101801,0.028408,0.032474
KCUD,61,100,2,600,1,0.102787,0.029481,0.032398
KCU,81,100,2,600,1,0.15635,0.047131,0.056395
KCUD,81,100,2,600,1,0.156856,0.048206,0.056233
KCU,101,100,2,600,1,0.297063,0.081435,0.105808
KCUD,101,100,2,600,1,0.297519,0.082843,0.10494
KCU,1,100,2,600,2,0.003655,0.003395,0.000129
KCUD,1,100,2,600,2,0.003948,0.003687,0.000131
KCU,21,100,2,600,1,0.013099,0.005721,0.003881
KCUD,21,100,2,600,1,0.01378,0.006385,0.003915
KCU,41,100,2,600,1,0.057821,0.017115,0.017821
KCUD,41,100,2,600,1,0.053088,0.018449,0.018256
KCU,61,100,2,600,1,0.108513,0.03363,0.039267
KCUD,61,100,2,600,1,0.123105,0.034682,0.039265
KCU,81,100,2,600,1,0.155772,0.046945,0.056472
KCUD,81,100,2,600,1,0.1568,0.048598,0.055608
KCU,101,100,2,600,1,0.248205,0.069356,0.086939
KCUD,101,100,2,600,1,0.24848,0.069819,0.087467
KCU,1,100,2,600,1,0.002235,0.002063,8.2e-05
KCUD,1,100,2,600,1,0.002257,0.00208,9.1e-05
KCU,21,100,2,600,4,0.041048,0.017742,0.011286
KCUD,21,100,2,600,2,0.025169,0.011232,0.006014
KCU,41,100,2,600,4,0.141934,0.045071,0.044959
KCUD,41,100,2,600,2,0.081563,0.026522,0.022954
KCU,61,100,2,600,4,0.296605,0.088223,0.082896
KCUD,61,100,2,600,2,0.168673,0.049433,0.050024
KCU,81,100,2,600,5,0.619719,0.172198,0.178211
KCUD,81,100,2,600,2,0.277923,0.080117,0.095927
KCU,101,100,2,600,4,0.785561,0.207087,0.226028
KCUD,101,100,2,600,2,0.444478,0.12426,0.127109
KCU,1,100,2,600,1,0.002177,0.002004,8.4e-05
KCUD,1,100,2,600,1,0.002187,0.002016,8.4e-05
KCU,21,100,2,600,3,0.030848,0.011847,0.008623
KCUD,21,100,2,600,2,0.024178,0.010173,0.006196
KCU,41,100,2,600,2,0.072796,0.023672,0.022423
KCUD,41,100,2,600,2,0.080516,0.025536,0.022935
KCU,61,100,2,600,2,0.15963,0.046338,0.055315
KCUD,61,100,2,600,2,0.155577,0.047989,0.049646
KCU,81,100,2,600,2,0.284352,0.076716,0.086916
KCUD,81,100,2,600,2,0.285577,0.078305,0.086669
KCU,101,100,2,600,2,0.438195,0.112499,0.13376
KCUD,101,100,2,600,2,0.440966,0.122952,0.126068
KCU,1,100,2,600,1,0.002143,0.001964,8.4e-05
KCUD,1,100,2,600,1,0.002176,0.001971,0.000118
KCU,21,100,2,600,2,0.022671,0.008816,0.006005
KCUD,21,100,2,600,2,0.023025,0.010309,0.006591
KCU,41,100,2,600,2,0.073401,0.02394,0.025318
KCUD,41,100,2,600,2,0.080206,0.025654,0.022679
KCU,61,100,2,600,2,0.153321,0.046328,0.055092
KCUD,61,100,2,600,2,0.156074,0.048389,0.049904
KCU,81,100,2,600,2,0.284389,0.076905,0.086663
KCUD,81,100,2,600,2,0.285114,0.07824,0.08632
KCU,101,100,2,600,2,0.445743,0.115591,0.13354
KCUD,101,100,2,600,2,0.44435,0.116753,0.133625
KCU,1,100,2,600,1,0.002285,0.002119,8.6e-05
KCUD,1,100,2,600,1,0.003039,0.002881,8.8e-05
KCU,21,100,2,600,1,0.013157,0.005439,0.003902
KCUD,21,100,2,600,1,0.014619,0.006222,0.003771
KCU,41,100,2,600,1,0.042373,0.014352,0.014556
KCUD,41,100,2,600,1,0.047642,0.014562,0.014422
KCU,61,100,2,600,1,0.101254,0.030642,0.029512
KCUD,61,100,2,600,1,0.103102,0.029801,0.032159
KCU,81,100,2,600,1,0.173479,0.048429,0.053714
KCUD,81,100,2,600,1,0.174398,0.048268,0.054812
KCU,101,100,2,600,1,0.250708,0.068655,0.086941
KCUD,101,100,2,600,1,0.249823,0.068958,0.086387
KCU,1,100,2,600,1,0.002303,0.00214,9.1e-05
KCUD,1,100,2,600,1,0.002861,0.002694,8.6e-05
KCU,21,100,2,600,1,0.01278,0.005651,0.00364
KCUD,21,100,2,600,1,0.013699,0.006245,0.003948
KCU,41,100,2,600,1,0.041945,0.01396,0.014384
KCUD,41,100,2,600,1,0.042966,0.014842,0.014356
KCU,61,100,2,600,1,0.090304,0.028084,0.032355
KCUD,61,100,2,600,1,0.102329,0.029152,0.032096
KCU,81,100,2,600,1,0.186276,0.058473,0.065128
KCUD,81,100,2,600,1,0.187788,0.056537,0.068496
KCU,101,100,2,600,1,0.300399,0.081968,0.105937
KCUD,101,100,2,600,1,0.298259,0.081703,0.10521
KCU,1,100,2,600,2,0.003985,0.00372,0.000131
KCUD,1,100,2,600,2,0.004281,0.004002,0.000131
KCU,21,100,2,600,1,0.013851,0.005924,0.004432
KCUD,21,100,2,600,1,0.013708,0.006338,0.003884
KCU,41,100,2,600,1,0.042804,0.014514,0.014546
KCUD,41,100,2,600,1,0.048235,0.015005,0.014396
KCU,61,100,2,600,1,0.102457,0.028697,0.032612
KCUD,61,100,2,600,1,0.090638,0.028933,0.0321
KCU,81,100,2,600,1,0.155761,0.046851,0.056559
KCUD,81,100,2,600,1,0.156469,0.047344,0.056698
KCU,101,100,2,600,1,0.250225,0.068759,0.087121
KCUD,101,100,2,600,1,0.249916,0.069226,0.086499
KCU,1,100,2,600,1,0.002388,0.002207,9.1e-05
KCUD,1,100,2,600,1,0.002355,0.002191,8.4e-05
KCU,21,100,2,600,2,0.021212,0.008619,0.00599
KCUD,21,100,2,600,2,0.023684,0.011093,0.005988
KCU,41,100,2,600,2,0.079099,0.022983,0.024457
KCUD,41,100,2,600,2,0.074352,0.025715,0.022207
KCU,61,100,2,600,3,0.217577,0.06585,0.066189
KCUD,61,100,2,600,2,0.156956,0.049597,0.049817
KCU,81,100,2,600,2,0.266046,0.077191,0.086593
KCUD,81,100,2,600,2,0.285935,0.079387,0.086605
KCU,101,100,2,600,2,0.486416,0.127237,0.142359
KCUD,101,100,2,600,2,0.44209,0.116903,0.131889
KCU,1,100,2,600,2,0.003719,0.003432,0.000136
KCUD,1,100,2,600,2,0.004115,0.003836,0.000131
KCU,21,100,2,600,1,0.012917,0.005617,0.003864
KCUD,21,100,2,600,1,0.013535,0.006253,0.003856
KCU,41,100,2,600,1,0.050677,0.016784,0.017592
KCUD,41,100,2,600,1,0.05176,0.017779,0.017651
KCU,61,100,2,600,1,0.108351,0.033588,0.039261
KCUD,61,100,2,600,1,0.109187,0.034433,0.039276
KCU,81,100,2,600,1,0.184165,0.05512,0.066335
KCUD,81,100,2,600,1,0.155776,0.049485,0.053965
KCU,101,100,2,600,1,0.248578,0.068271,0.086375
KCUD,101,100,2,600,1,0.249572,0.069145,0.086454
KCU,1,100,2,600,1,0.002339,0.002155,8.5e-05
KCUD,1,100,2,600,1,0.002277,0.002124,8.2e-05
KCU,21,100,2,600,2,0.023189,0.008894,0.006546
KCUD,21,100,2,600,2,0.024633,0.011479,0.00653
KCU,41,100,2,600,2,0.080369,0.023707,0.024882
KCUD,41,100,2,600,2,0.074192,0.022161,0.022254
KCU,61,100,2,600,2,0.165386,0.049424,0.046928
KCUD,61,100,2,600,2,0.167667,0.049068,0.049664
KCU,81,100,2,600,2,0.264289,0.06712,0.086724
KCUD,81,100,2,600,2,0.288472,0.07549,0.087176
KCU,101,100,2,600,2,0.448278,0.116418,0.134231
KCUD,101,100,2,600,2,0.450641,0.12002,0.147233
KCU,1,100,2,600,1,0.002358,0.002184,8.4e-05
KCUD,1,100,2,600,1,0.002878,0.002723,8.4e-05
KCU,21,100,2,600,1,0.012797,0.005376,0.003917
KCUD,21,100,2,600,1,0.014776,0.006237,0.003895
KCU,41,100,2,600,1,0.047416,0.014087,0.014454
KCUD,41,100,2,600,1,0.042994,0.015937,0.013457
KCU,61,100,2,600,1,0.101885,0.028136,0.03228
KCUD,61,100,2,600,1,0.090843,0.029048,0.032199
KCU,81,100,2,600,1,0.155651,0.04687,0.056217
KCUD,81,100,2,600,1,0.156141,0.049818,0.053837
KCU,101,100,2,600,1,0.250228,0.068629,0.087043
KCUD,101,100,2,600,1,0.251613,0.069523,0.087344
KCU,1,100,2,600,1,0.0023,0.002126,8.4e-05
KCUD,1,100,2,600,1,0.002317,0.002137,9.4e-05
KCU,21,100,2,600,2,0.021892,0.00917,0.006053
KCUD,21,100,2,600,2,0.02424,0.011508,0.006043
KCU,41,100,2,600,2,0.0808,0.0238,0.024838
KCUD,41,100,2,600,2,0.0747,0.026095,0.022007
KCU,61,100,2,600,2,0.166766,0.047118,0.049843
KCUD,61,100,2,600,2,0.169081,0.049329,0.050111
KCU,81,100,2,600,2,0.28586,0.077322,0.08671
KCUD,81,100,2,600,2,0.267917,0.079503,0.086453
KCU,101,100,2,600,2,0.447711,0.116491,0.134225
KCUD,101,100,2,600,2,0.45025,0.118765,0.134578
KCU,1,100,2,600,1,0.00232,0.002146,8.3e-05
KCUD,1,100,2,600,1,0.003004,0.002826,8.4e-05
KCU,21,100,2,600,1,0.012767,0.005389,0.0039
KCUD,21,100,2,600,1,0.014786,0.00625,0.003904
KCU,41,100,2,600,1,0.042064,0.014081,0.014405
KCUD,41,100,2,600,1,0.043019,0.014989,0.014326
KCU,61,100,2,600,1,0.08989,0.028209,0.032126
KCUD,61,100,2,600,1,0.09058,0.02983,0.031173
KCU,81,100,2,600,1,0.184652,0.054483,0.068008
KCUD,81,100,2,600,1,0.183966,0.058457,0.06363
KCU,101,100,2,600,1,0.295292,0.080561,0.105036
KCUD,101,100,2,600,1,0.243861,0.068159,0.085304
KCU,1,100,2,600,2,0.003855,0.003573,0.00013
KCUD,1,100,2,600,2,0.004334,0.00407,0.000132
KCU,21,100,2,600,1,0.014328,0.005834,0.003884
KCUD,21,100,2,600,1,0.013771,0.00643,0.003885
KCU,41,100,2,600,1,0.041623,0.014109,0.01419
KCUD,41,100,2,600,1,0.042337,0.014857,0.014201
KCU,61,100,2,600,1,0.088008,0.027653,0.031466
KCUD,61,100,2,600,1,0.088168,0.028104,0.03126
KCU,81,100,2,600,1,0.152663,0.045981,0.055464
KCUD,81,100,2,600,1,0.154244,0.046734,0.055614
KCU,101,100,2,600,1,0.247511,0.070124,0.084173
KCUD,101,100,2,600,1,0.247589,0.068968,0.085698
