STANDARD,1,0,3,0.24573
KC_HOG,1,0,2,0.26523
STANDARD,1,0,3,0.20931
KC_HOG,1,0,1,0.09634
STANDARD,1,0,3,0.21401
KC_HOG,1,0,1,0.1744
STANDARD,1,0,3,0.21617
KC_HOG,1,0,2,0.21861
STANDARD,1,0,4,0.31547
KC_HOG,1,0,1,0.05503
STANDARD,1,0,4,0.35534
KC_HOG,1,0,3,0.29936
STANDARD,1,0,3,0.20247
KC_HOG,1,0,1,0.1459
STANDARD,1,0,4,0.3599
KC_HOG,1,0,3,0.36323
STANDARD,1,0,2,0.10998
KC_HOG,1,0,1,0.18512
STANDARD,1,0,4,0.37662
KC_HOG,1,0,1,0.07234
STANDARD,1,0,2,0.10835
KC_HOG,1,0,1,0.17702
STANDARD,1,0,4,0.38062
KC_HOG,1,0,1,0.18646
STANDARD,1,0,2,0.11636
KC_HOG,1,0,1,0.1841
STANDARD,1,0,3,0.24488
KC_HOG,1,0,2,0.27306
STANDARD,1,0,4,0.37481
KC_HOG,1,0,2,0.30163
STANDARD,1,0,3,0.21763
KC_HOG,1,0,1,0.17703
STANDARD,1,0,3,0.21615
KC_HOG,1,0,1,0.17433
STANDARD,1,0,2,0.11296
KC_HOG,1,0,1,0.16613
STANDARD,1,0,2,0.10877
KC_HOG,1,0,1,0.16879
STANDARD,1,0,2,0.10581
KC_HOG,1,0,1,0.15397
STANDARD,1,0,3,0.19689
KC_HOG,1,0,2,0.23204
STANDARD,1,0,3,0.19751
KC_HOG,1,0,1,0.14864
STANDARD,1,0,4,0.31364
KC_HOG,1,0,1,0.08688
STANDARD,1,0,2,0.09612
KC_HOG,1,0,1,0.15791
STANDARD,1,0,3,0.19606
KC_HOG,1,0,1,0.15138
STANDARD,1,0,2,0.10021
KC_HOG,1,0,1,0.12443
STANDARD,1,0,3,0.16314
KC_HOG,1,0,1,0.08446
STANDARD,1,0,3,0.18655
KC_HOG,1,0,1,0.15294
STANDARD,1,0,3,0.20222
KC_HOG,1,0,1,0.17175
STANDARD,1,0,2,0.11964
KC_HOG,1,0,1,0.1737
STANDARD,1,0,3,0.24117
KC_HOG,1,0,2,0.1636
STANDARD,1,0,3,0.21358
KC_HOG,1,0,1,0.09923
STANDARD,1,0,2,0.08054
KC_HOG,1,0,1,0.15165
STANDARD,1,0,3,0.22003
KC_HOG,1,0,2,0.22553
STANDARD,1,0,3,0.18254
KC_HOG,1,0,2,0.19142
STANDARD,1,0,2,0.07964
KC_HOG,1,0,1,0.13501
STANDARD,1,0,2,0.10283
KC_HOG,1,0,1,0.14947
STANDARD,1,0,2,0.10091
KC_HOG,1,0,1,0.1641
STANDARD,1,0,3,0.20715
KC_HOG,1,0,2,0.24915
STANDARD,1,0,2,0.11076
KC_HOG,1,0,1,0.16201
STANDARD,1,0,3,0.21641
KC_HOG,1,0,2,0.23636
STANDARD,1,0,3,0.21368
KC_HOG,1,0,2,0.226
STANDARD,1,0,2,0.11241
KC_HOG,1,0,1,0.176
STANDARD,1,0,3,0.2171
KC_HOG,1,0,1,0.13357
STANDARD,1,0,3,0.21899
KC_HOG,1,0,2,0.07495
STANDARD,1,0,2,0.09046
KC_HOG,1,0,1,0.16002
STANDARD,1,0,2,0.10294
KC_HOG,1,0,1,0.16494
STANDARD,1,0,2,0.11026
KC_HOG,1,0,1,0.15474
STANDARD,1,0,2,0.10417
KC_HOG,1,0,1,0.16001
STANDARD,1,0,4,0.39424
KC_HOG,1,0,1,0.17819
STANDARD,1,20,2,0.10638
KC_HOG,1,20,1,0.17429
STANDARD,1,20,2,0.11011
KC_HOG,1,20,1,0.1595
STANDARD,1,20,4,0.372
KC_HOG,1,20,2,0.25116
STANDARD,1,20,4,0.29151
KC_HOG,1,20,1,0.05464
STANDARD,1,20,2,0.08471
KC_HOG,1,20,1,0.16575
STANDARD,1,20,4,0.33532
KC_HOG,1,20,1,0.09137
STANDARD,1,20,2,0.07239
KC_HOG,1,20,1,0.11708
STANDARD,1,20,3,0.17145
KC_HOG,1,20,1,0.11915
STANDARD,1,20,3,0.17291
KC_HOG,1,20,1,0.13011
STANDARD,1,20,4,0.30632
KC_HOG,1,20,3,0.24148
STANDARD,1,20,4,0.26797
KC_HOG,1,20,3,0.24762
STANDARD,1,20,3,0.14458
KC_HOG,1,20,2,0.202
STANDARD,1,20,3,0.17215
KC_HOG,1,20,1,0.08415
STANDARD,1,20,3,0.16356
KC_HOG,1,20,1,0.12452
STANDARD,1,20,3,0.16697
KC_HOG,1,20,1,0.12768
STANDARD,1,20,3,0.16922
KC_HOG,1,20,2,0.18692
STANDARD,1,20,3,0.1643
KC_HOG,1,20,1,0.122
STANDARD,1,20,2,0.07659
KC_HOG,1,20,1,0.12241
STANDARD,1,20,3,0.1452
KC_HOG,1,20,2,0.0677
STANDARD,1,20,3,0.14323
KC_HOG,1,20,1,0.12114
STANDARD,1,20,3,0.19123
KC_HOG,1,20,2,0.17844
STANDARD,1,20,3,0.15535
KC_HOG,1,20,1,0.13151
STANDARD,1,20,3,0.15234
KC_HOG,1,20,1,0.08212
STANDARD,1,20,3,0.18784
KC_HOG,1,20,2,0.21986
STANDARD,1,20,3,0.18407
KC_HOG,1,20,1,0.13161
STANDARD,1,20,2,0.08447
KC_HOG,1,20,1,0.12699
STANDARD,1,20,4,0.27708
KC_HOG,1,20,1,0.06325
STANDARD,1,20,4,0.27909
KC_HOG,1,20,2,0.20585
STANDARD,1,20,2,0.08284
KC_HOG,1,20,1,0.11512
STANDARD,1,20,2,0.07843
KC_HOG,1,20,1,0.11186
STANDARD,1,20,2,0.0797
KC_HOG,1,20,1,0.12787
STANDARD,1,20,4,0.29051
KC_HOG,1,20,1,0.0968
STANDARD,1,20,4,0.28971
KC_HOG,1,20,1,0.05522
STANDARD,1,20,3,0.15821
KC_HOG,1,20,2,0.2119
STANDARD,1,20,4,0.30343
KC_HOG,1,20,2,0.19354
STANDARD,1,20,3,0.18469
KC_HOG,1,20,1,0.13332
STANDARD,1,20,4,0.31759
KC_HOG,1,20,3,0.29007
STANDARD,1,20,2,0.0868
KC_HOG,1,20,1,0.13384
STANDARD,1,20,2,0.0849
KC_HOG,1,20,1,0.14249
STANDARD,1,20,2,0.08774
KC_HOG,1,20,1,0.11843
STANDARD,1,20,3,0.15908
KC_HOG,1,20,2,0.12052
STANDARD,1,20,4,0.29954
KC_HOG,1,20,3,0.27981
STANDARD,1,20,3,0.1755
KC_HOG,1,20,1,0.11651
STANDARD,1,20,2,0.08737
KC_HOG,1,20,1,0.12759
STANDARD,1,20,4,0.29276
KC_HOG,1,20,3,0.28057
STANDARD,1,20,2,0.07376
KC_HOG,1,20,1,0.12601
STANDARD,1,20,3,0.15652
KC_HOG,1,20,1,0.11347
STANDARD,1,20,4,0.30814
KC_HOG,1,20,1,0.1537
STANDARD,1,20,3,0.18404
KC_HOG,1,20,2,0.08726
STANDARD,1,20,2,0.06495
KC_HOG,1,20,1,0.0988
STANDARD,1,40,3,0.13773
KC_HOG,1,40,1,0.10779
STANDARD,1,40,2,0.06097
KC_HOG,1,40,1,0.11659
STANDARD,1,40,3,0.1499
KC_HOG,1,40,1,0.0993
STANDARD,1,40,4,0.33318
KC_HOG,1,40,1,0.04625
STANDARD,1,40,2,0.06294
KC_HOG,1,40,1,0.12252
STANDARD,1,40,3,0.18019
KC_HOG,1,40,2,0.17854
STANDARD,1,40,2,0.07183
KC_HOG,1,40,1,0.13547
STANDARD,1,40,4,0.31573
KC_HOG,1,40,1,0.04485
STANDARD,1,40,3,0.14736
KC_HOG,1,40,2,0.18824
STANDARD,1,40,3,0.13653
KC_HOG,1,40,1,0.11156
STANDARD,1,40,3,0.12987
KC_HOG,1,40,1,0.11236
STANDARD,1,40,4,0.2589
KC_HOG,1,40,1,0.13261
STANDARD,1,40,2,0.07509
KC_HOG,1,40,1,0.13691
STANDARD,1,40,2,0.09
KC_HOG,1,40,1,0.15361
STANDARD,1,40,4,0.32863
KC_HOG,1,40,3,0.32859
STANDARD,1,40,2,0.0988
KC_HOG,1,40,1,0.14569
STANDARD,1,40,3,0.2025
KC_HOG,1,40,1,0.13858
STANDARD,1,40,2,0.10183
KC_HOG,1,40,1,0.14483
STANDARD,1,40,3,0.18749
KC_HOG,1,40,1,0.14539
STANDARD,1,40,3,0.18196
KC_HOG,1,40,2,0.23123
STANDARD,1,40,2,0.09517
KC_HOG,1,40,1,0.14815
STANDARD,1,40,4,0.33238
KC_HOG,1,40,1,0.06763
STANDARD,1,40,4,0.30295
KC_HOG,1,40,2,0.2297
STANDARD,1,40,3,0.16926
KC_HOG,1,40,1,0.05367
STANDARD,1,40,4,0.27728
KC_HOG,1,40,3,0.32019
STANDARD,1,40,4,0.34612
KC_HOG,1,40,3,0.28905
STANDARD,1,40,2,0.0839
KC_HOG,1,40,1,0.12775
STANDARD,1,40,4,0.31503
KC_HOG,1,40,1,0.09834
STANDARD,1,40,4,0.30691
KC_HOG,1,40,1,0.05231
STANDARD,1,40,2,0.08328
KC_HOG,1,40,1,0.14579
STANDARD,1,40,3,0.18961
KC_HOG,1,40,2,0.22189
STANDARD,1,40,2,0.09288
KC_HOG,1,40,1,0.14375
STANDARD,1,40,4,0.3478
KC_HOG,1,40,2,0.24612
STANDARD,1,40,3,0.18942
KC_HOG,1,40,1,0.12716
STANDARD,1,40,2,0.08768
KC_HOG,1,40,1,0.13899
STANDARD,1,40,2,0.09124
KC_HOG,1,40,1,0.13605
STANDARD,1,40,2,0.09542
KC_HOG,1,40,1,0.13763
STANDARD,1,40,3,0.18576
KC_HOG,1,40,1,0.12761
STANDARD,1,40,4,0.30774
KC_HOG,1,40,2,0.22778
STANDARD,1,40,3,0.16993
KC_HOG,1,40,2,0.20648
STANDARD,1,40,4,0.28939
KC_HOG,1,40,1,0.14377
STANDARD,1,40,3,0.16495
KC_HOG,1,40,1,0.13926
STANDARD,1,40,2,0.08239
KC_HOG,1,40,1,0.12886
STANDARD,1,40,4,0.34271
KC_HOG,1,40,2,0.23879
STANDARD,1,40,3,0.17001
KC_HOG,1,40,1,0.13919
STANDARD,1,40,2,0.08069
KC_HOG,1,40,1,0.13004
STANDARD,1,40,2,0.07719
KC_HOG,1,40,1,0.103
STANDARD,1,40,3,0.14505
KC_HOG,1,40,2,0.1712
STANDARD,1,40,3,0.14735
KC_HOG,1,40,2,0.07655
STANDARD,1,40,3,0.14052
KC_HOG,1,40,1,0.11572
STANDARD,1,60,3,0.14598
KC_HOG,1,60,1,0.11337
STANDARD,1,60,2,0.07553
KC_HOG,1,60,1,0.12189
STANDARD,1,60,4,0.29086
KC_HOG,1,60,3,0.3095
STANDARD,1,60,4,0.32533
KC_HOG,1,60,2,0.239
STANDARD,1,60,2,0.08732
KC_HOG,1,60,1,0.14668
STANDARD,1,60,2,0.09084
KC_HOG,1,60,1,0.14183
STANDARD,1,60,3,0.18551
KC_HOG,1,60,1,0.13737
STANDARD,1,60,2,0.09522
KC_HOG,1,60,1,0.15074
STANDARD,1,60,3,0.17696
KC_HOG,1,60,1,0.13481
STANDARD,1,60,2,0.0867
KC_HOG,1,60,1,0.12884
STANDARD,1,60,2,0.08114
KC_HOG,1,60,1,0.12
STANDARD,1,60,3,0.15229
KC_HOG,1,60,2,0.2008
STANDARD,1,60,4,0.30525
KC_HOG,1,60,2,0.23365
STANDARD,1,60,3,0.18724
KC_HOG,1,60,2,0.1991
STANDARD,1,60,3,0.16206
KC_HOG,1,60,1,0.03626
STANDARD,1,60,4,0.30048
KC_HOG,1,60,3,0.29151
STANDARD,1,60,3,0.17375
KC_HOG,1,60,1,0.13681
STANDARD,1,60,2,0.08146
KC_HOG,1,60,1,0.12973
STANDARD,1,60,3,0.17128
KC_HOG,1,60,1,0.13627
STANDARD,1,60,3,0.16992
KC_HOG,1,60,1,0.1358
STANDARD,1,60,4,0.3111
KC_HOG,1,60,3,0.30777
STANDARD,1,60,2,0.08685
KC_HOG,1,60,1,0.12873
STANDARD,1,60,3,0.16664
KC_HOG,1,60,1,0.13475
STANDARD,1,60,4,0.30837
KC_HOG,1,60,1,0.04517
STANDARD,1,60,3,0.16082
KC_HOG,1,60,1,0.13907
STANDARD,1,60,3,0.17765
KC_HOG,1,60,1,0.12752
STANDARD,1,60,3,0.1661
KC_HOG,1,60,1,0.12916
STANDARD,1,60,2,0.09272
KC_HOG,1,60,1,0.14463
STANDARD,1,60,4,0.29937
KC_HOG,1,60,1,0.15616
STANDARD,1,60,3,0.17267
KC_HOG,1,60,1,0.11843
STANDARD,1,60,4,0.32583
KC_HOG,1,60,1,0.09871
STANDARD,1,60,4,0.31637
KC_HOG,1,60,1,0.05774
STANDARD,1,60,2,0.07598
KC_HOG,1,60,1,0.1237
STANDARD,1,60,4,0.25923
KC_HOG,1,60,3,0.23106
STANDARD,1,60,2,0.06547
KC_HOG,1,60,1,0.10853
STANDARD,1,60,3,0.12572
KC_HOG,1,60,1,0.10851
STANDARD,1,60,3,0.12905
KC_HOG,1,60,1,0.0959
STANDARD,1,60,3,0.13244
KC_HOG,1,60,2,0.10692
STANDARD,1,60,2,0.05544
KC_HOG,1,60,1,0.10357
STANDARD,1,60,3,0.13514
KC_HOG,1,60,2,0.15625
STANDARD,1,60,2,0.05978
KC_HOG,1,60,1,0.10503
STANDARD,1,60,2,0.05927
KC_HOG,1,60,1,0.10117
STANDARD,1,60,3,0.14086
KC_HOG,1,60,1,0.13148
STANDARD,1,60,3,0.17102
KC_HOG,1,60,1,0.13576
STANDARD,1,60,4,0.26826
KC_HOG,1,60,1,0.06233
STANDARD,1,60,4,0.25731
KC_HOG,1,60,2,0.19127
STANDARD,1,60,2,0.06083
KC_HOG,1,60,1,0.11586
STANDARD,1,60,3,0.17554
KC_HOG,1,60,2,0.17455
STANDARD,1,60,4,0.2755
KC_HOG,1,60,2,0.20297
STANDARD,1,60,3,0.17534
KC_HOG,1,60,2,0.21145
STANDARD,1,80,4,0.2975
KC_HOG,1,80,3,0.24193
STANDARD,1,80,3,0.16688
KC_HOG,1,80,2,0.17203
STANDARD,1,80,3,0.1561
KC_HOG,1,80,2,0.19802
STANDARD,1,80,3,0.17495
KC_HOG,1,80,2,0.19976
STANDARD,1,80,3,0.16687
KC_HOG,1,80,1,0.12372
STANDARD,1,80,2,0.08792
KC_HOG,1,80,1,0.13496
STANDARD,1,80,2,0.07923
KC_HOG,1,80,1,0.09974
STANDARD,1,80,4,0.26624
KC_HOG,1,80,3,0.25278
STANDARD,1,80,4,0.2465
KC_HOG,1,80,2,0.19788
STANDARD,1,80,2,0.08742
KC_HOG,1,80,1,0.11338
STANDARD,1,80,2,0.07163
KC_HOG,1,80,1,0.13105
STANDARD,1,80,4,0.29404
KC_HOG,1,80,1,0.14654
STANDARD,1,80,2,0.08426
KC_HOG,1,80,1,0.10812
STANDARD,1,80,3,0.14179
KC_HOG,1,80,2,0.08507
STANDARD,1,80,2,0.06358
KC_HOG,1,80,1,0.10544
STANDARD,1,80,3,0.16447
KC_HOG,1,80,1,0.07639
STANDARD,1,80,2,0.08063
KC_HOG,1,80,1,0.12562
STANDARD,1,80,4,0.28816
KC_HOG,1,80,2,0.18791
STANDARD,1,80,4,0.31195
KC_HOG,1,80,3,0.22736
STANDARD,1,80,4,0.24068
KC_HOG,1,80,1,0.0596
STANDARD,1,80,3,0.1345
KC_HOG,1,80,1,0.10497
STANDARD,1,80,3,0.14297
KC_HOG,1,80,1,0.07741
STANDARD,1,80,4,0.23963
KC_HOG,1,80,2,0.12603
STANDARD,1,80,2,0.06418
KC_HOG,1,80,1,0.10827
STANDARD,1,80,3,0.14247
KC_HOG,1,80,1,0.11694
STANDARD,1,80,3,0.15862
KC_HOG,1,80,1,0.09764
STANDARD,1,80,3,0.18344
KC_HOG,1,80,1,0.12873
STANDARD,1,80,4,0.31828
KC_HOG,1,80,3,0.32558
STANDARD,1,80,2,0.0941
KC_HOG,1,80,1,0.14092
STANDARD,1,80,2,0.09621
KC_HOG,1,80,1,0.13865
STANDARD,1,80,4,0.3247
KC_HOG,1,80,2,0.12923
STANDARD,1,80,3,0.17865
KC_HOG,1,80,1,0.12302
STANDARD,1,80,2,0.0744
KC_HOG,1,80,1,0.14258
STANDARD,1,80,2,0.08338
KC_HOG,1,80,1,0.11485
STANDARD,1,80,2,0.07236
KC_HOG,1,80,1,0.13425
STANDARD,1,80,3,0.18747
KC_HOG,1,80,2,0.21608
STANDARD,1,80,2,0.10002
KC_HOG,1,80,1,0.14124
STANDARD,1,80,2,0.09199
KC_HOG,1,80,1,0.14831
STANDARD,1,80,4,0.33027
KC_HOG,1,80,1,0.15428
STANDARD,1,80,2,0.10357
KC_HOG,1,80,1,0.14375
STANDARD,1,80,4,0.31783
KC_HOG,1,80,1,0.09078
STANDARD,1,80,3,0.17439
KC_HOG,1,80,2,0.21684
STANDARD,1,80,3,0.16743
KC_HOG,1,80,2,0.08545
STANDARD,1,80,2,0.07231
KC_HOG,1,80,1,0.13111
STANDARD,1,80,3,0.17999
KC_HOG,1,80,1,0.13092
STANDARD,1,80,3,0.18152
KC_HOG,1,80,1,0.14177
STANDARD,1,80,3,0.18996
KC_HOG,1,80,2,0.23828
STANDARD,1,80,4,0.34263
KC_HOG,1,80,3,0.3363
STANDARD,1,80,4,0.34604
KC_HOG,1,80,1,0.05974
STANDARD,1,80,2,0.08539
KC_HOG,1,80,1,0.15515
STANDARD,1,100,2,0.10591
KC_HOG,1,100,1,0.16153
STANDARD,1,100,2,0.09932
KC_HOG,1,100,1,0.15457
STANDARD,1,100,3,0.20616
KC_HOG,1,100,1,0.14915
STANDARD,1,100,3,0.19463
KC_HOG,1,100,1,0.10134
STANDARD,1,100,2,0.10415
KC_HOG,1,100,1,0.16148
STANDARD,1,100,3,0.2101
KC_HOG,1,100,2,0.22333
STANDARD,1,100,3,0.1858
KC_HOG,1,100,1,0.12452
STANDARD,1,100,2,0.08343
KC_HOG,1,100,1,0.13358
STANDARD,1,100,3,0.16752
KC_HOG,1,100,1,0.08727
STANDARD,1,100,3,0.16532
KC_HOG,1,100,1,0.12646
STANDARD,1,100,4,0.30176
KC_HOG,1,100,3,0.26099
STANDARD,1,100,3,0.17079
KC_HOG,1,100,2,0.22729
STANDARD,1,100,2,0.09179
KC_HOG,1,100,1,0.14718
STANDARD,1,100,3,0.18439
KC_HOG,1,100,2,0.21936
STANDARD,1,100,4,0.32769
KC_HOG,1,100,1,0.16112
STANDARD,1,100,2,0.09464
KC_HOG,1,100,1,0.14679
STANDARD,1,100,3,0.20227
KC_HOG,1,100,2,0.23474
STANDARD,1,100,3,0.19078
KC_HOG,1,100,1,0.10179
STANDARD,1,100,3,0.19584
KC_HOG,1,100,2,0.07351
STANDARD,1,100,3,0.16332
KC_HOG,1,100,1,0.13969
STANDARD,1,100,4,0.33218
KC_HOG,1,100,3,0.31551
STANDARD,1,100,2,0.09251
KC_HOG,1,100,1,0.06215
STANDARD,1,100,3,0.17119
KC_HOG,1,100,1,0.14849
STANDARD,1,100,3,0.19411
KC_HOG,1,100,1,0.14851
STANDARD,1,100,2,0.10696
KC_HOG,1,100,1,0.14639
STANDARD,1,100,2,0.10499
KC_HOG,1,100,1,0.16025
STANDARD,1,100,2,0.10209
KC_HOG,1,100,1,0.15728
STANDARD,1,100,4,0.34841
KC_HOG,1,100,1,0.05811
STANDARD,1,100,3,0.19399
KC_HOG,1,100,1,0.11755
STANDARD,1,100,2,0.09982
KC_HOG,1,100,1,0.14522
STANDARD,1,100,3,0.17249
KC_HOG,1,100,1,0.09517
STANDARD,1,100,3,0.15673
KC_HOG,1,100,2,0.18425
STANDARD,1,100,3,0.16544
KC_HOG,1,100,2,0.18216
STANDARD,1,100,3,0.15795
KC_HOG,1,100,2,0.18447
STANDARD,1,100,3,0.16599
KC_HOG,1,100,2,0.14461
STANDARD,1,100,3,0.12562
KC_HOG,1,100,1,0.07904
STANDARD,1,100,4,0.27442
KC_HOG,1,100,1,0.05968
STANDARD,1,100,4,0.31437
KC_HOG,1,100,2,0.18337
STANDARD,1,100,4,0.34454
KC_HOG,1,100,3,0.33151
STANDARD,1,100,3,0.19498
KC_HOG,1,100,1,0.14376
STANDARD,1,100,2,0.093
KC_HOG,1,100,1,0.13499
STANDARD,1,100,2,0.09594
KC_HOG,1,100,1,0.14681
STANDARD,1,100,3,0.20374
KC_HOG,1,100,2,0.23818
STANDARD,1,100,3,0.17115
KC_HOG,1,100,1,0.11809
STANDARD,1,100,3,0.17287
KC_HOG,1,100,1,0.12988
STANDARD,1,100,3,0.16671
KC_HOG,1,100,1,0.13274
STANDARD,1,100,3,0.16188
KC_HOG,1,100,1,0.10137
STANDARD,1,100,2,0.08461
KC_HOG,1,100,1,0.13932
STANDARD,1,100,3,0.17845
KC_HOG,1,100,1,0.1084
STANDARD,1,100,4,0.32222
KC_HOG,1,100,1,0.14885
STANDARD,21,0,3,0.41233
KC_HOG,21,0,2,1.10232
STANDARD,21,0,2,0.22859
KC_HOG,21,0,1,0.74752
STANDARD,21,0,2,0.28316
KC_HOG,21,0,1,0.69434
STANDARD,21,0,2,0.2602
KC_HOG,21,0,1,0.77355
STANDARD,21,0,3,0.51975
KC_HOG,21,0,2,1.17755
STANDARD,21,0,5,0.97199
KC_HOG,21,0,3,1.65481
STANDARD,21,0,4,0.74766
KC_HOG,21,0,3,1.63948
STANDARD,21,0,2,0.24358
KC_HOG,21,0,1,0.56477
STANDARD,21,0,2,0.2159
KC_HOG,21,0,1,0.62994
STANDARD,21,0,4,0.65967
KC_HOG,21,0,3,1.7212
STANDARD,21,0,3,0.57038
KC_HOG,21,0,1,0.74797
STANDARD,21,0,2,0.30235
KC_HOG,21,0,1,0.59972
STANDARD,21,0,3,0.53081
KC_HOG,21,0,1,0.68493
STANDARD,21,0,4,0.69148
KC_HOG,21,0,3,1.5562
STANDARD,21,0,4,0.71157
KC_HOG,21,0,1,0.63267
STANDARD,21,0,4,0.7293
KC_HOG,21,0,3,1.22574
STANDARD,21,0,3,0.3559
KC_HOG,21,0,2,0.919
STANDARD,21,0,3,0.29726
KC_HOG,21,0,1,0.48419
STANDARD,21,0,3,0.3141
KC_HOG,21,0,1,0.42138
STANDARD,21,0,2,0.22203
KC_HOG,21,0,1,0.63676
STANDARD,21,0,3,0.44561
KC_HOG,21,0,2,1.24157
STANDARD,21,0,4,0.75291
KC_HOG,21,0,3,1.76121
STANDARD,21,0,3,0.49226
KC_HOG,21,0,1,0.75474
STANDARD,21,0,4,0.72829
KC_HOG,21,0,3,2.06183
STANDARD,21,0,2,0.30458
KC_HOG,21,0,1,0.65232
STANDARD,21,0,3,0.50239
KC_HOG,21,0,1,0.73819
STANDARD,21,0,5,1.05763
KC_HOG,21,0,3,1.8238
STANDARD,21,0,3,0.44065
KC_HOG,21,0,2,1.1471
STANDARD,21,0,3,0.4266
KC_HOG,21,0,1,0.75353
STANDARD,21,0,2,0.30211
KC_HOG,21,0,1,0.75706
STANDARD,21,0,2,0.24255
KC_HOG,21,0,1,0.69231
STANDARD,21,0,2,0.20762
KC_HOG,21,0,1,0.69005
STANDARD,21,0,4,0.70936
KC_HOG,21,0,3,1.8324
STANDARD,21,0,3,0.27414
KC_HOG,21,0,2,0.7252
STANDARD,21,0,2,0.19338
KC_HOG,21,0,1,0.6652
STANDARD,21,0,4,0.60131
KC_HOG,21,0,3,1.5923
STANDARD,21,0,2,0.23039
KC_HOG,21,0,1,0.78811
STANDARD,21,0,4,0.81664
KC_HOG,21,0,3,1.9916
STANDARD,21,0,4,0.77218
KC_HOG,21,0,3,1.78504
STANDARD,21,0,4,0.7689
KC_HOG,21,0,3,1.74075
STANDARD,21,0,5,1.16778
KC_HOG,21,0,4,2.20363
STANDARD,21,0,3,0.48822
KC_HOG,21,0,2,1.14373
STANDARD,21,0,3,0.53118
KC_HOG,21,0,1,0.70484
STANDARD,21,0,4,0.7317
KC_HOG,21,0,2,1.20828
STANDARD,21,0,2,0.30019
KC_HOG,21,0,1,0.64827
STANDARD,21,0,2,0.22385
KC_HOG,21,0,1,0.71795
STANDARD,21,0,3,0.55289
KC_HOG,21,0,1,0.86834
STANDARD,21,0,3,0.53861
KC_HOG,21,0,2,1.13767
STANDARD,21,0,3,0.49524
KC_HOG,21,0,2,1.18304
STANDARD,21,0,3,0.49511
KC_HOG,21,0,1,0.70562
STANDARD,21,20,2,0.28435
KC_HOG,21,20,1,0.61923
STANDARD,21,20,3,0.47025
KC_HOG,21,20,2,1.24657
STANDARD,21,20,4,0.84889
KC_HOG,21,20,3,1.80783
STANDARD,21,20,4,0.76635
KC_HOG,21,20,3,1.81061
STANDARD,21,20,2,0.27411
KC_HOG,21,20,1,0.72242
STANDARD,21,20,4,0.75193
KC_HOG,21,20,3,1.56437
STANDARD,21,20,2,0.23704
KC_HOG,21,20,1,0.6254
STANDARD,21,20,3,0.42649
KC_HOG,21,20,1,0.62783
STANDARD,21,20,3,0.35835
KC_HOG,21,20,1,0.62207
STANDARD,21,20,2,0.25963
KC_HOG,21,20,1,0.77996
STANDARD,21,20,4,0.85623
KC_HOG,21,20,3,1.89341
STANDARD,21,20,3,0.53992
KC_HOG,21,20,2,1.27995
STANDARD,21,20,2,0.32791
KC_HOG,21,20,1,0.83949
STANDARD,21,20,3,0.56549
KC_HOG,21,20,2,1.40901
STANDARD,21,20,3,0.56314
KC_HOG,21,20,1,0.85818
STANDARD,21,20,4,0.86408
KC_HOG,21,20,3,1.69182
STANDARD,21,20,3,0.47205
KC_HOG,21,20,1,0.72282
STANDARD,21,20,3,0.57117
KC_HOG,21,20,2,1.20933
STANDARD,21,20,2,0.30283
KC_HOG,21,20,1,0.72438
STANDARD,21,20,4,0.79195
KC_HOG,21,20,3,1.67573
STANDARD,21,20,3,0.46807
KC_HOG,21,20,1,0.74511
STANDARD,21,20,3,0.48089
KC_HOG,21,20,1,0.67075
STANDARD,21,20,4,0.84621
KC_HOG,21,20,1,0.62136
STANDARD,21,20,2,0.26699
KC_HOG,21,20,1,0.6713
STANDARD,21,20,3,0.51022
KC_HOG,21,20,1,0.70519
STANDARD,21,20,4,0.769
KC_HOG,21,20,5,2.7666
STANDARD,21,20,3,0.56092
KC_HOG,21,20,2,1.2634
STANDARD,21,20,4,0.83277
KC_HOG,21,20,3,1.67209
STANDARD,21,20,5,0.99259
KC_HOG,21,20,3,1.97474
STANDARD,21,20,4,0.76573
KC_HOG,21,20,3,1.82746
STANDARD,21,20,2,0.31705
KC_HOG,21,20,1,0.72392
STANDARD,21,20,3,0.49967
KC_HOG,21,20,1,0.763
STANDARD,21,20,3,0.44346
KC_HOG,21,20,1,0.75653
STANDARD,21,20,5,0.938
KC_HOG,21,20,3,1.79083
STANDARD,21,20,4,0.69311
KC_HOG,21,20,3,1.72206
STANDARD,21,20,3,0.4308
KC_HOG,21,20,1,0.67066
STANDARD,21,20,4,0.77742
KC_HOG,21,20,3,1.63155
STANDARD,21,20,2,0.26652
KC_HOG,21,20,1,0.60002
STANDARD,21,20,3,0.54692
KC_HOG,21,20,1,0.76794
STANDARD,21,20,4,0.77358
KC_HOG,21,20,3,1.69193
STANDARD,21,20,3,0.47769
KC_HOG,21,20,1,0.86806
STANDARD,21,20,4,0.81939
KC_HOG,21,20,3,2.07729
STANDARD,21,20,3,0.47884
KC_HOG,21,20,2,1.21919
STANDARD,21,20,4,0.86548
KC_HOG,21,20,3,1.86164
STANDARD,21,20,2,0.3207
KC_HOG,21,20,1,0.8003
STANDARD,21,20,2,0.34672
KC_HOG,21,20,1,0.71671
STANDARD,21,20,3,0.51425
KC_HOG,21,20,2,1.24961
STANDARD,21,20,2,0.27824
KC_HOG,21,20,1,0.62816
STANDARD,21,20,4,0.77423
KC_HOG,21,20,2,1.21351
STANDARD,21,20,4,0.78105
KC_HOG,21,20,3,1.80559
STANDARD,21,40,3,0.45434
KC_HOG,21,40,2,1.18022
STANDARD,21,40,3,0.50786
KC_HOG,21,40,1,0.6634
STANDARD,21,40,2,0.23247
KC_HOG,21,40,1,0.64151
STANDARD,21,40,2,0.25314
KC_HOG,21,40,1,0.67865
STANDARD,21,40,4,0.69907
KC_HOG,21,40,2,1.23997
STANDARD,21,40,3,0.43596
KC_HOG,21,40,1,0.71393
STANDARD,21,40,2,0.25754
KC_HOG,21,40,1,0.69114
STANDARD,21,40,3,0.47791
KC_HOG,21,40,1,0.67264
STANDARD,21,40,4,0.79033
KC_HOG,21,40,3,1.67094
STANDARD,21,40,3,0.50152
KC_HOG,21,40,2,1.26086
STANDARD,21,40,4,0.75225
KC_HOG,21,40,3,1.74513
STANDARD,21,40,2,0.25496
KC_HOG,21,40,1,0.73477
STANDARD,21,40,4,0.76267
KC_HOG,21,40,4,2.16025
STANDARD,21,40,3,0.39894
KC_HOG,21,40,1,0.6886
STANDARD,21,40,3,0.51057
KC_HOG,21,40,2,1.04105
STANDARD,21,40,3,0.42023
KC_HOG,21,40,1,0.68869
STANDARD,21,40,3,0.39483
KC_HOG,21,40,2,1.1551
STANDARD,21,40,2,0.23879
KC_HOG,21,40,1,0.66732
STANDARD,21,40,3,0.48898
KC_HOG,21,40,1,0.6434
STANDARD,21,40,4,0.79872
KC_HOG,21,40,3,1.75375
STANDARD,21,40,5,1.15079
KC_HOG,21,40,3,2.00379
STANDARD,21,40,3,0.50046
KC_HOG,21,40,1,0.67589
STANDARD,21,40,3,0.49988
KC_HOG,21,40,2,1.17516
STANDARD,21,40,4,0.74981
KC_HOG,21,40,2,1.4186
STANDARD,21,40,4,0.73706
KC_HOG,21,40,3,1.75892
STANDARD,21,40,3,0.50373
KC_HOG,21,40,2,1.17453
STANDARD,21,40,2,0.24814
KC_HOG,21,40,1,0.71125
STANDARD,21,40,4,0.74946
KC_HOG,21,40,4,2.21657
STANDARD,21,40,5,1.04728
KC_HOG,21,40,3,1.71529
STANDARD,21,40,3,0.43602
KC_HOG,21,40,2,1.22153
STANDARD,21,40,3,0.52378
KC_HOG,21,40,1,0.68895
STANDARD,21,40,3,0.5779
KC_HOG,21,40,2,1.31601
STANDARD,21,40,4,0.82832
KC_HOG,21,40,3,1.789
STANDARD,21,40,2,0.29778
KC_HOG,21,40,1,0.69789
STANDARD,21,40,3,0.42755
KC_HOG,21,40,1,0.67607
STANDARD,21,40,4,0.71796
KC_HOG,21,40,3,1.68869
STANDARD,21,40,3,0.39448
KC_HOG,21,40,1,0.66881
STANDARD,21,40,3,0.47308
KC_HOG,21,40,1,0.67603
STANDARD,21,40,3,0.45236
KC_HOG,21,40,1,0.69048
STANDARD,21,40,2,0.29024
KC_HOG,21,40,1,0.67983
STANDARD,21,40,4,0.73902
KC_HOG,21,40,2,1.26141
STANDARD,21,40,2,0.2706
KC_HOG,21,40,1,0.7245
STANDARD,21,40,3,0.47471
KC_HOG,21,40,1,0.6683
STANDARD,21,40,3,0.4586
KC_HOG,21,40,2,1.32146
STANDARD,21,40,5,1.0462
KC_HOG,21,40,3,1.8806
STANDARD,21,40,3,0.51038
KC_HOG,21,40,2,1.33371
STANDARD,21,40,2,0.26552
KC_HOG,21,40,1,0.76533
STANDARD,21,40,3,0.47015
KC_HOG,21,40,1,0.67623
STANDARD,21,40,3,0.49488
KC_HOG,21,40,2,1.29335
STANDARD,21,40,4,0.743
KC_HOG,21,40,3,1.6466
STANDARD,21,60,5,1.00441
KC_HOG,21,60,3,1.70158
STANDARD,21,60,2,0.26866
KC_HOG,21,60,1,0.67808
STANDARD,21,60,4,0.82972
KC_HOG,21,60,3,1.75068
STANDARD,21,60,4,0.71938
KC_HOG,21,60,2,1.29757
STANDARD,21,60,3,0.48761
KC_HOG,21,60,1,0.72566
STANDARD,21,60,4,0.70844
KC_HOG,21,60,3,1.71894
STANDARD,21,60,3,0.46203
KC_HOG,21,60,1,0.64031
STANDARD,21,60,3,0.44078
KC_HOG,21,60,1,0.70467
STANDARD,21,60,3,0.46606
KC_HOG,21,60,1,0.66937
STANDARD,21,60,3,0.47678
KC_HOG,21,60,2,1.22408
STANDARD,21,60,3,0.43662
KC_HOG,21,60,1,0.6718
STANDARD,21,60,2,0.27512
KC_HOG,21,60,1,0.85142
STANDARD,21,60,2,0.32984
KC_HOG,21,60,1,0.72015
STANDARD,21,60,3,0.52537
KC_HOG,21,60,1,0.69593
STANDARD,21,60,4,0.82456
KC_HOG,21,60,3,1.84699
STANDARD,21,60,2,0.24236
KC_HOG,21,60,1,0.72162
STANDARD,21,60,2,0.2353
KC_HOG,21,60,1,0.72297
STANDARD,21,60,5,0.97936
KC_HOG,21,60,3,1.64524
STANDARD,21,60,3,0.47018
KC_HOG,21,60,1,0.69953
STANDARD,21,60,7,1.72108
KC_HOG,21,60,4,2.4902
STANDARD,21,60,3,0.42863
KC_HOG,21,60,1,0.67149
STANDARD,21,60,4,0.80432
KC_HOG,21,60,3,1.77563
STANDARD,21,60,3,0.4775
KC_HOG,21,60,1,0.82021
STANDARD,21,60,2,0.3015
KC_HOG,21,60,1,0.64805
STANDARD,21,60,4,0.73887
KC_HOG,21,60,4,2.42729
STANDARD,21,60,3,0.48704
KC_HOG,21,60,2,1.354
STANDARD,21,60,5,1.06705
KC_HOG,21,60,3,2.10428
STANDARD,21,60,2,0.3237
KC_HOG,21,60,1,0.72948
STANDARD,21,60,4,0.73568
KC_HOG,21,60,3,1.61746
STANDARD,21,60,4,0.79331
KC_HOG,21,60,3,1.66124
STANDARD,21,60,3,0.55446
KC_HOG,21,60,1,0.68013
STANDARD,21,60,3,0.55042
KC_HOG,21,60,2,1.25986
STANDARD,21,60,3,0.50418
KC_HOG,21,60,1,0.70471
STANDARD,21,60,4,0.81881
KC_HOG,21,60,3,1.84803
STANDARD,21,60,3,0.4674
KC_HOG,21,60,1,0.81749
STANDARD,21,60,5,1.13569
KC_HOG,21,60,3,2.03746
STANDARD,21,60,3,0.53489
KC_HOG,21,60,2,1.23238
STANDARD,21,60,3,0.46901
KC_HOG,21,60,1,0.65698
STANDARD,21,60,4,0.73929
KC_HOG,21,60,3,1.6521
STANDARD,21,60,2,0.26423
KC_HOG,21,60,1,0.69071
STANDARD,21,60,3,0.46429
KC_HOG,21,60,1,0.65432
STANDARD,21,60,2,0.23391
KC_HOG,21,60,1,0.90698
STANDARD,21,60,4,0.97324
KC_HOG,21,60,3,2.09513
STANDARD,21,60,4,1.00919
KC_HOG,21,60,3,2.04576
STANDARD,21,60,3,0.49623
KC_HOG,21,60,2,1.2779
STANDARD,21,60,2,0.29561
KC_HOG,21,60,1,0.72328
STANDARD,21,60,4,0.78272
KC_HOG,21,60,3,1.79507
STANDARD,21,60,4,0.76752
KC_HOG,21,60,3,1.80985
STANDARD,21,60,3,0.4948
KC_HOG,21,60,2,1.27985
STANDARD,21,60,3,0.48351
KC_HOG,21,60,1,0.82184
STANDARD,21,80,3,0.50115
KC_HOG,21,80,1,0.60348
STANDARD,21,80,3,0.4651
KC_HOG,21,80,1,0.66282
STANDARD,21,80,3,0.46233
KC_HOG,21,80,2,1.38443
STANDARD,21,80,3,0.46886
KC_HOG,21,80,1,0.69249
STANDARD,21,80,3,0.51765
KC_HOG,21,80,1,0.78091
STANDARD,21,80,4,0.69509
KC_HOG,21,80,3,1.60562
STANDARD,21,80,3,0.40458
KC_HOG,21,80,1,0.67161
STANDARD,21,80,3,0.53413
KC_HOG,21,80,2,1.44251
STANDARD,21,80,3,0.48152
KC_HOG,21,80,2,1.32176
STANDARD,21,80,4,0.85018
KC_HOG,21,80,3,1.97685
STANDARD,21,80,2,0.25971
KC_HOG,21,80,1,0.65369
STANDARD,21,80,4,0.70598
KC_HOG,21,80,3,1.8341
STANDARD,21,80,2,0.25735
KC_HOG,21,80,1,0.8218
STANDARD,21,80,4,0.72833
KC_HOG,21,80,4,2.46295
STANDARD,21,80,4,0.75954
KC_HOG,21,80,3,1.75877
STANDARD,21,80,3,0.50834
KC_HOG,21,80,1,0.7484
STANDARD,21,80,4,0.73442
KC_HOG,21,80,3,1.792
STANDARD,21,80,5,0.91603
KC_HOG,21,80,3,1.72834
STANDARD,21,80,4,0.68833
KC_HOG,21,80,3,1.69087
STANDARD,21,80,3,0.46145
KC_HOG,21,80,2,1.3745
STANDARD,21,80,4,0.81621
KC_HOG,21,80,3,1.7083
STANDARD,21,80,4,0.79193
KC_HOG,21,80,3,1.75537
STANDARD,21,80,4,0.86272
KC_HOG,21,80,3,1.64739
STANDARD,21,80,2,0.28639
KC_HOG,21,80,1,0.63943
STANDARD,21,80,2,0.24937
KC_HOG,21,80,1,0.65489
STANDARD,21,80,3,0.40588
KC_HOG,21,80,2,1.12632
STANDARD,21,80,2,0.25756
KC_HOG,21,80,1,0.69025
STANDARD,21,80,4,0.68788
KC_HOG,21,80,3,1.86422
STANDARD,21,80,3,0.47133
KC_HOG,21,80,2,1.17157
STANDARD,21,80,4,0.77979
KC_HOG,21,80,3,1.98547
STANDARD,21,80,3,0.57224
KC_HOG,21,80,1,0.6772
STANDARD,21,80,3,0.50777
KC_HOG,21,80,1,0.82216
STANDARD,21,80,2,0.31264
KC_HOG,21,80,1,0.74088
STANDARD,21,80,3,0.47586
KC_HOG,21,80,1,0.7321
STANDARD,21,80,2,0.2703
KC_HOG,21,80,1,0.69318
STANDARD,21,80,3,0.51196
KC_HOG,21,80,1,0.72536
STANDARD,21,80,3,0.5529
KC_HOG,21,80,2,1.24706
STANDARD,21,80,2,0.2721
KC_HOG,21,80,1,0.7744
STANDARD,21,80,3,0.52634
KC_HOG,21,80,1,0.73217
STANDARD,21,80,3,0.52314
KC_HOG,21,80,1,0.82097
STANDARD,21,80,5,1.06475
KC_HOG,21,80,3,1.89249
STANDARD,21,80,2,0.24553
KC_HOG,21,80,1,0.60173
STANDARD,21,80,2,0.31507
KC_HOG,21,80,1,0.72104
STANDARD,21,80,3,0.52099
KC_HOG,21,80,1,0.76653
STANDARD,21,80,3,0.50705
KC_HOG,21,80,2,1.29778
STANDARD,21,80,2,0.31284
KC_HOG,21,80,1,0.69639
STANDARD,21,80,2,0.25226
KC_HOG,21,80,1,0.69622
STANDARD,21,80,4,0.79363
KC_HOG,21,80,3,1.81241
STANDARD,21,80,4,0.72811
KC_HOG,21,80,3,1.80577
STANDARD,21,80,4,0.78265
KC_HOG,21,80,3,1.63387
STANDARD,21,100,2,0.32245
KC_HOG,21,100,1,0.72526
STANDARD,21,100,2,0.34541
KC_HOG,21,100,1,0.66443
STANDARD,21,100,4,0.83246
KC_HOG,21,100,3,1.7321
STANDARD,21,100,3,0.47765
KC_HOG,21,100,2,1.13092
STANDARD,21,100,4,0.75923
KC_HOG,21,100,3,1.98602
STANDARD,21,100,2,0.26941
KC_HOG,21,100,1,0.68948
STANDARD,21,100,3,0.49905
KC_HOG,21,100,1,0.66546
STANDARD,21,100,2,0.27136
KC_HOG,21,100,1,0.73884
STANDARD,21,100,4,0.79814
KC_HOG,21,100,3,1.8666
STANDARD,21,100,2,0.31353
KC_HOG,21,100,1,0.735
STANDARD,21,100,4,0.81622
KC_HOG,21,100,3,1.93888
STANDARD,21,100,2,0.281
KC_HOG,21,100,1,0.7537
STANDARD,21,100,2,0.26179
KC_HOG,21,100,1,0.76604
STANDARD,21,100,4,0.80001
KC_HOG,21,100,3,1.98622
STANDARD,21,100,3,0.51746
KC_HOG,21,100,1,0.62738
STANDARD,21,100,4,0.76176
KC_HOG,21,100,3,2.06461
STANDARD,21,100,3,0.4635
KC_HOG,21,100,1,0.70884
STANDARD,21,100,2,0.23826
KC_HOG,21,100,1,0.65329
STANDARD,21,100,5,0.92786
KC_HOG,21,100,3,1.80323
STANDARD,21,100,2,0.25727
KC_HOG,21,100,1,0.76355
STANDARD,21,100,3,0.53113
KC_HOG,21,100,1,0.71703
STANDARD,21,100,2,0.32846
KC_HOG,21,100,1,0.7654
STANDARD,21,100,2,0.32319
KC_HOG,21,100,1,0.7005
STANDARD,21,100,4,0.82687
KC_HOG,21,100,4,2.34437
STANDARD,21,100,4,0.71946
KC_HOG,21,100,3,1.69199
STANDARD,21,100,2,0.33101
KC_HOG,21,100,1,0.75756
STANDARD,21,100,2,0.25652
KC_HOG,21,100,1,0.83776
STANDARD,21,100,5,1.32839
KC_HOG,21,100,3,2.57772
STANDARD,21,100,3,0.39675
KC_HOG,21,100,2,1.5454
STANDARD,21,100,3,0.68013
KC_HOG,21,100,1,0.96332
STANDARD,21,100,4,0.87563
KC_HOG,21,100,3,1.99871
STANDARD,21,100,2,0.33791
KC_HOG,21,100,1,0.66363
STANDARD,21,100,5,1.13082
KC_HOG,21,100,3,1.98211
STANDARD,21,100,4,0.75513
KC_HOG,21,100,3,2.10817
STANDARD,21,100,3,0.49916
KC_HOG,21,100,2,1.32372
STANDARD,21,100,2,0.33948
KC_HOG,21,100,1,0.64305
STANDARD,21,100,2,0.22567
KC_HOG,21,100,1,0.77347
STANDARD,21,100,2,0.29001
KC_HOG,21,100,1,0.74904
STANDARD,21,100,2,0.25792
KC_HOG,21,100,1,0.71507
STANDARD,21,100,3,0.53109
KC_HOG,21,100,1,0.77218
STANDARD,21,100,5,0.98854
KC_HOG,21,100,3,1.61754
STANDARD,21,100,5,0.99944
KC_HOG,21,100,3,1.58432
STANDARD,21,100,3,0.5315
KC_HOG,21,100,2,1.13263
STANDARD,21,100,2,0.23144
KC_HOG,21,100,1,0.66174
STANDARD,21,100,5,1.00396
KC_HOG,21,100,4,2.23735
STANDARD,21,100,2,0.23672
KC_HOG,21,100,1,0.65542
STANDARD,21,100,2,0.30066
KC_HOG,21,100,1,0.65461
STANDARD,21,100,4,0.67227
KC_HOG,21,100,3,1.64732
STANDARD,21,100,5,0.93439
KC_HOG,21,100,3,1.59056
STANDARD,21,100,3,0.3978
KC_HOG,21,100,2,1.34994
STANDARD,41,0,2,0.74455
KC_HOG,41,0,1,1.88934
STANDARD,41,0,4,1.62522
KC_HOG,41,0,3,4.06256
STANDARD,41,0,5,1.8064
KC_HOG,41,0,3,4.90526
STANDARD,41,0,3,1.14273
KC_HOG,41,0,1,1.87728
STANDARD,41,0,4,1.48426
KC_HOG,41,0,3,4.62086
STANDARD,41,0,2,0.68841
KC_HOG,41,0,1,1.90398
STANDARD,41,0,2,0.65269
KC_HOG,41,0,1,1.77134
STANDARD,41,0,2,0.62223
KC_HOG,41,0,1,1.69399
STANDARD,41,0,3,1.01937
KC_HOG,41,0,1,1.61306
STANDARD,41,0,3,1.01342
KC_HOG,41,0,1,1.61288
STANDARD,41,0,4,1.43715
KC_HOG,41,0,3,4.61078
STANDARD,41,0,5,2.02368
KC_HOG,41,0,3,4.1604
STANDARD,41,0,3,1.04681
KC_HOG,41,0,1,1.95848
STANDARD,41,0,2,0.56324
KC_HOG,41,0,1,1.71762
STANDARD,41,0,2,0.60804
KC_HOG,41,0,1,1.9242
STANDARD,41,0,5,2.04113
KC_HOG,41,0,3,4.75869
STANDARD,41,0,5,1.99357
KC_HOG,41,0,3,4.38403
STANDARD,41,0,4,1.4661
KC_HOG,41,0,2,3.3166
STANDARD,41,0,2,0.57446
KC_HOG,41,0,1,2.00307
STANDARD,41,0,4,1.56262
KC_HOG,41,0,3,4.54333
STANDARD,41,0,3,1.0702
KC_HOG,41,0,2,3.33715
STANDARD,41,0,4,1.5612
KC_HOG,41,0,3,4.44061
STANDARD,41,0,2,0.74055
KC_HOG,41,0,1,1.80643
STANDARD,41,0,4,1.50771
KC_HOG,41,0,3,4.20942
STANDARD,41,0,2,0.62377
KC_HOG,41,0,1,1.8581
STANDARD,41,0,2,0.62173
KC_HOG,41,0,1,1.87552
STANDARD,41,0,5,2.14942
KC_HOG,41,0,3,4.11806
STANDARD,41,0,3,1.07057
KC_HOG,41,0,1,2.00269
STANDARD,41,0,2,0.59613
KC_HOG,41,0,1,1.71632
STANDARD,41,0,3,1.07808
KC_HOG,41,0,1,1.71433
STANDARD,41,0,3,1.09816
KC_HOG,41,0,1,1.61989
STANDARD,41,0,6,2.60941
KC_HOG,41,0,3,4.90204
STANDARD,41,0,4,1.49287
KC_HOG,41,0,2,2.84696
STANDARD,41,0,3,1.06313
KC_HOG,41,0,1,1.76898
STANDARD,41,0,4,1.48571
KC_HOG,41,0,3,4.41794
STANDARD,41,0,7,3.32266
KC_HOG,41,0,7,11.0116
STANDARD,41,0,3,0.99298
KC_HOG,41,0,1,1.84886
STANDARD,41,0,2,0.53824
KC_HOG,41,0,1,1.67996
STANDARD,41,0,2,0.55672
KC_HOG,41,0,1,1.96315
STANDARD,41,0,3,1.03058
KC_HOG,41,0,1,2.10283
STANDARD,41,0,3,1.02119
KC_HOG,41,0,1,1.89136
STANDARD,41,0,5,2.02456
KC_HOG,41,0,3,4.75253
STANDARD,41,0,4,1.66615
KC_HOG,41,0,3,4.07689
STANDARD,41,0,3,0.98925
KC_HOG,41,0,1,1.70501
STANDARD,41,0,3,1.01974
KC_HOG,41,0,1,1.61381
STANDARD,41,0,2,0.57707
KC_HOG,41,0,1,1.48002
STANDARD,41,0,3,0.90348
KC_HOG,41,0,2,3.39467
STANDARD,41,0,3,1.17003
KC_HOG,41,0,1,1.92188
STANDARD,41,0,3,1.17388
KC_HOG,41,0,2,3.45874
STANDARD,41,0,2,0.71321
KC_HOG,41,0,1,1.8128
STANDARD,41,20,3,0.98429
KC_HOG,41,20,1,1.97852
STANDARD,41,20,2,0.68332
KC_HOG,41,20,1,2.08003
STANDARD,41,20,3,1.10629
KC_HOG,41,20,2,2.73415
STANDARD,41,20,2,0.60484
KC_HOG,41,20,1,1.82861
STANDARD,41,20,3,1.06393
KC_HOG,41,20,1,1.72962
STANDARD,41,20,4,1.19239
KC_HOG,41,20,3,4.41
STANDARD,41,20,3,1.04036
KC_HOG,41,20,2,3.53787
STANDARD,41,20,2,0.71524
KC_HOG,41,20,1,1.76357
STANDARD,41,20,4,1.41055
KC_HOG,41,20,3,4.21165
STANDARD,41,20,3,0.94873
KC_HOG,41,20,1,1.68402
STANDARD,41,20,3,0.99443
KC_HOG,41,20,1,1.59012
STANDARD,41,20,7,3.21716
KC_HOG,41,20,3,4.72743
STANDARD,41,20,3,1.09864
KC_HOG,41,20,1,1.97959
STANDARD,41,20,3,1.14451
KC_HOG,41,20,1,1.89844
STANDARD,41,20,2,0.61563
KC_HOG,41,20,1,1.51883
STANDARD,41,20,4,1.37773
KC_HOG,41,20,3,5.01245
STANDARD,41,20,3,1.1321
KC_HOG,41,20,1,1.7587
STANDARD,41,20,5,2.08805
KC_HOG,41,20,3,4.47579
STANDARD,41,20,3,1.11736
KC_HOG,41,20,1,1.86576
STANDARD,41,20,3,1.07611
KC_HOG,41,20,1,1.86182
STANDARD,41,20,4,1.4572
KC_HOG,41,20,3,4.13596
STANDARD,41,20,3,0.98172
KC_HOG,41,20,1,1.99511
STANDARD,41,20,2,0.71708
KC_HOG,41,20,1,1.83369
STANDARD,41,20,4,1.50081
KC_HOG,41,20,3,4.30032
STANDARD,41,20,3,1.04062
KC_HOG,41,20,1,1.59339
STANDARD,41,20,3,1.3015
KC_HOG,41,20,1,1.85229
STANDARD,41,20,5,2.00729
KC_HOG,41,20,3,4.41331
STANDARD,41,20,2,0.61577
KC_HOG,41,20,1,1.52261
STANDARD,41,20,2,0.54414
KC_HOG,41,20,1,1.75578
STANDARD,41,20,3,1.08976
KC_HOG,41,20,2,2.83304
STANDARD,41,20,4,1.44132
KC_HOG,41,20,3,4.68935
STANDARD,41,20,2,0.59656
KC_HOG,41,20,1,1.88083
STANDARD,41,20,2,0.67252
KC_HOG,41,20,1,1.94637
STANDARD,41,20,3,1.12725
KC_HOG,41,20,1,1.87893
STANDARD,41,20,6,2.38209
KC_HOG,41,20,3,4.46991
STANDARD,41,20,2,0.68381
KC_HOG,41,20,1,1.96145
STANDARD,41,20,5,2.01533
KC_HOG,41,20,3,4.45015
STANDARD,41,20,3,1.0394
KC_HOG,41,20,1,1.70831
STANDARD,41,20,4,1.47361
KC_HOG,41,20,3,4.64374
STANDARD,41,20,2,0.74306
KC_HOG,41,20,1,1.69396
STANDARD,41,20,2,0.58776
KC_HOG,41,20,1,2.16919
STANDARD,41,20,5,2.11303
KC_HOG,41,20,3,4.48321
STANDARD,41,20,4,1.4329
KC_HOG,41,20,2,2.6822
STANDARD,41,20,3,1.05288
KC_HOG,41,20,1,1.64409
STANDARD,41,20,3,1.02624
KC_HOG,41,20,1,1.7045
STANDARD,41,20,3,1.06268
KC_HOG,41,20,1,1.65621
STANDARD,41,20,5,2.17311
KC_HOG,41,20,3,4.63403
STANDARD,41,20,3,1.10912
KC_HOG,41,20,2,3.01704
STANDARD,41,20,3,1.00372
KC_HOG,41,20,1,1.787
STANDARD,41,20,3,1.02407
KC_HOG,41,20,1,1.87724
STANDARD,41,40,3,1.08435
KC_HOG,41,40,1,1.64365
STANDARD,41,40,2,0.64424
KC_HOG,41,40,1,1.92765
STANDARD,41,40,2,0.67704
KC_HOG,41,40,1,1.62081
STANDARD,41,40,3,0.95818
KC_HOG,41,40,1,1.52853
STANDARD,41,40,4,1.35809
KC_HOG,41,40,2,3.38838
STANDARD,41,40,3,1.11508
KC_HOG,41,40,2,3.49566
STANDARD,41,40,2,0.6809
KC_HOG,41,40,1,1.86986
STANDARD,41,40,5,1.94906
KC_HOG,41,40,3,3.99364
STANDARD,41,40,2,0.60171
KC_HOG,41,40,1,1.70442
STANDARD,41,40,4,1.42954
KC_HOG,41,40,3,4.24289
STANDARD,41,40,2,0.63986
KC_HOG,41,40,1,1.59513
STANDARD,41,40,5,1.9969
KC_HOG,41,40,3,4.26498
STANDARD,41,40,2,0.58065
KC_HOG,41,40,1,1.77281
STANDARD,41,40,2,0.67156
KC_HOG,41,40,1,1.72838
STANDARD,41,40,3,1.04224
KC_HOG,41,40,2,2.82781
STANDARD,41,40,5,1.88043
KC_HOG,41,40,3,4.11718
STANDARD,41,40,3,0.97589
KC_HOG,41,40,2,3.11451
STANDARD,41,40,3,0.99721
KC_HOG,41,40,2,3.27398
STANDARD,41,40,3,1.03719
KC_HOG,41,40,1,1.87311
STANDARD,41,40,5,2.13856
KC_HOG,41,40,4,5.30476
STANDARD,41,40,3,0.96532
KC_HOG,41,40,1,1.76867
STANDARD,41,40,2,0.70091
KC_HOG,41,40,1,1.8288
STANDARD,41,40,5,2.06523
KC_HOG,41,40,4,5.04726
STANDARD,41,40,3,0.87223
KC_HOG,41,40,2,2.55968
STANDARD,41,40,4,1.26357
KC_HOG,41,40,3,3.79023
STANDARD,41,40,4,1.33797
KC_HOG,41,40,3,4.08084
STANDARD,41,40,2,0.59569
KC_HOG,41,40,1,1.29648
STANDARD,41,40,3,0.91978
KC_HOG,41,40,1,1.75738
STANDARD,41,40,2,0.57754
KC_HOG,41,40,1,1.33059
STANDARD,41,40,3,0.83761
KC_HOG,41,40,1,1.53659
STANDARD,41,40,3,0.92365
KC_HOG,41,40,2,2.52235
STANDARD,41,40,3,0.90408
KC_HOG,41,40,1,1.36822
STANDARD,41,40,3,0.6955
KC_HOG,41,40,1,1.8768
STANDARD,41,40,3,1.07506
KC_HOG,41,40,2,3.21925
STANDARD,41,40,6,2.61219
KC_HOG,41,40,3,4.66445
STANDARD,41,40,2,0.6361
KC_HOG,41,40,1,1.76713
STANDARD,41,40,3,1.12082
KC_HOG,41,40,2,2.92754
STANDARD,41,40,3,1.00608
KC_HOG,41,40,2,3.06333
STANDARD,41,40,3,0.95106
KC_HOG,41,40,2,2.82903
STANDARD,41,40,3,0.98896
KC_HOG,41,40,1,1.90664
STANDARD,41,40,5,1.85129
KC_HOG,41,40,3,4.04511
STANDARD,41,40,4,1.48972
KC_HOG,41,40,3,4.38235
STANDARD,41,40,4,1.40376
KC_HOG,41,40,3,4.15636
STANDARD,41,40,2,0.57419
KC_HOG,41,40,1,1.45757
STANDARD,41,40,3,0.95566
KC_HOG,41,40,2,2.16267
STANDARD,41,40,3,0.84097
KC_HOG,41,40,1,1.4803
STANDARD,41,40,3,0.65762
KC_HOG,41,40,1,1.61609
STANDARD,41,40,2,0.60083
KC_HOG,41,40,1,1.58443
STANDARD,41,40,2,0.52721
KC_HOG,41,40,1,1.75907
STANDARD,41,40,2,0.6008
KC_HOG,41,40,1,1.73288
STANDARD,41,60,3,1.13133
KC_HOG,41,60,2,2.47249
STANDARD,41,60,5,1.82409
KC_HOG,41,60,3,3.95212
STANDARD,41,60,5,1.86535
KC_HOG,41,60,4,5.18187
STANDARD,41,60,4,1.37479
KC_HOG,41,60,2,2.77949
STANDARD,41,60,3,0.91853
KC_HOG,41,60,2,3.32629
STANDARD,41,60,3,1.10736
KC_HOG,41,60,1,2.17378
STANDARD,41,60,4,1.56315
KC_HOG,41,60,3,4.21371
STANDARD,41,60,3,0.97961
KC_HOG,41,60,1,1.49282
STANDARD,41,60,4,1.43908
KC_HOG,41,60,3,4.43314
STANDARD,41,60,3,0.99231
KC_HOG,41,60,1,1.45749
STANDARD,41,60,2,0.54516
KC_HOG,41,60,1,1.67924
STANDARD,41,60,4,1.37474
KC_HOG,41,60,3,3.88776
STANDARD,41,60,3,0.98473
KC_HOG,41,60,1,1.57766
STANDARD,41,60,2,0.577
KC_HOG,41,60,1,1.60064
STANDARD,41,60,2,0.5728
KC_HOG,41,60,1,1.76772
STANDARD,41,60,2,0.618
KC_HOG,41,60,1,1.58075
STANDARD,41,60,3,1.01108
KC_HOG,41,60,1,1.88264
STANDARD,41,60,3,1.10196
KC_HOG,41,60,1,1.54335
STANDARD,41,60,2,0.59297
KC_HOG,41,60,1,1.60808
STANDARD,41,60,3,0.98904
KC_HOG,41,60,1,1.76058
STANDARD,41,60,3,0.75567
KC_HOG,41,60,2,2.88809
STANDARD,41,60,2,0.51545
KC_HOG,41,60,1,1.89284
STANDARD,41,60,2,0.6691
KC_HOG,41,60,1,1.7765
STANDARD,41,60,5,1.81353
KC_HOG,41,60,3,4.31669
STANDARD,41,60,5,2.03689
KC_HOG,41,60,3,4.00263
STANDARD,41,60,3,0.95542
KC_HOG,41,60,1,1.53726
STANDARD,41,60,4,1.38825
KC_HOG,41,60,3,3.85292
STANDARD,41,60,6,2.10969
KC_HOG,41,60,3,4.02005
STANDARD,41,60,2,0.59659
KC_HOG,41,60,1,1.49002
STANDARD,41,60,4,1.44195
KC_HOG,41,60,3,4.20354
STANDARD,41,60,4,1.45354
KC_HOG,41,60,3,3.67812
STANDARD,41,60,2,0.53166
KC_HOG,41,60,1,1.68881
STANDARD,41,60,3,1.09315
KC_HOG,41,60,1,1.78343
STANDARD,41,60,6,2.79407
KC_HOG,41,60,4,6.68697
STANDARD,41,60,5,2.01988
KC_HOG,41,60,3,4.43578
STANDARD,41,60,6,2.46581
KC_HOG,41,60,4,5.60505
STANDARD,41,60,3,1.02313
KC_HOG,41,60,1,1.67529
STANDARD,41,60,4,1.43259
KC_HOG,41,60,3,3.86136
STANDARD,41,60,4,1.38724
KC_HOG,41,60,3,4.51678
STANDARD,41,60,3,1.01803
KC_HOG,41,60,1,1.7588
STANDARD,41,60,2,0.68391
KC_HOG,41,60,1,1.6321
STANDARD,41,60,3,0.96657
KC_HOG,41,60,1,1.45727
STANDARD,41,60,4,1.35893
KC_HOG,41,60,3,4.36684
STANDARD,41,60,3,1.07748
KC_HOG,41,60,1,1.83952
STANDARD,41,60,2,0.58094
KC_HOG,41,60,1,2.13791
STANDARD,41,60,2,0.65626
KC_HOG,41,60,1,1.83838
STANDARD,41,60,4,1.51458
KC_HOG,41,60,1,1.74802
STANDARD,41,60,3,0.98094
KC_HOG,41,60,1,1.9891
STANDARD,41,60,3,1.09272
KC_HOG,41,60,2,2.68978
STANDARD,41,60,5,2.01886
KC_HOG,41,60,3,4.33478
STANDARD,41,80,4,1.56329
KC_HOG,41,80,3,4.3697
STANDARD,41,80,2,0.63234
KC_HOG,41,80,1,1.69728
STANDARD,41,80,3,0.95757
KC_HOG,41,80,2,2.76679
STANDARD,41,80,4,1.61012
KC_HOG,41,80,3,4.7314
STANDARD,41,80,5,1.98148
KC_HOG,41,80,3,4.43776
STANDARD,41,80,2,0.62033
KC_HOG,41,80,1,1.49639
STANDARD,41,80,3,1.02369
KC_HOG,41,80,2,2.73558
STANDARD,41,80,5,1.79699
KC_HOG,41,80,4,6.37889
STANDARD,41,80,2,0.68722
KC_HOG,41,80,1,1.73687
STANDARD,41,80,3,1.0555
KC_HOG,41,80,1,1.74872
STANDARD,41,80,5,1.86877
KC_HOG,41,80,3,4.66151
STANDARD,41,80,4,1.3743
KC_HOG,41,80,2,3.62898
STANDARD,41,80,5,2.33667
KC_HOG,41,80,4,5.73243
STANDARD,41,80,4,1.55184
KC_HOG,41,80,3,4.59209
STANDARD,41,80,2,0.68998
KC_HOG,41,80,1,1.85205
STANDARD,41,80,3,0.98063
KC_HOG,41,80,1,1.67685
STANDARD,41,80,3,0.96474
KC_HOG,41,80,1,1.55804
STANDARD,41,80,4,1.30347
KC_HOG,41,80,3,3.34345
STANDARD,41,80,3,0.84863
KC_HOG,41,80,2,2.34044
STANDARD,41,80,5,1.38071
KC_HOG,41,80,3,3.77781
STANDARD,41,80,3,0.95168
KC_HOG,41,80,1,1.60768
STANDARD,41,80,2,0.613
KC_HOG,41,80,1,1.49227
STANDARD,41,80,3,0.91262
KC_HOG,41,80,2,2.95437
STANDARD,41,80,2,0.58907
KC_HOG,41,80,1,1.72168
STANDARD,41,80,4,1.51272
KC_HOG,41,80,3,4.82196
STANDARD,41,80,3,1.1687
KC_HOG,41,80,1,1.98798
STANDARD,41,80,3,1.21608
KC_HOG,41,80,2,2.79115
STANDARD,41,80,5,2.04018
KC_HOG,41,80,2,3.06919
STANDARD,41,80,3,1.08391
KC_HOG,41,80,1,1.8028
STANDARD,41,80,2,0.649
KC_HOG,41,80,1,1.80968
STANDARD,41,80,3,1.1844
KC_HOG,41,80,1,1.77839
STANDARD,41,80,6,2.46186
KC_HOG,41,80,5,7.63857
STANDARD,41,80,2,0.6865
KC_HOG,41,80,1,1.82817
STANDARD,41,80,5,1.97876
KC_HOG,41,80,3,4.33273
STANDARD,41,80,5,2.11514
KC_HOG,41,80,3,3.97345
STANDARD,41,80,5,1.98941
KC_HOG,41,80,3,4.11275
STANDARD,41,80,4,1.53683
KC_HOG,41,80,3,4.3027
STANDARD,41,80,2,0.58122
KC_HOG,41,80,1,1.68304
STANDARD,41,80,3,0.96514
KC_HOG,41,80,1,1.48986
STANDARD,41,80,2,0.58022
KC_HOG,41,80,1,1.64765
STANDARD,41,80,3,1.08629
KC_HOG,41,80,1,1.9427
STANDARD,41,80,3,0.92011
KC_HOG,41,80,1,1.46572
STANDARD,41,80,5,1.88671
KC_HOG,41,80,3,4.69201
STANDARD,41,80,3,1.21407
KC_HOG,41,80,1,1.74945
STANDARD,41,80,2,0.64256
KC_HOG,41,80,1,1.69619
STANDARD,41,80,3,1.07872
KC_HOG,41,80,2,3.31876
STANDARD,41,80,3,1.18031
KC_HOG,41,80,1,1.75264
STANDARD,41,80,4,1.42424
KC_HOG,41,80,3,4.2911
STANDARD,41,80,4,1.43938
KC_HOG,41,80,3,3.8149
STANDARD,41,80,4,1.40105
KC_HOG,41,80,3,4.31732
STANDARD,41,100,2,0.58474
KC_HOG,41,100,1,1.52435
STANDARD,41,100,4,1.355
KC_HOG,41,100,3,5.03935
STANDARD,41,100,4,1.63963
KC_HOG,41,100,4,5.42133
STANDARD,41,100,4,1.62179
KC_HOG,41,100,3,4.23107
STANDARD,41,100,3,1.00418
KC_HOG,41,100,1,1.58703
STANDARD,41,100,3,0.97501
KC_HOG,41,100,2,3.09437
STANDARD,41,100,3,1.08069
KC_HOG,41,100,2,2.69838
STANDARD,41,100,3,1.04109
KC_HOG,41,100,1,1.75082
STANDARD,41,100,4,1.56475
KC_HOG,41,100,3,4.16038
STANDARD,41,100,5,2.16209
KC_HOG,41,100,3,4.30784
STANDARD,41,100,4,1.50732
KC_HOG,41,100,3,4.62548
STANDARD,41,100,4,1.61262
KC_HOG,41,100,3,4.2434
STANDARD,41,100,2,0.63214
KC_HOG,41,100,1,1.425
STANDARD,41,100,2,0.55115
KC_HOG,41,100,1,1.6683
STANDARD,41,100,3,1.00499
KC_HOG,41,100,1,1.69128
STANDARD,41,100,6,2.53034
KC_HOG,41,100,3,3.93456
STANDARD,41,100,3,0.95305
KC_HOG,41,100,1,1.46937
STANDARD,41,100,4,1.29762
KC_HOG,41,100,3,4.2671
STANDARD,41,100,3,1.10558
KC_HOG,41,100,2,2.60528
STANDARD,41,100,2,0.56534
KC_HOG,41,100,1,1.57668
STANDARD,41,100,3,0.93292
KC_HOG,41,100,2,3.05972
STANDARD,41,100,3,0.93472
KC_HOG,41,100,1,1.94726
STANDARD,41,100,2,0.66846
KC_HOG,41,100,1,1.38971
STANDARD,41,100,3,0.88455
KC_HOG,41,100,2,2.51771
STANDARD,41,100,3,0.81979
KC_HOG,41,100,1,1.15024
STANDARD,41,100,7,2.52232
KC_HOG,41,100,4,4.45841
STANDARD,41,100,3,0.88748
KC_HOG,41,100,2,2.92267
STANDARD,41,100,2,0.70332
KC_HOG,41,100,1,1.87209
STANDARD,41,100,7,3.12334
KC_HOG,41,100,3,4.32944
STANDARD,41,100,3,0.96996
KC_HOG,41,100,1,1.82282
STANDARD,41,100,5,2.0025
KC_HOG,41,100,3,4.72036
STANDARD,41,100,2,0.60754
KC_HOG,41,100,1,1.95974
STANDARD,41,100,4,1.49315
KC_HOG,41,100,2,2.83645
STANDARD,41,100,2,0.62722
KC_HOG,41,100,1,1.5863
STANDARD,41,100,4,1.47385
KC_HOG,41,100,4,4.92568
STANDARD,41,100,4,1.3281
KC_HOG,41,100,3,4.48444
STANDARD,41,100,4,1.49111
KC_HOG,41,100,3,4.31621
STANDARD,41,100,2,0.66896
KC_HOG,41,100,1,1.57957
STANDARD,41,100,3,0.90292
KC_HOG,41,100,2,2.93646
STANDARD,41,100,2,0.65276
KC_HOG,41,100,1,1.86135
STANDARD,41,100,2,0.61968
KC_HOG,41,100,1,1.49878
STANDARD,41,100,3,1.0857
KC_HOG,41,100,1,1.90587
STANDARD,41,100,2,0.66605
KC_HOG,41,100,1,2.20096
STANDARD,41,100,2,0.65649
KC_HOG,41,100,1,1.78757
STANDARD,41,100,2,0.63417
KC_HOG,41,100,1,1.73259
STANDARD,41,100,4,1.45841
KC_HOG,41,100,3,4.38364
STANDARD,41,100,3,0.96166
KC_HOG,41,100,1,1.81929
STANDARD,41,100,2,0.61047
KC_HOG,41,100,1,1.94834
STANDARD,41,100,5,1.96334
KC_HOG,41,100,3,4.29866
STANDARD,41,100,4,1.68619
KC_HOG,41,100,3,4.9039
STANDARD,61,0,4,2.3659
KC_HOG,61,0,3,8.53154
STANDARD,61,0,3,1.91533
KC_HOG,61,0,1,3.66444
STANDARD,61,0,3,2.00753
KC_HOG,61,0,2,5.94037
STANDARD,61,0,3,1.88606
KC_HOG,61,0,2,5.56146
STANDARD,61,0,5,3.62292
KC_HOG,61,0,3,8.85609
STANDARD,61,0,6,4.12269
KC_HOG,61,0,3,9.46747
STANDARD,61,0,3,1.91819
KC_HOG,61,0,1,2.59491
STANDARD,61,0,3,1.67035
KC_HOG,61,0,2,6.14598
STANDARD,61,0,3,1.9864
KC_HOG,61,0,1,3.54289
STANDARD,61,0,3,1.88829
KC_HOG,61,0,2,5.61918
STANDARD,61,0,5,3.44978
KC_HOG,61,0,3,8.89967
STANDARD,61,0,2,1.10434
KC_HOG,61,0,1,3.41861
STANDARD,61,0,3,1.64768
KC_HOG,61,0,1,2.71064
STANDARD,61,0,5,3.00769
KC_HOG,61,0,3,6.40885
STANDARD,61,0,6,3.56555
KC_HOG,61,0,5,9.47184
STANDARD,61,0,2,0.74673
KC_HOG,61,0,1,3.38625
STANDARD,61,0,4,2.56141
KC_HOG,61,0,3,8.7408
STANDARD,61,0,2,1.23622
KC_HOG,61,0,1,3.64023
STANDARD,61,0,2,1.21872
KC_HOG,61,0,1,3.52254
STANDARD,61,0,3,1.92923
KC_HOG,61,0,2,6.38345
STANDARD,61,0,5,3.43429
KC_HOG,61,0,4,10.184
STANDARD,61,0,3,1.86053
KC_HOG,61,0,2,5.98496
STANDARD,61,0,2,1.27934
KC_HOG,61,0,1,3.80731
STANDARD,61,0,4,2.72052
KC_HOG,61,0,3,8.29683
STANDARD,61,0,5,3.4397
KC_HOG,61,0,3,8.4811
STANDARD,61,0,2,1.10393
KC_HOG,61,0,1,3.26138
STANDARD,61,0,5,3.7144
KC_HOG,61,0,3,8.30641
STANDARD,61,0,3,1.6907
KC_HOG,61,0,1,2.87177
STANDARD,61,0,3,1.45802
KC_HOG,61,0,1,2.58721
STANDARD,61,0,4,2.09772
KC_HOG,61,0,2,3.23115
STANDARD,61,0,4,1.50755
KC_HOG,61,0,3,5.55916
STANDARD,61,0,2,0.89362
KC_HOG,61,0,1,3.25149
STANDARD,61,0,2,1.11414
KC_HOG,61,0,1,3.19034
STANDARD,61,0,4,2.09779
KC_HOG,61,0,5,13.6125
STANDARD,61,0,3,2.05681
KC_HOG,61,0,2,5.29877
STANDARD,61,0,2,1.20121
KC_HOG,61,0,1,2.94978
STANDARD,61,0,3,1.67937
KC_HOG,61,0,1,3.83611
STANDARD,61,0,6,4.62274
KC_HOG,61,0,4,12.7941
STANDARD,61,0,3,2.17896
KC_HOG,61,0,1,2.99601
STANDARD,61,0,3,1.46067
KC_HOG,61,0,1,3.33731
STANDARD,61,0,3,1.88958
KC_HOG,61,0,2,6.0235
STANDARD,61,0,6,4.23165
KC_HOG,61,0,3,8.16139
STANDARD,61,0,5,3.8143
KC_HOG,61,0,3,7.96345
STANDARD,61,0,2,1.21933
KC_HOG,61,0,1,3.62514
STANDARD,61,0,3,1.71959
KC_HOG,61,0,2,5.98737
STANDARD,61,0,2,1.19395
KC_HOG,61,0,1,2.67395
STANDARD,61,0,5,2.94675
KC_HOG,61,0,4,9.86995
STANDARD,61,0,3,1.90428
KC_HOG,61,0,2,5.88687
STANDARD,61,0,5,3.08891
KC_HOG,61,0,3,8.21975
STANDARD,61,0,3,1.78301
KC_HOG,61,0,1,3.52519
STANDARD,61,20,3,1.87547
KC_HOG,61,20,1,3.20248
STANDARD,61,20,4,2.82025
KC_HOG,61,20,3,8.93135
STANDARD,61,20,5,3.80593
KC_HOG,61,20,3,8.21371
STANDARD,61,20,5,3.46804
KC_HOG,61,20,3,8.8076
STANDARD,61,20,3,1.98053
KC_HOG,61,20,2,6.08083
STANDARD,61,20,5,3.50331
KC_HOG,61,20,3,8.74956
STANDARD,61,20,4,2.84642
KC_HOG,61,20,3,8.93744
STANDARD,61,20,2,1.05236
KC_HOG,61,20,1,3.00984
STANDARD,61,20,4,2.50998
KC_HOG,61,20,3,8.39048
STANDARD,61,20,4,2.80808
KC_HOG,61,20,3,7.27383
STANDARD,61,20,2,1.0879
KC_HOG,61,20,1,3.75362
STANDARD,61,20,2,1.25587
KC_HOG,61,20,1,3.47221
STANDARD,61,20,2,1.1973
KC_HOG,61,20,1,2.86508
STANDARD,61,20,4,2.26741
KC_HOG,61,20,1,2.56687
STANDARD,61,20,2,0.9603
KC_HOG,61,20,1,2.51076
STANDARD,61,20,3,1.51954
KC_HOG,61,20,1,2.43109
STANDARD,61,20,5,2.81787
KC_HOG,61,20,4,11.345
STANDARD,61,20,6,4.28633
KC_HOG,61,20,3,9.44423
STANDARD,61,20,3,1.92047
KC_HOG,61,20,2,6.57859
STANDARD,61,20,2,1.19102
KC_HOG,61,20,1,3.04961
STANDARD,61,20,5,3.38592
KC_HOG,61,20,3,8.12102
STANDARD,61,20,4,2.88867
KC_HOG,61,20,3,8.51098
STANDARD,61,20,2,1.29362
KC_HOG,61,20,1,2.67533
STANDARD,61,20,2,0.91582
KC_HOG,61,20,1,3.92463
STANDARD,61,20,6,4.46315
KC_HOG,61,20,3,8.73472
STANDARD,61,20,2,1.2265
KC_HOG,61,20,1,2.75408
STANDARD,61,20,3,1.59181
KC_HOG,61,20,1,3.43959
STANDARD,61,20,5,3.69359
KC_HOG,61,20,3,8.44009
STANDARD,61,20,2,1.17925
KC_HOG,61,20,1,2.39607
STANDARD,61,20,6,3.65009
KC_HOG,61,20,3,6.8273
STANDARD,61,20,3,1.85487
KC_HOG,61,20,2,5.85697
STANDARD,61,20,5,3.55158
KC_HOG,61,20,3,7.23473
STANDARD,61,20,5,3.66506
KC_HOG,61,20,3,7.28878
STANDARD,61,20,2,1.01132
KC_HOG,61,20,1,2.63951
STANDARD,61,20,4,2.08666
KC_HOG,61,20,3,6.90669
STANDARD,61,20,6,4.00032
KC_HOG,61,20,5,11.8799
STANDARD,61,20,3,1.52243
KC_HOG,61,20,2,5.96461
STANDARD,61,20,2,1.09064
KC_HOG,61,20,1,3.14457
STANDARD,61,20,3,1.99498
KC_HOG,61,20,1,3.28717
STANDARD,61,20,4,2.58647
KC_HOG,61,20,3,9.16385
STANDARD,61,20,5,3.43182
KC_HOG,61,20,3,7.48367
STANDARD,61,20,3,1.53465
KC_HOG,61,20,2,5.39648
STANDARD,61,20,2,1.11721
KC_HOG,61,20,1,3.33373
STANDARD,61,20,3,2.02657
KC_HOG,61,20,2,5.69681
STANDARD,61,20,4,2.6249
KC_HOG,61,20,3,7.7402
STANDARD,61,20,3,1.71314
KC_HOG,61,20,2,4.68949
STANDARD,61,20,5,2.85986
KC_HOG,61,20,3,9.60687
STANDARD,61,20,2,1.29776
KC_HOG,61,20,1,3.0662
STANDARD,61,20,3,1.56324
KC_HOG,61,20,2,5.97939
STANDARD,61,20,4,2.47037
KC_HOG,61,20,3,9.04042
STANDARD,61,40,2,1.24391
KC_HOG,61,40,1,3.3042
STANDARD,61,40,5,3.30758
KC_HOG,61,40,3,8.79991
STANDARD,61,40,3,1.86695
KC_HOG,61,40,1,3.18986
STANDARD,61,40,5,3.63825
KC_HOG,61,40,3,7.13519
STANDARD,61,40,4,2.15927
KC_HOG,61,40,3,5.51399
STANDARD,61,40,3,1.3601
KC_HOG,61,40,2,5.60634
STANDARD,61,40,3,1.95686
KC_HOG,61,40,1,3.49909
STANDARD,61,40,5,3.06522
KC_HOG,61,40,3,9.48695
STANDARD,61,40,5,3.453
KC_HOG,61,40,3,8.44563
STANDARD,61,40,5,3.26665
KC_HOG,61,40,5,11.5787
STANDARD,61,40,9,6.52531
KC_HOG,61,40,5,11.2745
STANDARD,61,40,5,3.02068
KC_HOG,61,40,3,6.85798
STANDARD,61,40,3,1.44191
KC_HOG,61,40,1,2.5366
STANDARD,61,40,6,3.72521
KC_HOG,61,40,3,8.01988
STANDARD,61,40,4,2.38727
KC_HOG,61,40,3,7.52672
STANDARD,61,40,3,1.78083
KC_HOG,61,40,1,2.87024
STANDARD,61,40,3,1.58939
KC_HOG,61,40,2,6.0819
STANDARD,61,40,3,2.01254
KC_HOG,61,40,1,4.10801
STANDARD,61,40,2,1.23309
KC_HOG,61,40,1,2.59101
STANDARD,61,40,4,2.47201
KC_HOG,61,40,2,5.45907
STANDARD,61,40,2,1.32266
KC_HOG,61,40,1,2.93845
STANDARD,61,40,2,1.16494
KC_HOG,61,40,1,3.86925
STANDARD,61,40,5,3.62708
KC_HOG,61,40,3,8.78825
STANDARD,61,40,2,1.09155
KC_HOG,61,40,1,3.69604
STANDARD,61,40,2,1.1105
KC_HOG,61,40,1,2.77195
STANDARD,61,40,2,0.89179
KC_HOG,61,40,1,2.54816
STANDARD,61,40,3,1.52216
KC_HOG,61,40,1,2.68717
STANDARD,61,40,3,1.71536
KC_HOG,61,40,1,2.7425
STANDARD,61,40,5,2.77487
KC_HOG,61,40,3,7.14713
STANDARD,61,40,2,0.97684
KC_HOG,61,40,1,2.99121
STANDARD,61,40,4,2.56905
KC_HOG,61,40,4,8.37351
STANDARD,61,40,2,0.94045
KC_HOG,61,40,1,2.71781
STANDARD,61,40,2,1.08894
KC_HOG,61,40,1,2.99322
STANDARD,61,40,2,0.95566
KC_HOG,61,40,1,3.62509
STANDARD,61,40,5,3.4908
KC_HOG,61,40,3,8.97468
STANDARD,61,40,2,1.22248
KC_HOG,61,40,1,3.1416
STANDARD,61,40,7,4.88454
KC_HOG,61,40,3,7.74202
STANDARD,61,40,3,1.65813
KC_HOG,61,40,1,3.19819
STANDARD,61,40,5,3.3087
KC_HOG,61,40,3,6.86142
STANDARD,61,40,6,3.82415
KC_HOG,61,40,6,14.0674
STANDARD,61,40,2,0.95646
KC_HOG,61,40,1,2.52808
STANDARD,61,40,4,2.0643
KC_HOG,61,40,3,6.18905
STANDARD,61,40,5,2.40602
KC_HOG,61,40,4,9.95716
STANDARD,61,40,2,1.09578
KC_HOG,61,40,1,3.74682
STANDARD,61,40,5,3.47307
KC_HOG,61,40,2,6.47629
STANDARD,61,40,3,1.89167
KC_HOG,61,40,1,3.1466
STANDARD,61,40,2,1.09236
KC_HOG,61,40,1,3.68056
STANDARD,61,40,3,1.81169
KC_HOG,61,40,2,6.09324
STANDARD,61,40,7,5.11389
KC_HOG,61,40,3,8.55986
STANDARD,61,40,2,1.17882
KC_HOG,61,40,1,3.73973
STANDARD,61,60,2,1.14183
KC_HOG,61,60,1,3.68441
STANDARD,61,60,5,3.47254
KC_HOG,61,60,3,8.06997
STANDARD,61,60,3,1.7788
KC_HOG,61,60,1,3.06522
STANDARD,61,60,5,3.36912
KC_HOG,61,60,4,8.39065
STANDARD,61,60,2,0.98011
KC_HOG,61,60,1,3.41556
STANDARD,61,60,5,3.42847
KC_HOG,61,60,3,8.55398
STANDARD,61,60,4,2.77313
KC_HOG,61,60,3,8.46731
STANDARD,61,60,5,3.44014
KC_HOG,61,60,3,7.85506
STANDARD,61,60,3,1.82997
KC_HOG,61,60,1,3.80055
STANDARD,61,60,6,4.47104
KC_HOG,61,60,3,8.39569
STANDARD,61,60,5,3.40827
KC_HOG,61,60,3,8.54932
STANDARD,61,60,3,1.86007
KC_HOG,61,60,1,3.29088
STANDARD,61,60,4,2.53553
KC_HOG,61,60,4,10.8379
STANDARD,61,60,3,1.98494
KC_HOG,61,60,1,3.27206
STANDARD,61,60,4,2.27527
KC_HOG,61,60,2,6.3127
STANDARD,61,60,4,2.73434
KC_HOG,61,60,3,8.91698
STANDARD,61,60,3,1.77842
KC_HOG,61,60,1,3.64206
STANDARD,61,60,3,1.94324
KC_HOG,61,60,1,2.96984
STANDARD,61,60,4,2.4583
KC_HOG,61,60,3,7.66894
STANDARD,61,60,3,1.70226
KC_HOG,61,60,2,5.20966
STANDARD,61,60,3,1.91859
KC_HOG,61,60,1,3.62405
STANDARD,61,60,3,1.63893
KC_HOG,61,60,1,2.84619
STANDARD,61,60,4,2.4354
KC_HOG,61,60,3,6.30954
STANDARD,61,60,3,1.68848
KC_HOG,61,60,1,2.84437
STANDARD,61,60,3,1.75104
KC_HOG,61,60,2,4.57961
STANDARD,61,60,4,2.0805
KC_HOG,61,60,2,4.65761
STANDARD,61,60,3,1.45703
KC_HOG,61,60,2,4.84748
STANDARD,61,60,5,3.56097
KC_HOG,61,60,3,8.27168
STANDARD,61,60,5,3.62003
KC_HOG,61,60,3,8.99717
STANDARD,61,60,4,2.6028
KC_HOG,61,60,3,24.8484
STANDARD,61,60,5,3.54698
KC_HOG,61,60,3,7.93172
STANDARD,61,60,4,2.7062
KC_HOG,61,60,3,9.20758
STANDARD,61,60,2,1.17457
KC_HOG,61,60,1,3.47246
STANDARD,61,60,4,2.35535
KC_HOG,61,60,3,6.42346
STANDARD,61,60,6,3.56313
KC_HOG,61,60,5,11.5441
STANDARD,61,60,4,2.26363
KC_HOG,61,60,3,7.15846
STANDARD,61,60,3,1.42777
KC_HOG,61,60,1,2.56857
STANDARD,61,60,4,2.17672
KC_HOG,61,60,3,6.70568
STANDARD,61,60,2,0.92367
KC_HOG,61,60,1,3.10546
STANDARD,61,60,3,1.70806
KC_HOG,61,60,1,2.75123
STANDARD,61,60,2,1.16818
KC_HOG,61,60,1,3.40363
STANDARD,61,60,4,2.90049
KC_HOG,61,60,3,8.25343
STANDARD,61,60,2,1.17811
KC_HOG,61,60,1,3.33086
STANDARD,61,60,2,0.98024
KC_HOG,61,60,1,2.949
STANDARD,61,60,3,1.42067
KC_HOG,61,60,1,2.13771
STANDARD,61,60,4,2.06476
KC_HOG,61,60,2,5.85063
STANDARD,61,60,3,2.00213
KC_HOG,61,60,1,3.00605
STANDARD,61,60,3,1.86854
KC_HOG,61,60,2,6.33578
STANDARD,61,60,2,1.24973
KC_HOG,61,60,1,3.53921
STANDARD,61,60,2,1.23162
KC_HOG,61,60,1,3.30825
STANDARD,61,80,2,1.32276
KC_HOG,61,80,1,3.63858
STANDARD,61,80,5,3.57627
KC_HOG,61,80,3,8.29815
STANDARD,61,80,2,1.09889
KC_HOG,61,80,1,3.19192
STANDARD,61,80,2,0.9378
KC_HOG,61,80,1,2.99715
STANDARD,61,80,4,2.47436
KC_HOG,61,80,3,7.90977
STANDARD,61,80,3,1.59654
KC_HOG,61,80,1,2.90724
STANDARD,61,80,4,2.39244
KC_HOG,61,80,2,4.83302
STANDARD,61,80,5,3.26745
KC_HOG,61,80,4,11.0701
STANDARD,61,80,2,1.02357
KC_HOG,61,80,1,3.52108
STANDARD,61,80,4,2.84196
KC_HOG,61,80,3,8.45229
STANDARD,61,80,3,1.66124
KC_HOG,61,80,2,6.32285
STANDARD,61,80,5,3.24301
KC_HOG,61,80,3,7.41585
STANDARD,61,80,4,2.39785
KC_HOG,61,80,3,7.20382
STANDARD,61,80,3,1.68692
KC_HOG,61,80,2,5.02935
STANDARD,61,80,4,2.31754
KC_HOG,61,80,3,8.73069
STANDARD,61,80,3,2.04951
KC_HOG,61,80,2,6.40439
STANDARD,61,80,5,3.40259
KC_HOG,61,80,3,8.17025
STANDARD,61,80,4,2.47642
KC_HOG,61,80,3,9.03464
STANDARD,61,80,4,2.41918
KC_HOG,61,80,3,8.75515
STANDARD,61,80,3,1.77604
KC_HOG,61,80,1,3.30568
STANDARD,61,80,5,3.71232
KC_HOG,61,80,3,7.94996
STANDARD,61,80,6,4.65228
KC_HOG,61,80,4,12.9155
STANDARD,61,80,2,1.30859
KC_HOG,61,80,1,3.35251
STANDARD,61,80,2,1.19688
KC_HOG,61,80,1,3.31636
STANDARD,61,80,3,1.77763
KC_HOG,61,80,1,3.49441
STANDARD,61,80,3,1.6388
KC_HOG,61,80,1,2.89285
STANDARD,61,80,2,0.92448
KC_HOG,61,80,1,2.84496
STANDARD,61,80,2,0.85155
KC_HOG,61,80,1,2.78304
STANDARD,61,80,5,2.91506
KC_HOG,61,80,3,7.12231
STANDARD,61,80,3,1.62346
KC_HOG,61,80,2,5.01546
STANDARD,61,80,3,1.50563
KC_HOG,61,80,1,2.41286
STANDARD,61,80,2,0.89519
KC_HOG,61,80,1,2.89671
STANDARD,61,80,4,2.14539
KC_HOG,61,80,2,4.52135
STANDARD,61,80,2,0.91435
KC_HOG,61,80,1,3.20309
STANDARD,61,80,2,1.02953
KC_HOG,61,80,1,1.87406
STANDARD,61,80,5,2.983
KC_HOG,61,80,3,7.16055
STANDARD,61,80,4,2.37607
KC_HOG,61,80,2,6.09166
STANDARD,61,80,2,1.35101
KC_HOG,61,80,1,2.70307
STANDARD,61,80,3,1.50787
KC_HOG,61,80,1,2.86313
STANDARD,61,80,2,0.90836
KC_HOG,61,80,1,2.99392
STANDARD,61,80,4,2.77578
KC_HOG,61,80,3,7.5602
STANDARD,61,80,3,1.77762
KC_HOG,61,80,2,5.50543
STANDARD,61,80,3,1.76643
KC_HOG,61,80,1,2.98074
STANDARD,61,80,2,1.00477
KC_HOG,61,80,1,2.85091
STANDARD,61,80,4,2.167
KC_HOG,61,80,2,4.76081
STANDARD,61,80,2,0.92538
KC_HOG,61,80,1,3.76797
STANDARD,61,80,2,1.26915
KC_HOG,61,80,1,2.49996
STANDARD,61,80,3,1.4801
KC_HOG,61,80,2,4.36298
STANDARD,61,80,3,1.63246
KC_HOG,61,80,1,2.62686
STANDARD,61,80,3,1.60666
KC_HOG,61,80,1,3.8141
STANDARD,61,100,2,1.35473
KC_HOG,61,100,1,3.44716
STANDARD,61,100,2,1.17464
KC_HOG,61,100,1,3.63299
STANDARD,61,100,2,1.20411
KC_HOG,61,100,1,3.03661
STANDARD,61,100,4,2.33288
KC_HOG,61,100,3,6.92678
STANDARD,61,100,5,2.94011
KC_HOG,61,100,3,9.427
STANDARD,61,100,3,2.10328
KC_HOG,61,100,2,5.17315
STANDARD,61,100,2,0.98541
KC_HOG,61,100,1,3.72489
STANDARD,61,100,4,2.81058
KC_HOG,61,100,2,4.70586
STANDARD,61,100,4,2.17554
KC_HOG,61,100,3,7.28433
STANDARD,61,100,5,3.59077
KC_HOG,61,100,3,7.18029
STANDARD,61,100,3,1.71719
KC_HOG,61,100,2,4.6
STANDARD,61,100,2,0.9368
KC_HOG,61,100,1,2.97313
STANDARD,61,100,2,1.18155
KC_HOG,61,100,1,3.6514
STANDARD,61,100,5,3.43117
KC_HOG,61,100,3,7.82748
STANDARD,61,100,5,3.09193
KC_HOG,61,100,3,7.72559
STANDARD,61,100,2,1.06334
KC_HOG,61,100,1,2.74029
STANDARD,61,100,3,1.52411
KC_HOG,61,100,1,2.60391
STANDARD,61,100,3,1.49786
KC_HOG,61,100,1,2.82194
STANDARD,61,100,2,0.90524
KC_HOG,61,100,1,3.52336
STANDARD,61,100,3,1.92073
KC_HOG,61,100,1,3.62832
STANDARD,61,100,2,1.45077
KC_HOG,61,100,1,2.63906
STANDARD,61,100,2,0.9187
KC_HOG,61,100,1,2.73575
STANDARD,61,100,2,1.00015
KC_HOG,61,100,1,2.80979
STANDARD,61,100,4,2.53299
KC_HOG,61,100,3,8.39363
STANDARD,61,100,2,0.98714
KC_HOG,61,100,1,3.82721
STANDARD,61,100,2,1.19736
KC_HOG,61,100,1,3.36405
STANDARD,61,100,5,3.25534
KC_HOG,61,100,4,9.9108
STANDARD,61,100,3,1.73968
KC_HOG,61,100,2,5.02482
STANDARD,61,100,4,2.25111
KC_HOG,61,100,3,7.17142
STANDARD,61,100,5,3.15069
KC_HOG,61,100,3,6.26744
STANDARD,61,100,4,2.16578
KC_HOG,61,100,1,2.65835
STANDARD,61,100,2,0.93464
KC_HOG,61,100,1,2.90298
STANDARD,61,100,6,3.59881
KC_HOG,61,100,3,6.90254
STANDARD,61,100,3,1.61684
KC_HOG,61,100,1,2.38889
STANDARD,61,100,2,0.89132
KC_HOG,61,100,1,3.40868
STANDARD,61,100,2,0.96366
KC_HOG,61,100,1,3.36518
STANDARD,61,100,5,3.17098
KC_HOG,61,100,3,8.10119
STANDARD,61,100,3,1.97237
KC_HOG,61,100,2,4.43225
STANDARD,61,100,3,1.65286
KC_HOG,61,100,2,5.02878
STANDARD,61,100,5,2.99199
KC_HOG,61,100,4,11.3333
STANDARD,61,100,3,1.92572
KC_HOG,61,100,2,6.06468
STANDARD,61,100,4,2.72652
KC_HOG,61,100,3,7.14427
STANDARD,61,100,3,1.56258
KC_HOG,61,100,2,6.42653
STANDARD,61,100,2,1.22388
KC_HOG,61,100,1,3.20128
STANDARD,61,100,2,1.20823
KC_HOG,61,100,1,3.50995
STANDARD,61,100,2,1.09162
KC_HOG,61,100,1,3.46332
STANDARD,61,100,2,1.20379
KC_HOG,61,100,1,2.97743
STANDARD,61,100,3,1.59658
KC_HOG,61,100,1,2.3579
STANDARD,61,100,3,1.29602
KC_HOG,61,100,2,4.90726
STANDARD,61,100,6,3.86073
KC_HOG,61,100,3,8.41022
STANDARD,81,0,4,3.72122
KC_HOG,81,0,1,4.16292
STANDARD,81,0,3,2.45678
KC_HOG,81,0,2,7.64835
STANDARD,81,0,5,4.12663
KC_HOG,81,0,4,12.8288
STANDARD,81,0,4,3.33299
KC_HOG,81,0,3,9.35672
STANDARD,81,0,2,1.46669
KC_HOG,81,0,1,6.36884
STANDARD,81,0,2,1.97967
KC_HOG,81,0,1,5.77158
STANDARD,81,0,3,2.78802
KC_HOG,81,0,2,9.78998
STANDARD,81,0,2,1.73066
KC_HOG,81,0,1,5.50503
STANDARD,81,0,3,2.65617
KC_HOG,81,0,1,6.27237
STANDARD,81,0,2,1.78347
KC_HOG,81,0,1,4.8158
STANDARD,81,0,5,4.9147
KC_HOG,81,0,3,9.12276
STANDARD,81,0,3,2.13616
KC_HOG,81,0,1,5.7975
STANDARD,81,0,2,1.81097
KC_HOG,81,0,1,4.96117
STANDARD,81,0,6,6.29062
KC_HOG,81,0,4,19.4032
STANDARD,81,0,3,3.46037
KC_HOG,81,0,1,6.43604
STANDARD,81,0,5,5.036
KC_HOG,81,0,3,12.8134
STANDARD,81,0,4,4.05072
KC_HOG,81,0,3,10.4104
STANDARD,81,0,2,1.58602
KC_HOG,81,0,1,4.18224
STANDARD,81,0,7,6.58061
KC_HOG,81,0,6,22.1458
STANDARD,81,0,4,3.46126
KC_HOG,81,0,2,7.16619
STANDARD,81,0,2,1.25598
KC_HOG,81,0,1,5.53565
STANDARD,81,0,4,3.60023
KC_HOG,81,0,4,17.6997
STANDARD,81,0,3,3.00226
KC_HOG,81,0,1,5.78469
STANDARD,81,0,5,5.42381
KC_HOG,81,0,2,9.93198
STANDARD,81,0,6,6.78946
KC_HOG,81,0,4,17.5701
STANDARD,81,0,3,2.74987
KC_HOG,81,0,1,4.70068
STANDARD,81,0,2,1.76091
KC_HOG,81,0,1,5.4543
STANDARD,81,0,3,3.23188
KC_HOG,81,0,1,5.49096
STANDARD,81,0,4,4.58542
KC_HOG,81,0,4,17.079
STANDARD,81,0,3,2.69193
KC_HOG,81,0,2,10.1241
STANDARD,81,0,3,2.70177
KC_HOG,81,0,1,5.49778
STANDARD,81,0,4,4.00669
KC_HOG,81,0,2,10.1763
STANDARD,81,0,3,3.24517
KC_HOG,81,0,2,11.5724
STANDARD,81,0,4,3.86082
KC_HOG,81,0,2,7.5159
STANDARD,81,0,4,3.63503
KC_HOG,81,0,5,17.6565
STANDARD,81,0,6,5.23288
KC_HOG,81,0,6,25.8328
STANDARD,81,0,3,2.89804
KC_HOG,81,0,1,5.47461
STANDARD,81,0,4,4.42382
KC_HOG,81,0,5,20.6438
STANDARD,81,0,3,3.19325
KC_HOG,81,0,1,5.16743
STANDARD,81,0,6,6.91252
KC_HOG,81,0,3,13.9214
STANDARD,81,0,5,5.8311
KC_HOG,81,0,3,13.5634
STANDARD,81,0,5,5.11525
KC_HOG,81,0,3,10.5591
STANDARD,81,0,3,2.32324
KC_HOG,81,0,2,7.48166
STANDARD,81,0,5,4.38067
KC_HOG,81,0,4,14.2881
STANDARD,81,0,5,5.07401
KC_HOG,81,0,3,15.2347
STANDARD,81,0,8,9.23586
KC_HOG,81,0,6,20.9556
STANDARD,81,0,2,1.45293
KC_HOG,81,0,1,4.64246
STANDARD,81,0,6,6.16732
KC_HOG,81,0,5,21.4057
STANDARD,81,0,2,1.85395
KC_HOG,81,0,1,5.46709
STANDARD,81,0,4,4.0018
KC_HOG,81,0,3,12.8919
STANDARD,81,20,3,2.86903
KC_HOG,81,20,1,5.02506
STANDARD,81,20,7,7.37821
KC_HOG,81,20,3,13.9467
STANDARD,81,20,5,5.07711
KC_HOG,81,20,3,13.244
STANDARD,81,20,4,3.83909
KC_HOG,81,20,4,17.2127
STANDARD,81,20,4,4.07538
KC_HOG,81,20,3,14.4528
STANDARD,81,20,5,5.35609
KC_HOG,81,20,3,11.409
STANDARD,81,20,3,2.41756
KC_HOG,81,20,1,4.21776
STANDARD,81,20,3,2.29744
KC_HOG,81,20,2,7.88015
STANDARD,81,20,4,3.39079
KC_HOG,81,20,3,10.55
STANDARD,81,20,5,4.67109
KC_HOG,81,20,3,10.0644
STANDARD,81,20,2,1.59075
KC_HOG,81,20,1,5.241
STANDARD,81,20,5,5.27969
KC_HOG,81,20,3,9.63917
STANDARD,81,20,4,3.30024
KC_HOG,81,20,3,10.9835
STANDARD,81,20,2,1.54142
KC_HOG,81,20,1,4.7842
STANDARD,81,20,2,1.49673
KC_HOG,81,20,1,5.04914
STANDARD,81,20,4,3.21256
KC_HOG,81,20,1,3.96459
STANDARD,81,20,3,2.22734
KC_HOG,81,20,1,4.71142
STANDARD,81,20,2,1.55439
KC_HOG,81,20,1,4.78311
STANDARD,81,20,3,2.61467
KC_HOG,81,20,1,5.07299
STANDARD,81,20,3,2.61474
KC_HOG,81,20,1,4.22756
STANDARD,81,20,5,4.7747
KC_HOG,81,20,3,10.5681
STANDARD,81,20,5,4.50422
KC_HOG,81,20,4,13.9519
STANDARD,81,20,3,2.81061
KC_HOG,81,20,1,5.44356
STANDARD,81,20,4,4.17785
KC_HOG,81,20,2,7.72156
STANDARD,81,20,2,1.40422
KC_HOG,81,20,1,5.52565
STANDARD,81,20,2,2.15199
KC_HOG,81,20,1,5.70884
STANDARD,81,20,5,5.41289
KC_HOG,81,20,3,13.9087
STANDARD,81,20,3,2.94019
KC_HOG,81,20,1,5.49497
STANDARD,81,20,5,5.2791
KC_HOG,81,20,3,13.3475
STANDARD,81,20,5,5.24531
KC_HOG,81,20,4,15.5311
STANDARD,81,20,2,1.72987
KC_HOG,81,20,1,5.65947
STANDARD,81,20,3,2.95408
KC_HOG,81,20,1,6.14945
STANDARD,81,20,4,4.24804
KC_HOG,81,20,4,18.0561
STANDARD,81,20,2,1.55429
KC_HOG,81,20,1,5.44413
STANDARD,81,20,2,1.74221
KC_HOG,81,20,1,6.11739
STANDARD,81,20,2,2.15289
KC_HOG,81,20,1,5.5799
STANDARD,81,20,5,5.04301
KC_HOG,81,20,3,12.8214
STANDARD,81,20,4,3.78334
KC_HOG,81,20,2,10.0073
STANDARD,81,20,3,3.06579
KC_HOG,81,20,1,5.59566
STANDARD,81,20,4,4.02084
KC_HOG,81,20,1,5.38817
STANDARD,81,20,5,5.43726
KC_HOG,81,20,3,10.51
STANDARD,81,20,5,4.33465
KC_HOG,81,20,4,13.9199
STANDARD,81,20,3,2.46492
KC_HOG,81,20,1,4.49605
STANDARD,81,20,3,2.66321
KC_HOG,81,20,1,3.92212
STANDARD,81,20,5,4.43007
KC_HOG,81,20,5,17.6058
STANDARD,81,20,2,1.46906
KC_HOG,81,20,1,4.174
STANDARD,81,20,3,2.57235
KC_HOG,81,20,1,5.56446
STANDARD,81,20,2,1.65913
KC_HOG,81,20,1,4.44266
STANDARD,81,20,5,4.99455
KC_HOG,81,20,3,11.5527
STANDARD,81,20,4,3.26869
KC_HOG,81,20,2,7.73394
STANDARD,81,40,3,2.29388
KC_HOG,81,40,2,8.8457
STANDARD,81,40,3,2.88387
KC_HOG,81,40,1,4.31913
STANDARD,81,40,4,3.40086
KC_HOG,81,40,2,8.20222
STANDARD,81,40,4,3.39945
KC_HOG,81,40,3,13.1075
STANDARD,81,40,3,2.99747
KC_HOG,81,40,1,6.12005
STANDARD,81,40,5,5.62595
KC_HOG,81,40,4,17.3997
STANDARD,81,40,4,4.12832
KC_HOG,81,40,3,14.7329
STANDARD,81,40,2,2.46532
KC_HOG,81,40,1,5.47368
STANDARD,81,40,7,7.642
KC_HOG,81,40,5,18.8603
STANDARD,81,40,2,1.58835
KC_HOG,81,40,1,5.34401
STANDARD,81,40,3,2.7766
KC_HOG,81,40,2,10.5465
STANDARD,81,40,2,1.58289
KC_HOG,81,40,1,4.44638
STANDARD,81,40,3,2.3307
KC_HOG,81,40,1,4.25007
STANDARD,81,40,5,4.47259
KC_HOG,81,40,4,12.6525
STANDARD,81,40,3,2.62199
KC_HOG,81,40,1,4.86826
STANDARD,81,40,4,4.13773
KC_HOG,81,40,3,11.5492
STANDARD,81,40,2,1.789
KC_HOG,81,40,1,4.05994
STANDARD,81,40,2,1.3638
KC_HOG,81,40,1,5.46991
STANDARD,81,40,4,3.64615
KC_HOG,81,40,3,14.1892
STANDARD,81,40,6,6.49445
KC_HOG,81,40,3,13.5822
STANDARD,81,40,5,5.49213
KC_HOG,81,40,3,13.5544
STANDARD,81,40,3,2.61354
KC_HOG,81,40,2,8.14916
STANDARD,81,40,5,4.47083
KC_HOG,81,40,3,10.2958
STANDARD,81,40,2,1.47873
KC_HOG,81,40,1,4.189
STANDARD,81,40,5,4.30297
KC_HOG,81,40,3,10.8212
STANDARD,81,40,2,1.37825
KC_HOG,81,40,1,4.72514
STANDARD,81,40,2,1.42181
KC_HOG,81,40,1,5.15511
STANDARD,81,40,4,4.45703
KC_HOG,81,40,3,14.3497
STANDARD,81,40,2,1.71525
KC_HOG,81,40,1,5.51936
STANDARD,81,40,3,2.99892
KC_HOG,81,40,2,9.14056
STANDARD,81,40,4,3.9668
KC_HOG,81,40,3,14.4101
STANDARD,81,40,2,1.9202
KC_HOG,81,40,1,5.87513
STANDARD,81,40,2,1.95372
KC_HOG,81,40,1,5.54149
STANDARD,81,40,2,1.60387
KC_HOG,81,40,1,5.50162
STANDARD,81,40,3,2.60367
KC_HOG,81,40,1,5.7649
STANDARD,81,40,4,4.48643
KC_HOG,81,40,3,13.2752
STANDARD,81,40,4,3.87834
KC_HOG,81,40,2,10.0339
STANDARD,81,40,4,4.08029
KC_HOG,81,40,4,20.7516
STANDARD,81,40,5,4.75272
KC_HOG,81,40,3,10.6419
STANDARD,81,40,3,2.29474
KC_HOG,81,40,1,4.80314
STANDARD,81,40,2,1.30999
KC_HOG,81,40,1,3.7213
STANDARD,81,40,4,2.82371
KC_HOG,81,40,1,2.79776
STANDARD,81,40,5,3.25017
KC_HOG,81,40,4,11.8972
STANDARD,81,40,2,1.53064
KC_HOG,81,40,1,3.61301
STANDARD,81,40,2,1.62669
KC_HOG,81,40,1,5.05395
STANDARD,81,40,4,3.72766
KC_HOG,81,40,3,13.653
STANDARD,81,40,2,1.54956
KC_HOG,81,40,1,4.2355
STANDARD,81,40,5,4.14494
KC_HOG,81,40,3,10.0908
STANDARD,81,40,6,5.47257
KC_HOG,81,40,4,17.7563
STANDARD,81,40,2,2.03407
KC_HOG,81,40,1,5.75039
STANDARD,81,60,7,8.00625
KC_HOG,81,60,5,16.9462
STANDARD,81,60,4,3.7604
KC_HOG,81,60,3,14.0582
STANDARD,81,60,2,1.79703
KC_HOG,81,60,1,4.49132
STANDARD,81,60,3,2.27304
KC_HOG,81,60,1,4.47155
STANDARD,81,60,5,3.63464
KC_HOG,81,60,3,9.61635
STANDARD,81,60,4,3.58275
KC_HOG,81,60,3,9.87692
STANDARD,81,60,5,4.401
KC_HOG,81,60,4,14.4362
STANDARD,81,60,3,2.58906
KC_HOG,81,60,1,4.85009
STANDARD,81,60,9,9.06045
KC_HOG,81,60,3,10.2727
STANDARD,81,60,3,2.30572
KC_HOG,81,60,1,4.53862
STANDARD,81,60,5,4.44411
KC_HOG,81,60,3,8.4647
STANDARD,81,60,3,2.04018
KC_HOG,81,60,1,3.88566
STANDARD,81,60,3,2.23913
KC_HOG,81,60,1,6.06831
STANDARD,81,60,6,7.29084
KC_HOG,81,60,3,13.5529
STANDARD,81,60,5,5.12319
KC_HOG,81,60,3,13.1019
STANDARD,81,60,4,4.53563
KC_HOG,81,60,3,13.4677
STANDARD,81,60,4,4.11448
KC_HOG,81,60,4,17.6507
STANDARD,81,60,6,6.82985
KC_HOG,81,60,3,13.107
STANDARD,81,60,2,1.87774
KC_HOG,81,60,1,5.56792
STANDARD,81,60,5,5.40771
KC_HOG,81,60,3,9.53809
STANDARD,81,60,2,1.18098
KC_HOG,81,60,1,4.11017
STANDARD,81,60,4,3.28481
KC_HOG,81,60,4,14.0013
STANDARD,81,60,2,1.59691
KC_HOG,81,60,1,5.81324
STANDARD,81,60,3,3.32167
KC_HOG,81,60,1,6.57421
STANDARD,81,60,5,5.24179
KC_HOG,81,60,3,14.8004
STANDARD,81,60,2,1.75473
KC_HOG,81,60,1,5.88463
STANDARD,81,60,3,2.56258
KC_HOG,81,60,1,5.40616
STANDARD,81,60,4,4.3558
KC_HOG,81,60,3,12.4548
STANDARD,81,60,2,1.72144
KC_HOG,81,60,1,4.90392
STANDARD,81,60,3,2.43209
KC_HOG,81,60,2,8.53972
STANDARD,81,60,2,1.67047
KC_HOG,81,60,1,6.11868
STANDARD,81,60,4,4.41109
KC_HOG,81,60,2,10.7162
STANDARD,81,60,2,1.71961
KC_HOG,81,60,1,4.70156
STANDARD,81,60,2,1.62012
KC_HOG,81,60,1,4.15556
STANDARD,81,60,2,1.49758
KC_HOG,81,60,1,4.26383
STANDARD,81,60,3,2.4048
KC_HOG,81,60,1,4.49772
STANDARD,81,60,5,4.42765
KC_HOG,81,60,4,12.4855
STANDARD,81,60,5,4.40451
KC_HOG,81,60,4,14.4702
STANDARD,81,60,3,3.02323
KC_HOG,81,60,1,4.99661
STANDARD,81,60,5,4.84243
KC_HOG,81,60,3,10.9947
STANDARD,81,60,4,3.65805
KC_HOG,81,60,2,10.3356
STANDARD,81,60,3,3.04712
KC_HOG,81,60,2,10.3295
STANDARD,81,60,4,4.54728
KC_HOG,81,60,3,13.1756
STANDARD,81,60,3,2.98319
KC_HOG,81,60,1,5.36633
STANDARD,81,60,3,2.82455
KC_HOG,81,60,1,4.90024
STANDARD,81,60,3,2.68652
KC_HOG,81,60,1,5.05128
STANDARD,81,60,7,8.04346
KC_HOG,81,60,4,16.6154
STANDARD,81,60,2,1.75699
KC_HOG,81,60,1,4.10846
STANDARD,81,60,2,1.45863
KC_HOG,81,60,1,4.33643
STANDARD,81,60,2,1.42212
KC_HOG,81,60,1,4.48562
STANDARD,81,80,5,4.23512
KC_HOG,81,80,3,10.6065
STANDARD,81,80,6,5.24803
KC_HOG,81,80,4,13.8211
STANDARD,81,80,3,2.02649
KC_HOG,81,80,2,6.841
STANDARD,81,80,5,3.69942
KC_HOG,81,80,3,10.6047
STANDARD,81,80,4,3.86203
KC_HOG,81,80,3,12.867
STANDARD,81,80,6,6.8987
KC_HOG,81,80,5,21.6394
STANDARD,81,80,3,2.86457
KC_HOG,81,80,1,4.70131
STANDARD,81,80,5,5.00165
KC_HOG,81,80,4,17.4695
STANDARD,81,80,3,2.93705
KC_HOG,81,80,1,5.66038
STANDARD,81,80,3,3.30805
KC_HOG,81,80,1,5.66239
STANDARD,81,80,3,3.03232
KC_HOG,81,80,1,6.04616
STANDARD,81,80,2,1.76497
KC_HOG,81,80,1,4.11493
STANDARD,81,80,10,10.0481
KC_HOG,81,80,8,27.0645
STANDARD,81,80,3,2.46106
KC_HOG,81,80,1,3.95408
STANDARD,81,80,4,3.62821
KC_HOG,81,80,2,8.6151
STANDARD,81,80,3,2.77401
KC_HOG,81,80,1,5.93778
STANDARD,81,80,3,2.89936
KC_HOG,81,80,1,5.21163
STANDARD,81,80,2,1.69355
KC_HOG,81,80,1,4.20183
STANDARD,81,80,5,4.46708
KC_HOG,81,80,3,9.73189
STANDARD,81,80,6,4.94342
KC_HOG,81,80,3,8.89159
STANDARD,81,80,2,1.08759
KC_HOG,81,80,1,4.61032
STANDARD,81,80,2,1.6326
KC_HOG,81,80,1,4.70906
STANDARD,81,80,4,3.58091
KC_HOG,81,80,4,16.3937
STANDARD,81,80,2,1.71081
KC_HOG,81,80,1,4.26535
STANDARD,81,80,2,1.42967
KC_HOG,81,80,1,3.07738
STANDARD,81,80,3,2.36238
KC_HOG,81,80,1,3.66361
STANDARD,81,80,2,1.45655
KC_HOG,81,80,1,4.05413
STANDARD,81,80,4,3.58468
KC_HOG,81,80,6,22.0328
STANDARD,81,80,3,2.35728
KC_HOG,81,80,2,10.167
STANDARD,81,80,4,4.03498
KC_HOG,81,80,3,13.6938
STANDARD,81,80,4,3.62606
KC_HOG,81,80,3,12.5421
STANDARD,81,80,5,4.93567
KC_HOG,81,80,3,14.7104
STANDARD,81,80,3,3.18201
KC_HOG,81,80,2,7.21652
STANDARD,81,80,7,6.18809
KC_HOG,81,80,3,11.047
STANDARD,81,80,2,1.40102
KC_HOG,81,80,1,4.07961
STANDARD,81,80,3,2.4753
KC_HOG,81,80,1,4.3698
STANDARD,81,80,3,2.5451
KC_HOG,81,80,1,6.08584
STANDARD,81,80,2,1.97108
KC_HOG,81,80,1,5.66838
STANDARD,81,80,3,2.94211
KC_HOG,81,80,1,5.00069
STANDARD,81,80,6,6.45781
KC_HOG,81,80,3,15.1056
STANDARD,81,80,2,1.89763
KC_HOG,81,80,1,3.86531
STANDARD,81,80,6,4.98868
KC_HOG,81,80,3,10.8527
STANDARD,81,80,7,6.75164
KC_HOG,81,80,3,13.9413
STANDARD,81,80,3,3.2132
KC_HOG,81,80,1,6.36739
STANDARD,81,80,3,3.10629
KC_HOG,81,80,1,6.64972
STANDARD,81,80,2,2.07299
KC_HOG,81,80,1,5.65476
STANDARD,81,80,3,3.07642
KC_HOG,81,80,1,5.56512
STANDARD,81,80,2,1.77149
KC_HOG,81,80,1,6.37709
STANDARD,81,80,5,5.14475
KC_HOG,81,80,2,9.45426
STANDARD,81,80,3,2.82724
KC_HOG,81,80,1,5.28155
STANDARD,81,100,3,3.02358
KC_HOG,81,100,2,9.29829
STANDARD,81,100,12,16.3382
KC_HOG,81,100,4,19.2959
STANDARD,81,100,3,3.04095
KC_HOG,81,100,1,5.86836
STANDARD,81,100,2,1.97417
KC_HOG,81,100,1,6.00868
STANDARD,81,100,5,5.74765
KC_HOG,81,100,4,18.9297
STANDARD,81,100,3,3.07608
KC_HOG,81,100,1,6.09706
STANDARD,81,100,8,9.29904
KC_HOG,81,100,5,22.4469
STANDARD,81,100,8,9.00534
KC_HOG,81,100,3,15.384
STANDARD,81,100,3,3.36378
KC_HOG,81,100,1,5.6552
STANDARD,81,100,2,1.87171
KC_HOG,81,100,1,4.5063
STANDARD,81,100,3,2.5438
KC_HOG,81,100,1,5.64399
STANDARD,81,100,2,1.75946
KC_HOG,81,100,1,4.19926
STANDARD,81,100,4,3.35543
KC_HOG,81,100,3,9.25233
STANDARD,81,100,4,2.9105
KC_HOG,81,100,3,12.5905
STANDARD,81,100,5,4.82656
KC_HOG,81,100,2,9.75842
STANDARD,81,100,2,2.01127
KC_HOG,81,100,1,5.43031
STANDARD,81,100,6,6.90125
KC_HOG,81,100,3,11.4797
STANDARD,81,100,10,9.86972
KC_HOG,81,100,5,17.1396
STANDARD,81,100,6,5.16814
KC_HOG,81,100,4,17.2987
STANDARD,81,100,4,3.72052
KC_HOG,81,100,1,4.21781
STANDARD,81,100,6,5.49132
KC_HOG,81,100,3,12.057
STANDARD,81,100,18,25.4831
KC_HOG,81,100,5,21.4622
STANDARD,81,100,4,3.53373
KC_HOG,81,100,2,8.5389
STANDARD,81,100,2,1.80505
KC_HOG,81,100,1,5.23693
STANDARD,81,100,2,1.84283
KC_HOG,81,100,1,4.77147
STANDARD,81,100,5,4.42464
KC_HOG,81,100,3,13.1994
STANDARD,81,100,2,1.81116
KC_HOG,81,100,1,3.98038
STANDARD,81,100,6,5.23478
KC_HOG,81,100,5,17.3476
STANDARD,81,100,2,1.30704
KC_HOG,81,100,1,5.1092
STANDARD,81,100,3,3.04449
KC_HOG,81,100,1,4.4347
STANDARD,81,100,5,4.49344
KC_HOG,81,100,3,13.8124
STANDARD,81,100,3,2.61571
KC_HOG,81,100,1,4.92922
STANDARD,81,100,2,1.58011
KC_HOG,81,100,1,4.36721
STANDARD,81,100,5,4.32845
KC_HOG,81,100,4,10.6431
STANDARD,81,100,4,3.13119
KC_HOG,81,100,3,10.0079
STANDARD,81,100,4,3.13518
KC_HOG,81,100,3,12.5263
STANDARD,81,100,2,1.57908
KC_HOG,81,100,1,5.77221
STANDARD,81,100,4,4.36469
KC_HOG,81,100,3,13.2213
STANDARD,81,100,7,6.77553
KC_HOG,81,100,4,16.8931
STANDARD,81,100,3,2.91792
KC_HOG,81,100,1,4.94035
STANDARD,81,100,3,2.91397
KC_HOG,81,100,1,5.4757
STANDARD,81,100,3,2.77828
KC_HOG,81,100,1,5.40467
STANDARD,81,100,5,5.23149
KC_HOG,81,100,3,13.0356
STANDARD,81,100,4,3.48344
KC_HOG,81,100,3,12.2099
STANDARD,81,100,2,1.68855
KC_HOG,81,100,1,4.71678
STANDARD,81,100,2,1.61715
KC_HOG,81,100,1,4.65074
STANDARD,81,100,2,1.40596
KC_HOG,81,100,1,5.78442
STANDARD,81,100,5,5.16371
KC_HOG,81,100,3,12.549
STANDARD,81,100,3,2.80163
KC_HOG,81,100,1,5.36904
STANDARD,81,100,3,2.8606
KC_HOG,81,100,1,4.86804
