BA,1,0,3,0.080123,0.078572,0.001058
KCRDK,1,0,2,0.026083,0.019465,0.005897
BA,1,0,4,0.082024,0.080613,0.000927
KCRDK,1,0,3,0.018111,0.014381,0.003143
BA,1,0,2,0.011824,0.011434,0.000292
KCRDK,1,0,1,0.006754,0.004794,0.001728
BA,1,0,3,0.018919,0.018335,0.00041
KCRDK,1,0,1,0.006073,0.00462,0.001264
BA,1,0,2,0.009905,0.009525,0.000256
KCRDK,1,0,1,0.006863,0.005155,0.001506
BA,1,0,3,0.022755,0.022159,0.00041
KCRDK,1,0,1,0.003941,0.002971,0.00086
BA,1,0,3,0.015306,0.014953,0.000234
KCRDK,1,0,1,0.003968,0.00295,0.000911
BA,1,0,3,0.017512,0.01704,0.000319
KCRDK,1,0,2,0.011811,0.009025,0.002323
BA,1,0,3,0.021579,0.020971,0.000376
KCRDK,1,0,1,0.005757,0.00388,0.001663
BA,1,0,2,0.008497,0.008235,0.000163
KCRDK,1,0,1,0.005431,0.004102,0.001183
BA,1,20,2,0.009033,0.008705,0.000244
KCRDK,1,20,1,0.007379,0.004725,0.002433
BA,1,20,3,0.029027,0.028387,0.000437
KCRDK,1,20,2,0.012612,0.009359,0.002812
BA,1,20,2,0.016228,0.015649,0.000411
KCRDK,1,20,1,0.009639,0.007593,0.001782
BA,1,20,4,0.039706,0.038876,0.000544
KCRDK,1,20,3,0.009975,0.007756,0.001869
BA,1,20,3,0.017758,0.017378,0.000251
KCRDK,1,20,1,0.003558,0.00288,0.000567
BA,1,20,3,0.014565,0.014089,0.000348
KCRDK,1,20,1,0.003855,0.002901,0.000827
BA,1,20,3,0.015171,0.014793,0.000263
KCRDK,1,20,1,0.003478,0.002714,0.000641
BA,1,20,2,0.007339,0.00704,0.000239
KCRDK,1,20,1,0.004111,0.002896,0.001079
BA,1,20,2,0.008389,0.008105,0.000223
KCRDK,1,20,1,0.005715,0.003551,0.002021
BA,1,20,3,0.016172,0.015678,0.000325
KCRDK,1,20,1,0.00502,0.003908,0.000953
BA,1,40,3,0.017852,0.017455,0.000277
KCRDK,1,40,2,0.007246,0.005737,0.001276
BA,1,40,4,0.039823,0.038987,0.000561
KCRDK,1,40,3,0.013299,0.009774,0.00307
BA,1,40,3,0.016568,0.016118,0.000326
KCRDK,1,40,1,0.006233,0.005006,0.001024
BA,1,40,4,0.030929,0.030269,0.00045
KCRDK,1,40,3,0.011244,0.00864,0.002252
BA,1,40,3,0.018771,0.018364,0.000296
KCRDK,1,40,2,0.006538,0.004724,0.001595
BA,1,40,4,0.033889,0.03304,0.000579
KCRDK,1,40,3,0.009872,0.008906,0.000594
BA,1,40,2,0.008487,0.008204,0.000188
KCRDK,1,40,1,0.003938,0.003102,0.000719
BA,1,40,4,0.032733,0.032047,0.000465
KCRDK,1,40,3,0.011237,0.008723,0.002073
BA,1,40,2,0.007718,0.007477,0.000175
KCRDK,1,40,1,0.004468,0.003217,0.001127
BA,1,40,4,0.030685,0.030121,0.000395
KCRDK,1,40,3,0.010237,0.008629,0.001235
BA,1,60,3,0.016505,0.016023,0.000305
KCRDK,1,60,1,0.005441,0.004207,0.00104
BA,1,60,3,0.019108,0.018589,0.000349
KCRDK,1,60,2,0.007555,0.005787,0.001533
BA,1,60,2,0.008913,0.008589,0.000256
KCRDK,1,60,1,0.005803,0.003964,0.00165
BA,1,60,2,0.007617,0.007379,0.000171
KCRDK,1,60,1,0.004942,0.003454,0.001344
BA,1,60,4,0.032762,0.032037,0.000505
KCRDK,1,60,3,0.01237,0.01,0.001945
BA,1,60,2,0.006652,0.006413,0.000179
KCRDK,1,60,1,0.004891,0.003727,0.001002
BA,1,60,4,0.034667,0.033894,0.000532
KCRDK,1,60,3,0.00988,0.007362,0.002197
BA,1,60,3,0.018223,0.0177,0.000358
KCRDK,1,60,1,0.004138,0.003283,0.00071
BA,1,60,3,0.016814,0.016328,0.000359
KCRDK,1,60,2,0.007252,0.005346,0.001585
BA,1,60,2,0.007629,0.007396,0.00017
KCRDK,1,60,1,0.006232,0.004632,0.001446
BA,1,80,3,0.015963,0.015511,0.00033
KCRDK,1,80,1,0.005517,0.004268,0.001053
BA,1,80,2,0.008726,0.008308,0.000319
KCRDK,1,80,1,0.004346,0.003128,0.001077
BA,1,80,3,0.017449,0.016983,0.000353
KCRDK,1,80,1,0.006966,0.004657,0.002087
BA,1,80,4,0.02941,0.028813,0.000388
KCRDK,1,80,3,0.01093,0.008721,0.001821
BA,1,80,2,0.008273,0.007975,0.000233
KCRDK,1,80,1,0.005785,0.003472,0.002146
BA,1,80,3,0.024336,0.023719,0.000417
KCRDK,1,80,1,0.00421,0.00328,0.000775
BA,1,80,4,0.028268,0.027711,0.000367
KCRDK,1,80,3,0.009809,0.009073,0.000418
BA,1,80,4,0.029452,0.028805,0.000478
KCRDK,1,80,3,0.010293,0.008232,0.001728
BA,1,80,2,0.008663,0.008341,0.000235
KCRDK,1,80,1,0.005331,0.003955,0.001237
BA,1,80,4,0.030055,0.029338,0.000512
KCRDK,1,80,3,0.011228,0.008425,0.002376
BA,1,100,3,0.015552,0.015167,0.000268
KCRDK,1,100,2,0.007216,0.005585,0.001408
BA,1,100,3,0.018493,0.018092,0.000259
KCRDK,1,100,1,0.003654,0.002866,0.000644
BA,1,100,3,0.015677,0.015277,0.000287
KCRDK,1,100,1,0.004071,0.003185,0.000768
BA,1,100,3,0.016594,0.015904,0.00046
KCRDK,1,100,1,0.003803,0.003078,0.000596
BA,1,100,3,0.016154,0.015616,0.000395
KCRDK,1,100,1,0.003691,0.00279,0.000767
BA,1,100,3,0.01577,0.015327,0.000306
KCRDK,1,100,1,0.003732,0.002934,0.000668
BA,1,100,4,0.029376,0.028586,0.000565
KCRDK,1,100,3,0.010902,0.009959,0.000554
BA,1,100,3,0.016582,0.015983,0.000426
KCRDK,1,100,1,0.004101,0.003093,0.000875
BA,1,100,3,0.017416,0.01688,0.000334
KCRDK,1,100,2,0.006798,0.005567,0.00098
BA,1,100,2,0.008069,0.007837,0.00017
KCRDK,1,100,1,0.004452,0.002985,0.001345
BA,11,0,4,0.03349,0.028645,0.004649
KCRDK,11,0,2,0.016102,0.00779,0.00469
BA,11,0,4,0.032434,0.026555,0.005679
KCRDK,11,0,2,0.016956,0.008438,0.004657
BA,11,0,9,0.165238,0.153434,0.011303
KCRDK,11,0,1,0.013666,0.006219,0.004779
BA,11,0,2,0.008714,0.006478,0.002174
KCRDK,11,0,1,0.010193,0.00484,0.002711
BA,11,0,8,0.130125,0.11789,0.011677
KCRDK,11,0,1,0.010784,0.005132,0.003906
BA,11,0,13,0.422568,0.404709,0.017063
KCRDK,11,0,1,0.011945,0.005717,0.003821
BA,11,0,16,0.682914,0.658869,0.022883
KCRDK,11,0,2,0.02087,0.010167,0.006802
BA,11,0,3,0.019508,0.015398,0.003994
KCRDK,11,0,1,0.01286,0.005811,0.004134
BA,11,0,15,0.625651,0.601487,0.023076
KCRDK,11,0,2,0.021947,0.011357,0.007219
BA,11,0,13,0.440001,0.421245,0.017963
KCRDK,11,0,1,0.010279,0.005426,0.003117
BA,11,20,2,0.009428,0.007084,0.00228
KCRDK,11,20,1,0.013512,0.006987,0.004504
BA,11,20,2,0.009512,0.006904,0.002534
KCRDK,11,20,1,0.009992,0.005486,0.002719
BA,11,20,7,0.091382,0.081082,0.009853
KCRDK,11,20,1,0.014302,0.007221,0.004705
BA,11,20,2,0.00829,0.005953,0.002277
KCRDK,11,20,1,0.011141,0.00579,0.003277
BA,11,20,13,0.38502,0.366371,0.01784
KCRDK,11,20,1,0.010313,0.005522,0.002958
BA,11,20,12,0.308874,0.292219,0.01588
KCRDK,11,20,1,0.011218,0.005219,0.004248
BA,11,20,2,0.010513,0.007475,0.002968
KCRDK,11,20,1,0.010162,0.005271,0.003086
BA,11,20,3,0.0187,0.015146,0.00344
KCRDK,11,20,1,0.009035,0.004707,0.002586
BA,11,20,12,0.28509,0.267749,0.016623
KCRDK,11,20,1,0.01236,0.005767,0.004838
BA,11,20,9,0.164302,0.152638,0.011145
KCRDK,11,20,1,0.011496,0.005161,0.004505
BA,11,40,3,0.018131,0.014301,0.003709
KCRDK,11,40,1,0.011164,0.005422,0.00323
BA,11,40,2,0.01045,0.007596,0.002763
KCRDK,11,40,1,0.011318,0.004947,0.003415
BA,11,40,2,0.009568,0.007166,0.002326
KCRDK,11,40,1,0.009468,0.004598,0.00306
BA,11,40,18,0.966667,0.9376,0.027723
KCRDK,11,40,2,0.021083,0.010453,0.00667
BA,11,40,14,0.487383,0.466893,0.019526
KCRDK,11,40,1,0.011114,0.005667,0.00354
BA,11,40,3,0.019953,0.01512,0.004696
KCRDK,11,40,1,0.009669,0.004395,0.003515
BA,11,40,3,0.020269,0.016249,0.003886
KCRDK,11,40,1,0.009055,0.004606,0.002687
BA,11,40,9,0.158127,0.146504,0.01111
KCRDK,11,40,1,0.012626,0.006319,0.004633
BA,11,40,6,0.069178,0.060906,0.007964
KCRDK,11,40,1,0.012568,0.005534,0.004869
BA,11,40,3,0.017687,0.01411,0.003424
KCRDK,11,40,1,0.009561,0.00478,0.002942
BA,11,60,12,0.316711,0.300107,0.015809
KCRDK,11,60,1,0.013185,0.00671,0.004506
BA,11,60,2,0.009702,0.007071,0.002526
KCRDK,11,60,1,0.01026,0.004903,0.003379
BA,11,60,2,0.008915,0.00656,0.002298
KCRDK,11,60,1,0.009891,0.005017,0.002962
BA,11,60,13,0.387008,0.367488,0.018672
KCRDK,11,60,1,0.010322,0.005413,0.003165
BA,11,60,3,0.018734,0.014594,0.003988
KCRDK,11,60,1,0.010115,0.004788,0.003399
BA,11,60,9,0.160723,0.146894,0.013263
KCRDK,11,60,1,0.01228,0.005994,0.004528
BA,11,60,3,0.019797,0.015352,0.004296
KCRDK,11,60,2,0.017063,0.008492,0.004888
BA,11,60,3,0.020143,0.015629,0.004388
KCRDK,11,60,2,0.015783,0.007904,0.004425
BA,11,60,16,0.649407,0.621325,0.0268
KCRDK,11,60,2,0.020303,0.009541,0.006518
BA,11,60,5,0.043165,0.036574,0.006343
KCRDK,11,60,2,0.015962,0.00815,0.004561
BA,11,80,4,0.028847,0.0235,0.005008
KCRDK,11,80,2,0.016569,0.007788,0.004886
BA,11,80,3,0.018507,0.014598,0.00379
KCRDK,11,80,1,0.009238,0.004721,0.002623
BA,11,80,15,0.52903,0.509158,0.018846
KCRDK,11,80,1,0.009632,0.005008,0.002913
BA,11,80,15,0.471057,0.451857,0.018276
KCRDK,11,80,2,0.019259,0.009978,0.005648
BA,11,80,15,0.533523,0.513704,0.018941
KCRDK,11,80,2,0.019403,0.010973,0.005288
BA,11,80,4,0.029562,0.024838,0.004553
KCRDK,11,80,1,0.016042,0.006765,0.005811
BA,11,80,7,0.132027,0.117101,0.014289
KCRDK,11,80,1,0.012289,0.005885,0.004276
BA,11,80,3,0.016748,0.013169,0.003456
KCRDK,11,80,1,0.010642,0.005413,0.00342
BA,11,80,4,0.032133,0.027037,0.0049
KCRDK,11,80,2,0.014812,0.007256,0.004282
BA,11,80,4,0.029149,0.023704,0.005244
KCRDK,11,80,2,0.015184,0.007137,0.004553
BA,11,100,8,0.120266,0.110176,0.009647
KCRDK,11,100,1,0.011252,0.005428,0.003927
BA,11,100,3,0.017448,0.013442,0.003862
KCRDK,11,100,2,0.016474,0.007972,0.004936
BA,11,100,4,0.027907,0.022891,0.004843
KCRDK,11,100,2,0.014787,0.007096,0.004203
BA,11,100,13,0.395324,0.37781,0.016676
KCRDK,11,100,1,0.012209,0.005804,0.004501
BA,11,100,12,0.31708,0.298449,0.017876
KCRDK,11,100,1,0.011575,0.005513,0.004316
BA,11,100,4,0.033874,0.02798,0.005617
KCRDK,11,100,1,0.009876,0.005464,0.002688
BA,11,100,11,0.262826,0.248734,0.013405
KCRDK,11,100,1,0.011332,0.005883,0.003499
BA,11,100,3,0.017404,0.014003,0.003286
KCRDK,11,100,2,0.014844,0.007051,0.004563
BA,11,100,2,0.008572,0.00633,0.002182
KCRDK,11,100,1,0.009473,0.005009,0.002669
BA,11,100,3,0.019223,0.014827,0.004253
KCRDK,11,100,2,0.01527,0.007763,0.0042
BA,21,0,2,0.013903,0.007407,0.006432
KCRDK,21,0,1,0.027461,0.009745,0.008949
BA,21,0,4,0.045598,0.02728,0.018104
KCRDK,21,0,1,0.026476,0.008979,0.008781
BA,21,0,17,0.747999,0.663763,0.083066
KCRDK,21,0,1,0.027707,0.009368,0.010286
BA,21,0,2,0.01722,0.006574,0.010575
KCRDK,21,0,1,0.02647,0.009629,0.008785
BA,21,0,7,0.118821,0.085187,0.033236
KCRDK,21,0,1,0.026959,0.009474,0.009691
BA,21,0,2,0.015501,0.006242,0.009194
KCRDK,21,0,1,0.026704,0.009201,0.009136
BA,21,0,14,0.563893,0.490848,0.072117
KCRDK,21,0,1,0.028132,0.009777,0.010207
BA,21,0,17,0.814773,0.726899,0.086626
KCRDK,21,0,1,0.029216,0.009712,0.010537
BA,21,0,3,0.028334,0.014815,0.013375
KCRDK,21,0,1,0.027207,0.008254,0.009618
BA,21,0,13,0.397083,0.330327,0.065738
KCRDK,21,0,1,0.027516,0.009448,0.010165
BA,21,20,2,0.016947,0.006844,0.010032
KCRDK,21,20,1,0.026776,0.008856,0.00909
BA,21,20,4,0.046437,0.025303,0.020923
KCRDK,21,20,2,0.045076,0.01329,0.016752
BA,21,20,8,0.148886,0.109271,0.039081
KCRDK,21,20,7,0.131161,0.044224,0.040299
BA,21,20,3,0.02689,0.013247,0.01347
KCRDK,21,20,2,0.042962,0.013068,0.014641
BA,21,20,3,0.0282,0.014738,0.013333
KCRDK,21,20,2,0.042401,0.013592,0.013935
BA,21,20,3,0.029502,0.015571,0.013801
KCRDK,21,20,2,0.04341,0.013234,0.015719
BA,21,20,11,0.2729,0.222025,0.050205
KCRDK,21,20,1,0.028163,0.009099,0.011306
BA,21,20,13,0.416944,0.354579,0.06145
KCRDK,21,20,1,0.028432,0.009846,0.010141
BA,21,20,13,0.416438,0.355118,0.060379
KCRDK,21,20,1,0.027714,0.009408,0.010553
BA,21,20,12,0.35812,0.297553,0.059675
KCRDK,21,20,1,0.028769,0.01,0.010327
BA,21,40,2,0.015583,0.006814,0.008702
KCRDK,21,40,1,0.026558,0.009499,0.009206
BA,21,40,10,0.241645,0.192881,0.048149
KCRDK,21,40,1,0.028157,0.010166,0.009909
BA,21,40,4,0.044501,0.025353,0.018956
KCRDK,21,40,2,0.044289,0.013267,0.015615
BA,21,40,15,0.600117,0.524942,0.074059
KCRDK,21,40,1,0.026914,0.009137,0.009888
BA,21,40,2,0.015806,0.006605,0.009135
KCRDK,21,40,1,0.025489,0.008992,0.008813
BA,21,40,15,0.604737,0.528099,0.075646
KCRDK,21,40,1,0.02849,0.009324,0.010291
BA,21,40,2,0.016332,0.006981,0.009282
KCRDK,21,40,1,0.026036,0.008513,0.009656
BA,21,40,2,0.01568,0.006363,0.00925
KCRDK,21,40,1,0.027772,0.008811,0.010752
BA,21,40,21,1.41286,1.30339,0.108035
KCRDK,21,40,1,0.028194,0.009946,0.010131
BA,21,40,3,0.028591,0.015094,0.013322
KCRDK,21,40,2,0.0435,0.01347,0.015584
BA,21,60,3,0.028005,0.014064,0.01378
KCRDK,21,60,2,0.045351,0.014522,0.016208
BA,21,60,3,0.030337,0.01433,0.015881
KCRDK,21,60,1,0.02615,0.008564,0.009773
BA,21,60,10,0.234399,0.186233,0.047494
KCRDK,21,60,1,0.02812,0.010031,0.010294
BA,21,60,4,0.048521,0.026655,0.021645
KCRDK,21,60,2,0.041678,0.013078,0.0146
BA,21,60,14,0.511812,0.443366,0.067527
KCRDK,21,60,1,0.02759,0.008973,0.010718
BA,21,60,16,0.671177,0.588836,0.08122
KCRDK,21,60,1,0.02732,0.009389,0.010453
BA,21,60,2,0.015125,0.006368,0.008691
KCRDK,21,60,1,0.026436,0.009516,0.00881
BA,21,60,13,0.437369,0.373748,0.062762
KCRDK,21,60,1,0.029235,0.009556,0.011846
BA,21,60,12,0.362118,0.30334,0.057942
KCRDK,21,60,1,0.028455,0.01015,0.010411
BA,21,60,8,0.161065,0.123863,0.036741
KCRDK,21,60,1,0.027473,0.009462,0.009857
BA,21,80,3,0.0313,0.016973,0.014204
KCRDK,21,80,1,0.027568,0.008937,0.009778
BA,21,80,12,0.340958,0.279845,0.060258
KCRDK,21,80,1,0.027849,0.009949,0.00982
BA,21,80,2,0.016342,0.006257,0.010019
KCRDK,21,80,1,0.026113,0.009195,0.008924
BA,21,80,11,0.315665,0.260749,0.054233
KCRDK,21,80,1,0.028481,0.009412,0.009993
BA,21,80,8,0.164515,0.126487,0.037521
KCRDK,21,80,1,0.028048,0.010352,0.009894
BA,21,80,2,0.016545,0.00723,0.009247
KCRDK,21,80,1,0.026139,0.008982,0.009121
BA,21,80,3,0.028326,0.014376,0.013816
KCRDK,21,80,2,0.043358,0.015109,0.013982
BA,21,80,3,0.026955,0.013475,0.013341
KCRDK,21,80,1,0.026659,0.009234,0.008834
BA,21,80,3,0.027959,0.013354,0.014477
KCRDK,21,80,2,0.063177,0.018074,0.022647
BA,21,80,4,0.042531,0.024765,0.017562
KCRDK,21,80,1,0.025443,0.008857,0.008952
BA,21,100,9,0.204502,0.162428,0.041492
KCRDK,21,100,1,0.027732,0.009931,0.010081
BA,21,100,2,0.015903,0.007096,0.008742
KCRDK,21,100,1,0.025911,0.00872,0.00952
BA,21,100,4,0.045182,0.026355,0.018606
KCRDK,21,100,1,0.025561,0.008822,0.008702
BA,21,100,9,0.183482,0.140398,0.04254
KCRDK,21,100,1,0.028867,0.010286,0.010333
BA,21,100,9,0.194455,0.150126,0.043713
KCRDK,21,100,1,0.02873,0.009691,0.010908
BA,21,100,2,0.016115,0.006588,0.009459
KCRDK,21,100,1,0.026299,0.009143,0.009105
BA,21,100,4,0.047673,0.027592,0.019848
KCRDK,21,100,2,0.042457,0.013018,0.013974
BA,21,100,13,0.408846,0.342549,0.065448
KCRDK,21,100,1,0.028149,0.009337,0.011284
BA,21,100,3,0.028279,0.013817,0.014334
KCRDK,21,100,1,0.027071,0.008996,0.010558
BA,21,100,4,0.043695,0.025466,0.018045
KCRDK,21,100,1,0.025779,0.008678,0.009448
BA,31,0,3,0.042417,0.014822,0.027459
KCRDK,31,0,1,0.04845,0.014084,0.018096
BA,31,0,18,0.979291,0.801378,0.176619
KCRDK,31,0,1,0.049453,0.014265,0.018372
BA,31,0,3,0.043601,0.016147,0.027322
KCRDK,31,0,1,0.049394,0.015095,0.018005
BA,31,0,4,0.061877,0.024307,0.037371
KCRDK,31,0,2,0.080464,0.020379,0.03042
BA,31,0,5,0.088466,0.040462,0.047714
KCRDK,31,0,1,0.049532,0.013536,0.019985
BA,31,0,12,0.404818,0.289765,0.114281
KCRDK,31,0,1,0.051649,0.015606,0.019845
BA,31,0,13,0.482524,0.350837,0.130713
KCRDK,31,0,1,0.05285,0.014984,0.021667
BA,31,0,10,0.304421,0.200532,0.103231
KCRDK,31,0,1,0.054588,0.014839,0.021725
BA,31,0,8,0.226748,0.130096,0.096013
KCRDK,31,0,1,0.051895,0.014832,0.020785
BA,31,0,25,2.78221,2.52626,0.254153
KCRDK,31,0,2,0.083454,0.022875,0.031333
BA,31,20,3,0.042693,0.014174,0.028388
KCRDK,31,20,1,0.051311,0.014308,0.019075
BA,31,20,12,0.39239,0.277211,0.114398
KCRDK,31,20,1,0.050585,0.014582,0.02007
BA,31,20,2,0.025691,0.006075,0.019541
KCRDK,31,20,1,0.050796,0.014381,0.020201
BA,31,20,2,0.025043,0.006434,0.018528
KCRDK,31,20,1,0.048338,0.013549,0.018955
BA,31,20,3,0.045142,0.015553,0.029424
KCRDK,31,20,1,0.048273,0.013785,0.01844
BA,31,20,2,0.026212,0.00674,0.019405
KCRDK,31,20,1,0.05044,0.014377,0.01959
BA,31,20,14,0.599266,0.459878,0.138424
KCRDK,31,20,1,0.051014,0.014314,0.020863
BA,31,20,14,0.576304,0.436915,0.138325
KCRDK,31,20,1,0.051115,0.014396,0.020741
BA,31,20,4,0.060841,0.02368,0.036945
KCRDK,31,20,2,0.08028,0.021471,0.028868
BA,31,20,2,0.025331,0.007034,0.018226
KCRDK,31,20,1,0.049513,0.013573,0.019874
BA,31,40,3,0.042968,0.014646,0.028188
KCRDK,31,40,1,0.048041,0.013783,0.018368
BA,31,40,4,0.064512,0.02606,0.038225
KCRDK,31,40,1,0.048421,0.014334,0.018156
BA,31,40,2,0.025722,0.006667,0.018989
KCRDK,31,40,1,0.048737,0.013382,0.018871
BA,31,40,3,0.043024,0.0142,0.028694
KCRDK,31,40,1,0.04847,0.013726,0.018758
BA,31,40,15,0.698615,0.551612,0.14597
KCRDK,31,40,1,0.051449,0.014687,0.020684
BA,31,40,13,0.465541,0.34087,0.123753
KCRDK,31,40,1,0.051297,0.014866,0.020408
BA,31,40,4,0.062804,0.025158,0.037423
KCRDK,31,40,2,0.081021,0.021669,0.029514
BA,31,40,13,0.482502,0.347125,0.134519
KCRDK,31,40,1,0.05098,0.014472,0.020093
BA,31,40,3,0.042223,0.01407,0.028012
KCRDK,31,40,1,0.050634,0.014837,0.019452
BA,31,40,3,0.044735,0.01437,0.0302
KCRDK,31,40,1,0.051116,0.01486,0.019968
BA,31,60,14,0.560548,0.422531,0.137072
KCRDK,31,60,1,0.05161,0.014629,0.02102
BA,31,60,3,0.043002,0.015015,0.027854
KCRDK,31,60,1,0.092319,0.019131,0.026233
BA,31,60,2,0.027265,0.007531,0.019664
KCRDK,31,60,1,0.048966,0.0138,0.019151
BA,31,60,14,0.585814,0.440815,0.144031
KCRDK,31,60,1,0.052767,0.014683,0.022302
BA,31,60,5,0.089629,0.040398,0.048915
KCRDK,31,60,2,0.08081,0.021219,0.028836
BA,31,60,12,0.422882,0.3035,0.118534
KCRDK,31,60,1,0.051666,0.014794,0.019874
BA,31,60,21,1.60818,1.38805,0.218539
KCRDK,31,60,2,0.087897,0.024043,0.03244
BA,31,60,2,0.025888,0.006605,0.019207
KCRDK,31,60,1,0.051334,0.014674,0.019704
BA,31,60,19,1.2136,1.01989,0.192322
KCRDK,31,60,1,0.051424,0.014561,0.02072
BA,31,60,8,0.182442,0.10206,0.079794
KCRDK,31,60,2,0.080363,0.020633,0.030043
BA,31,80,4,0.081207,0.035349,0.045593
KCRDK,31,80,1,0.057841,0.01637,0.021812
BA,31,80,13,0.528303,0.395028,0.132372
KCRDK,31,80,1,0.084867,0.022981,0.033832
BA,31,80,3,0.069052,0.023091,0.045665
KCRDK,31,80,2,0.078937,0.020799,0.028682
BA,31,80,9,0.349102,0.217876,0.130387
KCRDK,31,80,1,0.056553,0.018344,0.020909
BA,31,80,15,0.706682,0.551481,0.154189
KCRDK,31,80,1,0.05233,0.015072,0.021242
BA,31,80,4,0.069134,0.029165,0.039771
KCRDK,31,80,2,0.080467,0.02125,0.029613
BA,31,80,3,0.043164,0.014221,0.028758
KCRDK,31,80,1,0.050915,0.014923,0.019135
BA,31,80,7,0.165708,0.095569,0.069587
KCRDK,31,80,1,0.049546,0.013797,0.019774
BA,31,80,4,0.064019,0.026128,0.037686
KCRDK,31,80,2,0.080999,0.022031,0.029007
BA,31,80,14,0.615643,0.476763,0.13784
KCRDK,31,80,1,0.051633,0.015359,0.020258
BA,31,100,2,0.025512,0.006824,0.018622
KCRDK,31,100,1,0.048422,0.013686,0.018704
BA,31,100,15,0.646275,0.484042,0.161051
KCRDK,31,100,1,0.051588,0.01463,0.020993
BA,31,100,15,0.68023,0.521859,0.15729
KCRDK,31,100,1,0.05172,0.014267,0.021586
BA,31,100,2,0.026918,0.006941,0.019907
KCRDK,31,100,1,0.04944,0.013759,0.019686
BA,31,100,16,0.733583,0.568665,0.163775
KCRDK,31,100,1,0.055032,0.015613,0.022845
BA,31,100,3,0.042319,0.013838,0.028341
KCRDK,31,100,1,0.051085,0.014728,0.020333
BA,31,100,6,0.123852,0.063825,0.059652
KCRDK,31,100,1,0.049245,0.013902,0.018851
BA,31,100,4,0.064939,0.024344,0.040372
KCRDK,31,100,2,0.082159,0.022491,0.02954
BA,31,100,4,0.065,0.025861,0.038926
KCRDK,31,100,2,0.080552,0.021858,0.02828
BA,31,100,4,0.061671,0.024212,0.03726
KCRDK,31,100,2,0.08055,0.021742,0.028988
BA,41,0,7,0.202538,0.086409,0.11568
KCRDK,41,0,1,0.082533,0.021677,0.032068
BA,41,0,5,0.121837,0.039723,0.081823
KCRDK,41,0,2,0.135939,0.032654,0.050059
BA,41,0,11,0.443392,0.253162,0.189423
KCRDK,41,0,1,0.084427,0.021009,0.033949
BA,41,0,13,0.559943,0.336601,0.222393
KCRDK,41,0,1,0.082824,0.021562,0.032592
BA,41,0,15,0.849696,0.589304,0.259286
KCRDK,41,0,1,0.084642,0.021633,0.034186
BA,41,0,3,0.064345,0.014579,0.049596
KCRDK,41,0,1,0.079457,0.020573,0.030755
BA,41,0,13,0.545306,0.327826,0.21658
KCRDK,41,0,1,0.08233,0.021687,0.032579
BA,41,0,2,0.03923,0.006559,0.032597
KCRDK,41,0,1,0.080179,0.02091,0.031186
BA,41,0,10,0.386891,0.220718,0.165471
KCRDK,41,0,1,0.079505,0.020665,0.030746
BA,41,0,14,0.659286,0.42628,0.231959
KCRDK,41,0,1,0.082249,0.021336,0.032577
BA,41,20,14,0.603346,0.367673,0.234697
KCRDK,41,20,1,0.08573,0.02233,0.034066
BA,41,20,4,0.098484,0.027827,0.070438
KCRDK,41,20,2,0.138259,0.033859,0.051221
BA,41,20,13,0.652495,0.425294,0.226252
KCRDK,41,20,1,0.084768,0.023021,0.033211
BA,41,20,2,0.041363,0.007626,0.033648
KCRDK,41,20,1,0.080745,0.020801,0.030882
BA,41,20,3,0.06644,0.014281,0.051959
KCRDK,41,20,1,0.084963,0.023143,0.03162
BA,41,20,3,0.06641,0.015129,0.051123
KCRDK,41,20,2,0.133095,0.031746,0.048774
BA,41,20,13,0.589646,0.365999,0.222756
KCRDK,41,20,1,0.084079,0.021945,0.033646
BA,41,20,3,0.067138,0.014363,0.052624
KCRDK,41,20,1,0.081617,0.022103,0.031406
BA,41,20,12,0.507996,0.300898,0.206288
KCRDK,41,20,1,0.084925,0.021675,0.033872
BA,41,20,2,0.041163,0.007151,0.033945
KCRDK,41,20,1,0.081191,0.021735,0.031218
BA,41,40,4,0.092411,0.024027,0.068144
KCRDK,41,40,2,0.135208,0.031364,0.05094
BA,41,40,19,1.40541,1.07669,0.327225
KCRDK,41,40,1,0.090594,0.023786,0.036256
BA,41,40,19,1.38122,1.0514,0.328492
KCRDK,41,40,1,0.083864,0.021628,0.033737
BA,41,40,2,0.041864,0.007017,0.034779
KCRDK,41,40,1,0.081541,0.021426,0.031947
BA,41,40,8,0.25002,0.113202,0.136294
KCRDK,41,40,7,0.394574,0.09022,0.134517
BA,41,40,17,1.0699,0.784873,0.283684
KCRDK,41,40,1,0.083762,0.021766,0.033732
BA,41,40,6,0.15772,0.057374,0.099971
KCRDK,41,40,1,0.081054,0.021282,0.031185
BA,41,40,11,0.420358,0.236944,0.182636
KCRDK,41,40,1,0.081854,0.022009,0.032234
BA,41,40,19,1.27621,0.959965,0.314853
KCRDK,41,40,1,0.086078,0.02243,0.035298
BA,41,40,2,0.040177,0.006847,0.033255
KCRDK,41,40,1,0.080234,0.020951,0.030767
BA,41,60,12,0.480429,0.278562,0.201027
KCRDK,41,60,1,0.081825,0.021473,0.032228
BA,41,60,3,0.066136,0.014339,0.051657
KCRDK,41,60,2,0.132956,0.031906,0.048587
BA,41,60,13,0.583621,0.362655,0.220041
KCRDK,41,60,1,0.082978,0.02174,0.032904
BA,41,60,2,0.042664,0.007383,0.035212
KCRDK,41,60,1,0.081376,0.020871,0.031499
BA,41,60,2,0.040363,0.006736,0.033561
KCRDK,41,60,1,0.081059,0.020829,0.031338
BA,41,60,2,0.041942,0.007526,0.034346
KCRDK,41,60,1,0.081079,0.020645,0.031286
BA,41,60,4,0.096418,0.026515,0.06964
KCRDK,41,60,1,0.085009,0.020847,0.035305
BA,41,60,3,0.068929,0.01689,0.051882
KCRDK,41,60,1,0.082753,0.021487,0.031872
BA,41,60,3,0.067029,0.014731,0.052122
KCRDK,41,60,1,0.082539,0.021412,0.032079
BA,41,60,14,0.660161,0.412058,0.247096
KCRDK,41,60,1,0.083453,0.021536,0.033279
BA,41,80,13,0.556012,0.332749,0.222339
KCRDK,41,80,1,0.083661,0.02243,0.032671
BA,41,80,12,0.517334,0.310113,0.206374
KCRDK,41,80,1,0.08979,0.025958,0.034079
BA,41,80,2,0.041298,0.00685,0.034374
KCRDK,41,80,1,0.080529,0.020531,0.031311
BA,41,80,8,0.245471,0.11168,0.133307
KCRDK,41,80,1,0.082212,0.021614,0.032105
BA,41,80,3,0.063948,0.014237,0.049563
KCRDK,41,80,1,0.080211,0.02107,0.031169
BA,41,80,9,0.309437,0.153216,0.155614
KCRDK,41,80,1,0.082731,0.02188,0.032852
BA,41,80,4,0.098393,0.030323,0.067861
KCRDK,41,80,3,0.182884,0.041597,0.065752
BA,41,80,3,0.064538,0.014064,0.050331
KCRDK,41,80,2,0.132066,0.031274,0.049211
BA,41,80,3,0.064505,0.013968,0.050386
KCRDK,41,80,1,0.0803,0.021041,0.031179
BA,41,80,4,0.094854,0.027433,0.06718
KCRDK,41,80,2,0.131993,0.031235,0.048903
BA,41,100,11,0.431994,0.246323,0.184931
KCRDK,41,100,1,0.082591,0.021472,0.033114
BA,41,100,10,0.336863,0.169008,0.167223
KCRDK,41,100,1,0.08122,0.021157,0.032311
BA,41,100,3,0.063166,0.013795,0.049178
KCRDK,41,100,2,0.133357,0.031727,0.050051
BA,41,100,20,1.47549,1.14146,0.332612
KCRDK,41,100,1,0.084235,0.021439,0.033555
BA,41,100,2,0.043188,0.007609,0.0355
KCRDK,41,100,1,0.081193,0.020632,0.031899
BA,41,100,21,1.93143,1.57028,0.359651
KCRDK,41,100,1,0.083408,0.02217,0.033082
BA,41,100,20,1.61077,1.2681,0.341143
KCRDK,41,100,1,0.084341,0.02231,0.033918
BA,41,100,11,0.45125,0.260641,0.189835
KCRDK,41,100,1,0.085098,0.021636,0.03528
BA,41,100,2,0.041122,0.006237,0.034818
KCRDK,41,100,1,0.081375,0.021873,0.031275
BA,41,100,13,0.580079,0.362043,0.217114
KCRDK,41,100,1,0.08328,0.021745,0.033175
BA,51,0,6,0.216105,0.061129,0.154538
KCRDK,51,0,2,0.196708,0.04438,0.073159
BA,51,0,7,0.262649,0.084201,0.177988
KCRDK,51,0,1,0.120689,0.029793,0.047552
BA,51,0,17,1.12496,0.689571,0.434175
KCRDK,51,0,1,0.125979,0.029637,0.048763
BA,51,0,21,1.89317,1.35815,0.533471
KCRDK,51,0,1,0.126015,0.029799,0.049682
BA,51,0,16,0.916056,0.518485,0.396437
KCRDK,51,0,1,0.123269,0.029756,0.047601
BA,51,0,11,0.496076,0.223734,0.27156
KCRDK,51,0,1,0.122739,0.029261,0.047332
BA,51,0,4,0.128035,0.02564,0.10219
KCRDK,51,0,2,0.194665,0.043428,0.072911
BA,51,0,5,0.163932,0.036643,0.127015
KCRDK,51,0,6,0.502926,0.105607,0.176673
BA,51,0,6,0.213335,0.06291,0.150054
KCRDK,51,0,6,0.51019,0.107481,0.179345
BA,51,0,3,0.095392,0.015802,0.079455
KCRDK,51,0,1,0.120736,0.030324,0.047147
BA,51,20,17,1.10477,0.67629,0.427104
KCRDK,51,20,1,0.122723,0.030027,0.048782
BA,51,20,13,0.719759,0.388643,0.330111
KCRDK,51,20,1,0.12977,0.031172,0.050007
BA,51,20,3,0.090229,0.014648,0.075438
KCRDK,51,20,1,0.118442,0.029399,0.046382
BA,51,20,4,0.128651,0.025719,0.102701
KCRDK,51,20,2,0.198285,0.045041,0.072898
BA,51,20,13,0.697751,0.36234,0.334397
KCRDK,51,20,1,0.122129,0.029551,0.047915
BA,51,20,9,0.368036,0.143788,0.22366
KCRDK,51,20,1,0.118625,0.029464,0.046896
BA,51,20,4,0.124479,0.023812,0.100464
KCRDK,51,20,2,0.193958,0.044107,0.071572
BA,51,20,3,0.089838,0.013648,0.076043
KCRDK,51,20,2,0.195711,0.044107,0.073525
BA,51,20,2,0.057054,0.006996,0.049988
KCRDK,51,20,1,0.118189,0.028563,0.046982
BA,51,20,4,0.126028,0.026467,0.099346
KCRDK,51,20,2,0.194816,0.043129,0.072474
BA,51,40,3,0.090707,0.014396,0.076176
KCRDK,51,40,2,0.194973,0.043475,0.073307
BA,51,40,7,0.25066,0.075573,0.174659
KCRDK,51,40,1,0.117437,0.028852,0.046209
BA,51,40,14,0.779663,0.430531,0.348122
KCRDK,51,40,1,0.119645,0.029456,0.047587
BA,51,40,7,0.262774,0.088522,0.173823
KCRDK,51,40,1,0.118041,0.029161,0.046238
BA,51,40,3,0.090233,0.014892,0.075195
KCRDK,51,40,2,0.193763,0.043182,0.071987
BA,51,40,4,0.127962,0.026489,0.101267
KCRDK,51,40,2,0.193395,0.043579,0.071755
BA,51,40,12,0.571578,0.275709,0.295008
KCRDK,51,40,1,0.121364,0.029928,0.048348
BA,51,40,3,0.091343,0.014572,0.076636
KCRDK,51,40,2,0.193328,0.043128,0.072273
BA,51,40,17,1.09023,0.665821,0.423152
KCRDK,51,40,1,0.119289,0.029695,0.047195
BA,51,40,3,0.090217,0.014514,0.075557
KCRDK,51,40,2,0.196783,0.043996,0.073462
BA,51,60,2,0.056544,0.006487,0.049989
KCRDK,51,60,1,0.117823,0.028985,0.045734
BA,51,60,10,0.444232,0.193137,0.250424
KCRDK,51,60,1,0.120724,0.029362,0.048223
BA,51,60,2,0.059278,0.007884,0.051323
KCRDK,51,60,1,0.119683,0.029433,0.046116
BA,51,60,9,0.378888,0.143981,0.234307
KCRDK,51,60,1,0.12286,0.030174,0.049014
BA,51,60,16,1.02014,0.606203,0.412664
KCRDK,51,60,1,0.121867,0.029411,0.049587
BA,51,60,14,0.761352,0.396145,0.364164
KCRDK,51,60,1,0.124866,0.031194,0.049658
BA,51,60,3,0.095703,0.018238,0.077308
KCRDK,51,60,1,0.119152,0.029246,0.04603
BA,51,60,2,0.057237,0.006104,0.051048
KCRDK,51,60,1,0.119147,0.02904,0.046857
BA,51,60,5,0.169197,0.038965,0.129901
KCRDK,51,60,2,0.198025,0.044587,0.074014
BA,51,60,19,1.56593,1.07165,0.492875
KCRDK,51,60,1,0.124845,0.030675,0.050386
BA,51,80,2,0.059637,0.007528,0.052018
KCRDK,51,80,1,0.11867,0.029136,0.046639
BA,51,80,4,0.125846,0.023259,0.102382
KCRDK,51,80,2,0.200592,0.045449,0.075899
BA,51,80,15,0.883775,0.499395,0.38331
KCRDK,51,80,1,0.123061,0.030271,0.04901
BA,51,80,10,0.450043,0.191594,0.257756
KCRDK,51,80,1,0.122058,0.030265,0.048972
BA,51,80,2,0.05774,0.007238,0.050432
KCRDK,51,80,1,0.118707,0.029201,0.046677
BA,51,80,3,0.092624,0.015434,0.077055
KCRDK,51,80,1,0.117633,0.029407,0.045729
BA,51,80,16,1.0028,0.595026,0.406635
KCRDK,51,80,1,0.122205,0.030099,0.049469
BA,51,80,3,0.091743,0.01521,0.076388
KCRDK,51,80,2,0.193168,0.043252,0.071349
BA,51,80,7,0.260677,0.08645,0.173797
KCRDK,51,80,2,0.194016,0.043345,0.072098
BA,51,80,12,0.617678,0.317646,0.299193
KCRDK,51,80,1,0.120435,0.029449,0.04748
BA,51,100,3,0.094188,0.015993,0.078037
KCRDK,51,100,1,0.118102,0.028859,0.045959
BA,51,100,2,0.056128,0.00685,0.049211
KCRDK,51,100,1,0.119672,0.029041,0.046971
BA,51,100,4,0.128202,0.02589,0.102102
KCRDK,51,100,3,0.272205,0.060358,0.097497
BA,51,100,14,0.778401,0.430031,0.3473
KCRDK,51,100,1,0.119511,0.029802,0.048256
BA,51,100,2,0.057072,0.00656,0.050425
KCRDK,51,100,1,0.11735,0.029025,0.046028
BA,51,100,3,0.090793,0.015234,0.075411
KCRDK,51,100,1,0.116844,0.02877,0.045561
BA,51,100,4,0.12424,0.025125,0.098904
KCRDK,51,100,3,0.270872,0.058764,0.098292
BA,51,100,16,1.03799,0.639249,0.397646
KCRDK,51,100,1,0.12103,0.029696,0.048101
BA,51,100,2,0.057327,0.007509,0.049736
KCRDK,51,100,1,0.118501,0.02893,0.046361
BA,51,100,4,0.131954,0.028482,0.103182
KCRDK,51,100,5,0.435026,0.093379,0.15413
BA,61,0,2,0.080863,0.006765,0.074024
KCRDK,61,0,1,0.167992,0.040133,0.066728
BA,61,0,3,0.125574,0.015569,0.109851
KCRDK,61,0,2,0.276285,0.059159,0.105092
BA,61,0,12,0.700463,0.274223,0.425376
KCRDK,61,0,1,0.168384,0.039333,0.068027
BA,61,0,2,0.080811,0.007897,0.072832
KCRDK,61,0,1,0.166952,0.039451,0.066246
BA,61,0,9,0.471146,0.148758,0.321801
KCRDK,61,0,1,0.166968,0.039356,0.067735
BA,61,0,16,1.10553,0.532901,0.571359
KCRDK,61,0,1,0.169601,0.039389,0.069134
BA,61,0,16,1.24779,0.647123,0.599304
KCRDK,61,0,1,0.16784,0.03946,0.067575
BA,61,0,12,0.733288,0.303892,0.428506
KCRDK,61,0,1,0.168814,0.039347,0.067356
BA,61,0,4,0.172407,0.027685,0.144497
KCRDK,61,0,2,0.272704,0.058694,0.10225
BA,61,0,15,0.966412,0.440247,0.525094
KCRDK,61,0,1,0.164149,0.038794,0.066094
BA,61,20,14,0.858649,0.372347,0.48531
KCRDK,61,20,1,0.165077,0.039052,0.066361
BA,61,20,2,0.078857,0.00681,0.071976
KCRDK,61,20,1,0.162664,0.038302,0.064578
BA,61,20,6,0.270557,0.062837,0.207335
KCRDK,61,20,11,1.24619,0.249889,0.432773
BA,61,20,2,0.078876,0.006935,0.071847
KCRDK,61,20,1,0.162981,0.038265,0.064925
BA,61,20,11,0.621539,0.239236,0.381538
KCRDK,61,20,1,0.165771,0.039582,0.0664
BA,61,20,5,0.220409,0.043999,0.176118
KCRDK,61,20,1,0.163258,0.039271,0.064603
BA,61,20,2,0.077219,0.006868,0.070282
KCRDK,61,20,1,0.165166,0.03844,0.065346
BA,61,20,4,0.168813,0.026445,0.14211
KCRDK,61,20,3,0.379297,0.079237,0.138365
BA,61,20,4,0.171595,0.027053,0.144299
KCRDK,61,20,2,0.277377,0.059138,0.105085
BA,61,20,5,0.215486,0.039778,0.175427
KCRDK,61,20,2,0.274313,0.059455,0.102993
BA,61,40,11,0.600038,0.209288,0.389926
KCRDK,61,40,1,0.165016,0.038781,0.066407
BA,61,40,15,0.993742,0.468081,0.524517
KCRDK,61,40,1,0.167249,0.039374,0.067367
BA,61,40,9,0.466292,0.152239,0.313439
KCRDK,61,40,1,0.164966,0.03914,0.065337
BA,61,40,13,0.794511,0.339789,0.453783
KCRDK,61,40,1,0.166801,0.039656,0.066641
BA,61,40,2,0.076945,0.006737,0.070126
KCRDK,61,40,1,0.163249,0.038751,0.064627
BA,61,40,12,0.68305,0.266279,0.415893
KCRDK,61,40,1,0.167393,0.039303,0.067699
BA,61,40,14,0.881177,0.38422,0.495883
KCRDK,61,40,1,0.165132,0.038911,0.066817
BA,61,40,12,0.735476,0.31709,0.417543
KCRDK,61,40,1,0.166048,0.03911,0.067237
BA,61,40,18,1.43406,0.809408,0.623279
KCRDK,61,40,1,0.164672,0.038796,0.066146
BA,61,40,2,0.076478,0.006637,0.06976
KCRDK,61,40,1,0.162685,0.038868,0.063817
BA,61,60,3,0.123182,0.016215,0.106829
KCRDK,61,60,1,0.163237,0.038982,0.064461
BA,61,60,13,0.806277,0.354774,0.450646
KCRDK,61,60,1,0.16681,0.040169,0.066387
BA,61,60,11,0.612459,0.231706,0.379988
KCRDK,61,60,1,0.164242,0.039017,0.06595
BA,61,60,10,0.515555,0.166588,0.348214
KCRDK,61,60,1,0.166488,0.039602,0.066967
BA,61,60,3,0.122663,0.015962,0.106538
KCRDK,61,60,2,0.268334,0.058313,0.099903
BA,61,60,3,0.123284,0.015776,0.107342
KCRDK,61,60,1,0.163225,0.038664,0.064373
BA,61,60,6,0.27394,0.061613,0.211942
KCRDK,61,60,1,0.166775,0.039851,0.066844
BA,61,60,4,0.171074,0.029976,0.14087
KCRDK,61,60,2,0.268023,0.058346,0.099971
BA,61,60,10,0.538801,0.184069,0.354013
KCRDK,61,60,1,0.167585,0.03971,0.067048
BA,61,60,10,0.574238,0.218007,0.35548
KCRDK,61,60,1,0.166894,0.038932,0.067247
BA,61,80,6,0.26883,0.057274,0.211149
KCRDK,61,80,5,0.600486,0.122857,0.214021
BA,61,80,2,0.079643,0.006216,0.073356
KCRDK,61,80,1,0.16546,0.039225,0.065517
BA,61,80,10,0.54028,0.17841,0.361152
KCRDK,61,80,2,0.272969,0.058775,0.102178
BA,61,80,16,1.18424,0.60775,0.575331
KCRDK,61,80,1,0.170547,0.039755,0.069251
BA,61,80,3,0.123847,0.014818,0.108866
KCRDK,61,80,2,0.271935,0.05939,0.101814
BA,61,80,3,0.126378,0.015412,0.110803
KCRDK,61,80,2,0.272237,0.058182,0.102831
BA,61,80,3,0.126356,0.017757,0.108445
KCRDK,61,80,1,0.166529,0.038941,0.066643
BA,61,80,11,0.637489,0.242965,0.393719
KCRDK,61,80,1,0.168859,0.040054,0.067729
BA,61,80,4,0.167596,0.026357,0.141012
KCRDK,61,80,6,0.698118,0.136748,0.248731
BA,61,80,7,0.353039,0.099086,0.253483
KCRDK,61,80,1,0.163259,0.038734,0.06461
BA,61,100,17,1.3047,0.716622,0.586852
KCRDK,61,100,1,0.1677,0.039268,0.067803
BA,61,100,16,1.14696,0.591441,0.554215
KCRDK,61,100,1,0.170669,0.039131,0.072076
BA,61,100,12,0.702811,0.275123,0.426849
KCRDK,61,100,1,0.167227,0.039553,0.067027
BA,61,100,7,0.351608,0.095779,0.255384
KCRDK,61,100,1,0.16487,0.039259,0.064691
BA,61,100,14,0.910162,0.416405,0.492685
KCRDK,61,100,1,0.168105,0.039496,0.067258
BA,61,100,11,0.660633,0.268115,0.391733
KCRDK,61,100,1,0.165803,0.039331,0.066655
BA,61,100,13,0.795439,0.345023,0.44951
KCRDK,61,100,1,0.165477,0.039661,0.066105
BA,61,100,8,0.40052,0.118973,0.280997
KCRDK,61,100,1,0.163721,0.038483,0.065215
BA,61,100,2,0.076237,0.007198,0.068942
KCRDK,61,100,1,0.164272,0.03883,0.064561
BA,61,100,4,0.16936,0.026487,0.142627
KCRDK,61,100,2,0.273343,0.059443,0.102103
BA,71,0,4,0.22229,0.024046,0.198006
KCRDK,71,0,2,0.36994,0.075709,0.136963
BA,71,0,3,0.157337,0.015185,0.141982
KCRDK,71,0,1,0.224758,0.050387,0.086621
BA,71,0,4,0.21571,0.02629,0.189183
KCRDK,71,0,2,0.369682,0.076292,0.137912
BA,71,0,12,0.872631,0.305099,0.566662
KCRDK,71,0,1,0.228756,0.051145,0.090346
BA,71,0,3,0.156459,0.014425,0.141872
KCRDK,71,0,2,0.362204,0.075995,0.132935
BA,71,0,7,0.409169,0.08481,0.32389
KCRDK,71,0,1,0.224407,0.050423,0.08685
BA,71,0,3,0.153913,0.014766,0.13901
KCRDK,71,0,1,0.222024,0.050171,0.085515
BA,71,0,3,0.154952,0.015343,0.139473
KCRDK,71,0,1,0.224359,0.050841,0.086057
BA,71,0,10,0.647851,0.181713,0.465487
KCRDK,71,0,1,0.225828,0.050255,0.087188
BA,71,0,6,0.341959,0.061778,0.27978
KCRDK,71,0,1,0.223405,0.050076,0.086501
BA,71,20,15,1.16583,0.474949,0.689794
KCRDK,71,20,1,0.225487,0.050252,0.08879
BA,71,20,3,0.153945,0.014735,0.139028
KCRDK,71,20,1,0.224173,0.050983,0.085621
BA,71,20,8,0.490744,0.115393,0.374828
KCRDK,71,20,6,0.932287,0.181367,0.326634
BA,71,20,9,0.573742,0.153099,0.420025
KCRDK,71,20,1,0.224686,0.050561,0.087254
BA,71,20,3,0.15725,0.01538,0.141718
KCRDK,71,20,1,0.225468,0.049937,0.087873
BA,71,20,3,0.1545,0.015051,0.139291
KCRDK,71,20,2,0.367823,0.075669,0.135408
BA,71,20,14,1.08557,0.430102,0.654426
KCRDK,71,20,1,0.226882,0.051647,0.087546
BA,71,20,12,0.880985,0.314723,0.56541
KCRDK,71,20,1,0.229206,0.050772,0.089284
BA,71,20,2,0.10378,0.007911,0.095796
KCRDK,71,20,1,0.226984,0.050151,0.088068
BA,71,20,11,0.773093,0.251203,0.521138
KCRDK,71,20,1,0.229614,0.052154,0.088536
BA,71,40,18,1.66706,0.820547,0.845168
KCRDK,71,40,1,0.225963,0.051094,0.08791
BA,71,40,3,0.155771,0.015442,0.140187
KCRDK,71,40,1,0.226611,0.050007,0.087854
BA,71,40,18,1.7241,0.874705,0.848021
KCRDK,71,40,1,0.227264,0.05058,0.088182
BA,71,40,19,1.89267,0.989499,0.901718
KCRDK,71,40,1,0.230307,0.051067,0.088996
BA,71,40,3,0.161295,0.015531,0.145627
KCRDK,71,40,2,0.368268,0.076184,0.135298
BA,71,40,8,0.49194,0.116232,0.375175
KCRDK,71,40,1,0.230119,0.052365,0.089897
BA,71,40,3,0.160063,0.016981,0.142941
KCRDK,71,40,1,0.225838,0.050204,0.086516
BA,71,40,3,0.155497,0.014623,0.140735
KCRDK,71,40,1,0.227265,0.051061,0.086703
BA,71,40,13,0.95424,0.345437,0.607876
KCRDK,71,40,1,0.227959,0.050911,0.089246
BA,71,40,2,0.104188,0.008018,0.0961
KCRDK,71,40,1,0.223749,0.049887,0.086289
BA,71,60,3,0.154283,0.015628,0.138518
KCRDK,71,60,2,0.363437,0.075497,0.133635
BA,71,60,3,0.157756,0.016718,0.140896
KCRDK,71,60,2,0.368826,0.075821,0.136004
BA,71,60,17,1.51538,0.712553,0.801589
KCRDK,71,60,1,0.22665,0.050802,0.0886
BA,71,60,12,0.844918,0.292092,0.552011
KCRDK,71,60,1,0.226192,0.050558,0.08795
BA,71,60,3,0.153252,0.013717,0.139399
KCRDK,71,60,1,0.223626,0.049949,0.085912
BA,71,60,4,0.271988,0.033419,0.238252
KCRDK,71,60,4,0.651158,0.127669,0.234112
BA,71,60,3,0.155984,0.014188,0.14166
KCRDK,71,60,1,0.225083,0.049916,0.087244
BA,71,60,12,0.882705,0.304669,0.577183
KCRDK,71,60,11,1.66444,0.31447,0.574234
BA,71,60,2,0.102688,0.007288,0.095329
KCRDK,71,60,1,0.225665,0.05144,0.086803
BA,71,60,12,0.848395,0.277622,0.569916
KCRDK,71,60,1,0.225638,0.05058,0.088434
BA,71,80,2,0.103649,0.008232,0.095345
KCRDK,71,80,1,0.223448,0.049975,0.086009
BA,71,80,3,0.155839,0.014956,0.140735
KCRDK,71,80,1,0.222178,0.049503,0.085886
BA,71,80,18,1.65112,0.820936,0.828804
KCRDK,71,80,1,0.226778,0.050233,0.088733
BA,71,80,14,1.12392,0.471707,0.651184
KCRDK,71,80,1,0.226379,0.050697,0.089199
BA,71,80,7,0.408253,0.08424,0.323536
KCRDK,71,80,1,0.224248,0.050377,0.086422
BA,71,80,16,1.39168,0.650636,0.739892
KCRDK,71,80,1,0.225043,0.050919,0.087756
BA,71,80,20,2.01004,1.07556,0.933014
KCRDK,71,80,1,0.231108,0.052654,0.090497
BA,71,80,5,0.276365,0.040194,0.235846
KCRDK,71,80,2,0.368507,0.077551,0.135843
BA,71,80,14,1.08596,0.427963,0.656984
KCRDK,71,80,1,0.22729,0.050927,0.088652
BA,71,80,12,0.887123,0.319323,0.566942
KCRDK,71,80,1,0.228941,0.051312,0.088188
BA,71,100,13,0.968649,0.36003,0.607685
KCRDK,71,100,1,0.227833,0.051065,0.088372
BA,71,100,2,0.102232,0.006869,0.095284
KCRDK,71,100,1,0.230284,0.054299,0.088894
BA,71,100,3,0.155072,0.01485,0.140088
KCRDK,71,100,1,0.22694,0.051008,0.087209
BA,71,100,2,0.102984,0.008035,0.094868
KCRDK,71,100,1,0.224082,0.04971,0.087006
BA,71,100,16,1.38405,0.628551,0.754213
KCRDK,71,100,1,0.227203,0.050737,0.089585
BA,71,100,4,0.21974,0.028821,0.190715
KCRDK,71,100,2,0.370235,0.076681,0.137601
BA,71,100,14,1.14448,0.483707,0.659656
KCRDK,71,100,1,0.231375,0.052344,0.089905
BA,71,100,3,0.16026,0.016228,0.143884
KCRDK,71,100,1,0.225687,0.050428,0.086833
BA,71,100,11,0.789786,0.270213,0.518766
KCRDK,71,100,1,0.225218,0.051154,0.087472
BA,71,100,4,0.211502,0.025488,0.185798
KCRDK,71,100,2,0.362229,0.075187,0.132794
BA,81,0,11,0.890903,0.229808,0.660352
KCRDK,81,0,1,0.299534,0.064284,0.114417
BA,81,0,7,0.506675,0.084876,0.421346
KCRDK,81,0,3,0.664563,0.129478,0.238601
BA,81,0,2,0.127824,0.006749,0.121005
KCRDK,81,0,1,0.289765,0.063307,0.112547
BA,81,0,9,0.700514,0.15644,0.543431
KCRDK,81,0,1,0.291491,0.063949,0.114098
BA,81,0,11,0.922848,0.251885,0.670196
KCRDK,81,0,1,0.294111,0.06396,0.115288
BA,81,0,2,0.132293,0.0079,0.124323
KCRDK,81,0,1,0.288269,0.06445,0.110768
BA,81,0,5,0.347908,0.043297,0.304313
KCRDK,81,0,4,0.836431,0.160653,0.299581
BA,81,0,2,0.129928,0.008027,0.121827
KCRDK,81,0,1,0.287395,0.062625,0.111512
BA,81,0,17,1.75363,0.719091,1.03319
KCRDK,81,0,1,0.291603,0.063718,0.11442
BA,81,0,13,1.15372,0.364923,0.787867
KCRDK,81,0,1,0.292421,0.064003,0.113725
BA,81,20,23,3.33405,1.93103,1.40131
KCRDK,81,20,1,0.291535,0.06486,0.113912
BA,81,20,16,1.55089,0.582643,0.967105
KCRDK,81,20,1,0.290748,0.06286,0.115084
BA,81,20,8,0.591212,0.108065,0.482616
KCRDK,81,20,2,0.509975,0.104982,0.187567
BA,81,20,11,0.947238,0.239659,0.706841
KCRDK,81,20,1,0.294808,0.064063,0.115675
BA,81,20,12,1.0101,0.279117,0.730164
KCRDK,81,20,1,0.302531,0.068055,0.1181
BA,81,20,3,0.193428,0.013396,0.179887
KCRDK,81,20,1,0.301135,0.065523,0.119062
BA,81,20,9,0.734913,0.149102,0.585172
KCRDK,81,20,1,0.295422,0.06553,0.113995
BA,81,20,9,0.703648,0.162911,0.540045
KCRDK,81,20,1,0.33718,0.072845,0.141255
BA,81,20,12,1.00358,0.260919,0.741865
KCRDK,81,20,1,0.30411,0.068021,0.114956
BA,81,20,2,0.178274,0.010697,0.167444
KCRDK,81,20,1,0.305984,0.064121,0.129206
BA,81,40,17,1.89787,0.79849,1.09808
KCRDK,81,40,1,0.344067,0.071806,0.129419
BA,81,40,4,0.270321,0.024014,0.246093
KCRDK,81,40,2,0.507831,0.113747,0.183123
BA,81,40,4,0.270372,0.026204,0.243913
KCRDK,81,40,2,0.533431,0.107207,0.197186
BA,81,40,4,0.29542,0.026743,0.268382
KCRDK,81,40,2,0.589486,0.118587,0.226068
BA,81,40,2,0.126704,0.006733,0.119879
KCRDK,81,40,1,0.28854,0.065368,0.109799
BA,81,40,5,0.3329,0.037726,0.294864
KCRDK,81,40,2,0.484513,0.098888,0.177265
BA,81,40,2,0.130016,0.007122,0.122794
KCRDK,81,40,1,0.38136,0.079598,0.144696
BA,81,40,13,1.24785,0.386219,0.860449
KCRDK,81,40,1,0.350347,0.073444,0.123869
BA,81,40,3,0.194527,0.013125,0.181266
KCRDK,81,40,1,0.305887,0.069164,0.116737
BA,81,40,2,0.251968,0.010566,0.241125
KCRDK,81,40,1,0.462718,0.088428,0.178802
BA,81,60,12,1.64299,0.497649,1.14395
KCRDK,81,60,1,0.468239,0.106348,0.177566
BA,81,60,16,2.02963,0.78089,1.24728
KCRDK,81,60,1,0.30226,0.065666,0.119691
BA,81,60,9,1.20251,0.295465,0.904971
KCRDK,81,60,1,0.310988,0.071407,0.117997
BA,81,60,16,1.58985,0.609013,0.979693
KCRDK,81,60,1,0.333838,0.070495,0.139904
BA,81,60,4,0.331648,0.030366,0.300943
KCRDK,81,60,1,0.300443,0.063845,0.119338
BA,81,60,10,0.951423,0.260492,0.689982
KCRDK,81,60,1,0.290432,0.065238,0.112333
BA,81,60,14,1.47126,0.521282,0.948697
KCRDK,81,60,1,0.379214,0.088645,0.157878
BA,81,60,2,0.169963,0.011882,0.157929
KCRDK,81,60,1,0.354754,0.084135,0.144585
BA,81,60,12,1.37951,0.380521,0.997758
KCRDK,81,60,1,0.288903,0.063752,0.112386
BA,81,60,2,0.126516,0.006625,0.119818
KCRDK,81,60,1,0.468616,0.108745,0.184564
BA,81,80,3,0.194238,0.014947,0.179132
KCRDK,81,80,1,0.44471,0.108167,0.156562
BA,81,80,3,0.242151,0.020821,0.221129
KCRDK,81,80,2,0.621083,0.122779,0.220178
BA,81,80,4,0.26533,0.024052,0.241064
KCRDK,81,80,2,0.476294,0.097845,0.176878
BA,81,80,2,0.139135,0.008318,0.130739
KCRDK,81,80,1,0.39481,0.083619,0.145201
BA,81,80,2,0.128548,0.00833,0.120128
KCRDK,81,80,1,0.284399,0.062576,0.109817
BA,81,80,4,0.319299,0.030404,0.288608
KCRDK,81,80,3,0.64314,0.126452,0.232543
BA,81,80,12,1.05785,0.325264,0.731489
KCRDK,81,80,1,0.288476,0.06368,0.112626
BA,81,80,15,1.43071,0.531475,0.898109
KCRDK,81,80,1,0.288193,0.063404,0.112608
BA,81,80,11,0.872606,0.217578,0.654291
KCRDK,81,80,10,2.44649,0.460409,0.854062
BA,81,80,2,0.154198,0.007018,0.147109
KCRDK,81,80,1,0.473406,0.101902,0.208325
BA,81,100,2,0.15137,0.007141,0.144129
KCRDK,81,100,1,0.300478,0.064887,0.114046
BA,81,100,16,1.85228,0.719582,1.1313
KCRDK,81,100,1,0.290327,0.063544,0.114928
BA,81,100,3,0.195182,0.016139,0.1789
KCRDK,81,100,1,0.284551,0.062445,0.1101
BA,81,100,4,0.265328,0.026141,0.238978
KCRDK,81,100,2,0.469927,0.094749,0.174604
BA,81,100,5,0.348235,0.042384,0.305529
KCRDK,81,100,1,0.288587,0.063647,0.11223
BA,81,100,4,0.266306,0.025314,0.240757
KCRDK,81,100,2,0.466171,0.094846,0.172993
BA,81,100,9,0.687479,0.153256,0.533609
KCRDK,81,100,1,0.287617,0.063176,0.112358
BA,81,100,2,0.129717,0.008047,0.121596
KCRDK,81,100,1,0.285051,0.062573,0.110404
BA,81,100,3,0.193883,0.014677,0.179063
KCRDK,81,100,2,0.473482,0.095997,0.175217
BA,81,100,10,0.778507,0.170817,0.607001
KCRDK,81,100,1,0.415046,0.098018,0.149189
BA,91,0,4,0.332188,0.031422,0.300536
KCRDK,91,0,2,0.591187,0.116582,0.21825
BA,91,0,8,0.704742,0.114884,0.589361
KCRDK,91,0,1,0.357733,0.077641,0.13972
BA,91,0,3,0.240769,0.015746,0.22486
KCRDK,91,0,2,0.726039,0.140281,0.254957
BA,91,0,3,0.241702,0.015306,0.226251
KCRDK,91,0,1,0.35997,0.077942,0.139367
BA,91,0,17,2.01096,0.727513,1.28219
KCRDK,91,0,1,0.370577,0.077579,0.14366
BA,91,0,13,1.424,0.399174,1.02386
KCRDK,91,0,1,0.372601,0.078902,0.142544
BA,91,0,12,1.19065,0.290592,0.899166
KCRDK,91,0,1,0.368715,0.078004,0.141696
BA,91,0,8,0.709619,0.105283,0.603774
KCRDK,91,0,1,0.366091,0.077382,0.14121
BA,91,0,13,1.31234,0.347682,0.963736
KCRDK,91,0,1,0.392109,0.078531,0.166729
BA,91,0,5,0.411059,0.041166,0.369581
KCRDK,91,0,2,0.597367,0.116687,0.218502
BA,91,20,18,2.28305,0.925444,1.35628
KCRDK,91,20,1,0.367538,0.078565,0.144377
BA,91,20,2,0.158472,0.007417,0.150942
KCRDK,91,20,1,0.363999,0.077716,0.138353
BA,91,20,10,0.935353,0.193002,0.741659
KCRDK,91,20,1,0.362793,0.077161,0.138384
BA,91,20,14,1.42847,0.387412,1.04004
KCRDK,91,20,1,0.373813,0.078522,0.143232
BA,91,20,4,0.336809,0.029773,0.306829
KCRDK,91,20,1,0.369344,0.078268,0.140924
BA,91,20,3,0.244182,0.015926,0.228119
KCRDK,91,20,1,0.367691,0.078644,0.139183
BA,91,20,18,2.06612,0.704893,1.35986
KCRDK,91,20,1,0.374814,0.078168,0.144334
BA,91,20,5,0.421299,0.042847,0.378105
KCRDK,91,20,2,0.596932,0.118113,0.218106
BA,91,20,11,1.0643,0.229612,0.833921
KCRDK,91,20,1,0.365392,0.079473,0.142671
BA,91,20,4,0.32941,0.023764,0.305411
KCRDK,91,20,2,0.590355,0.117108,0.21623
BA,91,40,8,0.698605,0.105654,0.592447
KCRDK,91,40,1,0.358169,0.077523,0.140074
BA,91,40,4,0.324512,0.025395,0.298877
KCRDK,91,40,2,0.587024,0.115634,0.215745
BA,91,40,12,1.18259,0.288722,0.893008
KCRDK,91,40,1,0.359741,0.077927,0.140813
BA,91,40,4,0.325256,0.025712,0.29932
KCRDK,91,40,2,0.591061,0.116178,0.217364
BA,91,40,9,0.813012,0.144399,0.667945
KCRDK,91,40,1,0.359306,0.077628,0.140182
BA,91,40,2,0.157773,0.00693,0.150758
KCRDK,91,40,1,0.362743,0.07661,0.138056
BA,91,40,2,0.156655,0.008255,0.148314
KCRDK,91,40,1,0.363889,0.077841,0.138321
BA,91,40,5,0.411875,0.041139,0.370436
KCRDK,91,40,2,0.603523,0.119937,0.220128
BA,91,40,2,0.159332,0.008226,0.15097
KCRDK,91,40,1,0.347155,0.075818,0.138277
BA,91,40,14,1.46415,0.401983,1.06116
KCRDK,91,40,1,0.368761,0.078049,0.141322
BA,91,60,2,0.159365,0.006983,0.152296
KCRDK,91,60,1,0.36484,0.077268,0.13831
BA,91,60,2,0.160226,0.008345,0.151758
KCRDK,91,60,1,0.367132,0.07749,0.139803
BA,91,60,4,0.328737,0.024961,0.303502
KCRDK,91,60,5,1.31441,0.244104,0.458362
BA,91,60,2,0.206661,0.013001,0.193514
KCRDK,91,60,1,0.367947,0.076806,0.140993
BA,91,60,3,0.289043,0.016778,0.272061
KCRDK,91,60,2,0.595554,0.117898,0.218037
BA,91,60,10,0.952192,0.175062,0.776399
KCRDK,91,60,1,0.3576,0.078116,0.139993
BA,91,60,19,2.40433,0.991872,1.41095
KCRDK,91,60,1,0.358818,0.077373,0.136149
BA,91,60,3,0.241026,0.014755,0.226125
KCRDK,91,60,1,0.370955,0.080088,0.140926
BA,91,60,2,0.158541,0.007855,0.150614
KCRDK,91,60,1,0.378443,0.07896,0.148533
BA,91,60,2,0.309117,0.014608,0.294376
KCRDK,91,60,1,0.385679,0.077148,0.16095
BA,91,80,20,3.26318,1.46541,1.79582
KCRDK,91,80,1,0.367872,0.077799,0.142249
BA,91,80,2,0.157195,0.006782,0.150339
KCRDK,91,80,1,0.389167,0.077424,0.162704
BA,91,80,14,1.72867,0.492382,1.23506
KCRDK,91,80,1,0.429032,0.105587,0.155796
BA,91,80,3,0.393284,0.029331,0.363589
KCRDK,91,80,1,0.371545,0.079697,0.138699
BA,91,80,15,2.07053,0.663377,1.40545
KCRDK,91,80,1,0.503906,0.094499,0.207405
BA,91,80,4,0.580646,0.04146,0.538659
KCRDK,91,80,2,0.626193,0.124069,0.221952
BA,91,80,3,0.245357,0.013982,0.231236
KCRDK,91,80,1,0.456589,0.118994,0.186409
BA,91,80,4,0.402208,0.03151,0.370453
KCRDK,91,80,1,0.591366,0.135758,0.231367
BA,91,80,3,0.400926,0.02927,0.371389
KCRDK,91,80,2,0.784605,0.168361,0.301934
BA,91,80,13,1.4596,0.408897,1.04959
KCRDK,91,80,1,0.370776,0.082715,0.145886
BA,91,100,2,0.15892,0.007136,0.151692
KCRDK,91,100,1,0.360616,0.076504,0.137484
BA,91,100,13,1.29969,0.337858,0.960876
KCRDK,91,100,1,0.3691,0.079566,0.142011
BA,91,100,4,0.343282,0.029794,0.313193
KCRDK,91,100,2,0.610474,0.118364,0.223539
BA,91,100,13,1.31932,0.351824,0.96649
KCRDK,91,100,1,0.381633,0.081367,0.149472
BA,91,100,2,0.156199,0.006952,0.149174
KCRDK,91,100,1,0.367427,0.079077,0.139417
BA,91,100,2,0.159546,0.006498,0.152975
KCRDK,91,100,1,0.388539,0.090663,0.137366
BA,91,100,6,0.505342,0.06043,0.444467
KCRDK,91,100,4,1.04751,0.197484,0.373875
BA,91,100,16,1.86286,0.653269,1.2084
KCRDK,91,100,1,0.361712,0.078221,0.14273
BA,91,100,3,0.237857,0.015123,0.222563
KCRDK,91,100,1,0.460299,0.10299,0.197202
BA,91,100,10,0.927157,0.187668,0.738781
KCRDK,91,100,1,0.365163,0.078259,0.140155
